product_id,category_id,supplier_id,price,category_name,country
1,9,135,3987,Cat_9,China
2,18,194,4412,Cat_18,China
3,23,118,3548,Cat_23,USA
4,19,139,1971,Cat_19,China
5,10,115,4495,Cat_10,China
6,17,53,2634,Cat_17,USA
7,8,160,3028,Cat_8,USA
8,30,21,3686,Cat_30,India
9,29,74,1844,Cat_29,USA
10,29,77,316,Cat_29,India
11,9,61,564,Cat_9,China
12,14,146,3422,Cat_14,USA
13,30,17,1910,Cat_30,India
14,10,187,2403,Cat_10,India
15,19,145,3155,Cat_19,India
16,10,122,3332,Cat_10,India
17,15,124,1578,Cat_15,India
18,7,42,4115,Cat_7,China
19,8,63,935,Cat_8,USA
20,27,114,616,Cat_27,USA
21,6,33,3951,Cat_6,India
22,10,140,2753,Cat_10,India
23,19,46,1674,Cat_19,India
24,18,187,1200,Cat_18,India
25,18,191,2946,Cat_18,China
26,18,159,4386,Cat_18,India
27,16,168,1145,Cat_16,China
28,9,95,4567,Cat_9,China
29,18,157,3423,Cat_18,USA
30,1,114,4207,Cat_1,USA
31,4,44,1326,Cat_4,China
32,17,56,2718,Cat_17,India
33,9,118,1881,Cat_9,USA
34,24,47,4761,Cat_24,India
35,5,57,2971,Cat_5,USA
36,8,74,680,Cat_8,USA
37,12,73,1305,Cat_12,China
38,19,155,2018,Cat_19,India
39,12,181,3121,Cat_12,India
40,20,192,3067,Cat_20,USA
41,1,77,118,Cat_1,India
42,8,128,2564,Cat_8,China
43,21,45,2293,Cat_21,India
44,1,11,711,Cat_1,China
45,23,130,3298,Cat_23,USA
46,9,60,4651,Cat_9,USA
47,26,47,2234,Cat_26,India
48,1,162,4044,Cat_1,China
49,6,110,3609,Cat_6,India
50,14,133,3724,Cat_14,India
51,20,91,150,Cat_20,India
52,11,71,1125,Cat_11,USA
53,26,99,751,Cat_26,USA
54,5,31,2887,Cat_5,China
55,2,65,4910,Cat_2,USA
56,26,198,3707,Cat_26,China
57,28,190,1617,Cat_28,China
58,6,167,1577,Cat_6,China
59,8,84,1415,Cat_8,China
60,20,107,3539,Cat_20,China
61,2,8,1894,Cat_2,USA
62,10,134,1950,Cat_10,India
63,22,47,3639,Cat_22,India
64,22,52,148,Cat_22,India
65,4,72,3368,Cat_4,China
66,22,42,2834,Cat_22,China
67,19,76,4948,Cat_19,USA
68,1,126,1875,Cat_1,USA
69,13,151,1011,Cat_13,India
70,8,35,2792,Cat_8,China
71,8,62,347,Cat_8,USA
72,5,67,3632,Cat_5,China
73,15,143,3716,Cat_15,USA
74,13,34,3001,Cat_13,India
75,8,141,3959,Cat_8,China
76,1,189,4134,Cat_1,USA
77,13,148,4995,Cat_13,China
78,4,52,3020,Cat_4,India
79,24,93,3851,Cat_24,USA
80,13,171,1348,Cat_13,China
81,22,158,637,Cat_22,China
82,20,88,666,Cat_20,India
83,11,4,2740,Cat_11,USA
84,11,148,1227,Cat_11,China
85,20,131,3381,Cat_20,China
86,11,142,3753,Cat_11,USA
87,4,105,1205,Cat_4,India
88,22,103,4946,Cat_22,USA
89,3,13,1185,Cat_3,USA
90,3,193,2538,Cat_3,China
91,29,91,3663,Cat_29,India
92,27,53,4799,Cat_27,USA
93,18,74,3030,Cat_18,USA
94,12,90,2020,Cat_12,China
95,21,180,4965,Cat_21,USA
96,10,137,4011,Cat_10,USA
97,3,98,2637,Cat_3,USA
98,26,159,414,Cat_26,India
99,10,34,2489,Cat_10,India
100,22,191,4865,Cat_22,China
101,16,130,2972,Cat_16,USA
102,14,147,2083,Cat_14,China
103,29,89,642,Cat_29,USA
104,9,151,1711,Cat_9,India
105,6,183,4868,Cat_6,USA
106,17,192,3512,Cat_17,USA
107,14,140,2729,Cat_14,India
108,25,76,3296,Cat_25,USA
109,4,164,951,Cat_4,China
110,1,165,4299,Cat_1,USA
111,5,3,933,Cat_5,India
112,23,87,4411,Cat_23,India
113,19,150,3582,Cat_19,USA
114,5,107,303,Cat_5,China
115,25,11,1595,Cat_25,China
116,2,189,3090,Cat_2,USA
117,15,91,3857,Cat_15,India
118,21,35,3489,Cat_21,China
119,3,97,2106,Cat_3,USA
120,22,86,1558,Cat_22,USA
121,29,38,2094,Cat_29,China
122,20,9,1063,Cat_20,USA
123,15,13,2255,Cat_15,USA
124,19,142,3695,Cat_19,USA
125,16,49,3389,Cat_16,India
126,29,1,3325,Cat_29,India
127,16,134,4857,Cat_16,India
128,24,67,3151,Cat_24,China
129,18,29,2755,Cat_18,India
130,14,141,4984,Cat_14,China
131,19,107,1046,Cat_19,China
132,25,30,2326,Cat_25,India
133,16,43,3341,Cat_16,USA
134,26,57,3218,Cat_26,USA
135,27,122,4846,Cat_27,India
136,4,1,4524,Cat_4,India
137,19,21,693,Cat_19,India
138,17,125,188,Cat_17,China
139,30,65,4819,Cat_30,USA
140,17,180,1299,Cat_17,USA
141,1,159,2517,Cat_1,India
142,9,167,848,Cat_9,China
143,30,117,4911,Cat_30,USA
144,7,155,3689,Cat_7,India
145,5,22,872,Cat_5,India
146,28,167,315,Cat_28,China
147,20,89,747,Cat_20,USA
148,18,119,129,Cat_18,China
149,28,193,2420,Cat_28,China
150,14,32,3194,Cat_14,China
151,27,179,304,Cat_27,India
152,9,158,2249,Cat_9,China
153,20,185,3363,Cat_20,USA
154,30,74,713,Cat_30,USA
155,8,6,337,Cat_8,India
156,17,11,817,Cat_17,China
157,23,67,779,Cat_23,China
158,11,77,1863,Cat_11,India
159,14,82,146,Cat_14,USA
160,20,36,4254,Cat_20,India
161,11,74,2347,Cat_11,USA
162,16,10,4013,Cat_16,USA
163,29,133,2041,Cat_29,India
164,11,106,407,Cat_11,China
165,4,180,4988,Cat_4,USA
166,18,158,3258,Cat_18,China
167,9,24,3855,Cat_9,USA
168,9,45,1444,Cat_9,India
169,18,146,647,Cat_18,USA
170,21,158,1530,Cat_21,China
171,8,81,1202,Cat_8,USA
172,5,115,4103,Cat_5,China
173,22,44,3680,Cat_22,China
174,17,16,2567,Cat_17,India
175,11,113,1931,Cat_11,India
176,2,172,922,Cat_2,USA
177,20,155,3075,Cat_20,India
178,2,100,2915,Cat_2,USA
179,27,160,3640,Cat_27,USA
180,3,131,3949,Cat_3,China
181,15,171,4707,Cat_15,China
182,26,173,3490,Cat_26,USA
183,5,200,2219,Cat_5,India
184,30,152,2252,Cat_30,India
185,15,92,4450,Cat_15,USA
186,5,185,1674,Cat_5,USA
187,2,19,2548,Cat_2,India
188,17,169,2171,Cat_17,India
189,13,6,3896,Cat_13,India
190,15,198,1211,Cat_15,China
191,19,49,4725,Cat_19,India
192,20,34,294,Cat_20,India
193,10,119,3457,Cat_10,China
194,21,156,3830,Cat_21,USA
195,9,195,1893,Cat_9,USA
196,1,37,2514,Cat_1,China
197,4,142,4173,Cat_4,USA
198,4,91,4420,Cat_4,India
199,6,74,1233,Cat_6,USA
200,26,114,3340,Cat_26,USA
201,3,75,1001,Cat_3,India
202,3,34,2580,Cat_3,India
203,4,48,596,Cat_4,China
204,29,9,2232,Cat_29,USA
205,2,25,1828,Cat_2,India
206,22,130,2054,Cat_22,USA
207,27,127,2841,Cat_27,USA
208,9,172,1700,Cat_9,USA
209,3,11,2405,Cat_3,China
210,5,149,637,Cat_5,China
211,29,1,789,Cat_29,India
212,24,5,2346,Cat_24,China
213,12,159,1202,Cat_12,India
214,10,127,2622,Cat_10,USA
215,8,200,3548,Cat_8,India
216,13,2,4348,Cat_13,India
217,28,90,2260,Cat_28,China
218,18,1,1144,Cat_18,India
219,16,178,242,Cat_16,USA
220,2,131,3765,Cat_2,China
221,23,150,1438,Cat_23,USA
222,15,182,3850,Cat_15,India
223,19,106,758,Cat_19,China
224,20,46,4994,Cat_20,India
225,23,66,1344,Cat_23,USA
226,22,82,1254,Cat_22,USA
227,23,102,1984,Cat_23,USA
228,7,44,1520,Cat_7,China
229,10,89,1270,Cat_10,USA
230,26,27,1247,Cat_26,China
231,4,132,979,Cat_4,China
232,2,10,325,Cat_2,USA
233,16,190,4691,Cat_16,China
234,27,53,749,Cat_27,USA
235,20,170,4308,Cat_20,USA
236,13,54,2830,Cat_13,USA
237,3,112,185,Cat_3,China
238,11,56,1795,Cat_11,India
239,7,103,4825,Cat_7,USA
240,28,155,3743,Cat_28,India
241,1,189,799,Cat_1,USA
242,5,157,515,Cat_5,USA
243,10,91,4140,Cat_10,India
244,1,138,1934,Cat_1,India
245,15,63,1502,Cat_15,USA
246,12,31,3705,Cat_12,China
247,16,94,465,Cat_16,India
248,15,70,3542,Cat_15,India
249,30,33,4738,Cat_30,India
250,16,188,1863,Cat_16,China
251,22,41,4452,Cat_22,India
252,30,131,1538,Cat_30,China
253,8,16,354,Cat_8,India
254,19,140,1282,Cat_19,India
255,19,169,947,Cat_19,India
256,4,181,2450,Cat_4,India
257,3,186,1602,Cat_3,India
258,1,57,2220,Cat_1,USA
259,14,183,889,Cat_14,USA
260,23,167,2536,Cat_23,China
261,3,62,704,Cat_3,USA
262,21,103,3136,Cat_21,USA
263,7,90,1531,Cat_7,China
264,5,60,3060,Cat_5,USA
265,13,3,4466,Cat_13,India
266,24,4,3378,Cat_24,USA
267,22,196,3189,Cat_22,India
268,4,5,3319,Cat_4,China
269,12,137,4020,Cat_12,USA
270,15,163,1010,Cat_15,China
271,12,173,4601,Cat_12,USA
272,10,92,4831,Cat_10,USA
273,27,164,4148,Cat_27,China
274,24,89,2849,Cat_24,USA
275,26,90,1161,Cat_26,China
276,23,41,3082,Cat_23,India
277,3,33,1803,Cat_3,India
278,18,40,1683,Cat_18,USA
279,1,170,3713,Cat_1,USA
280,11,71,4843,Cat_11,USA
281,3,86,1227,Cat_3,USA
282,27,198,294,Cat_27,China
283,2,1,303,Cat_2,India
284,5,194,4099,Cat_5,China
285,3,181,519,Cat_3,India
286,17,76,3194,Cat_17,USA
287,30,49,4636,Cat_30,India
288,14,163,1693,Cat_14,China
289,25,160,3989,Cat_25,USA
290,2,197,771,Cat_2,USA
291,4,127,2699,Cat_4,USA
292,12,69,352,Cat_12,China
293,16,138,4689,Cat_16,India
294,22,95,3757,Cat_22,China
295,17,138,4892,Cat_17,India
296,27,128,3874,Cat_27,China
297,4,62,1779,Cat_4,USA
298,15,18,3356,Cat_15,USA
299,15,153,2134,Cat_15,USA
300,11,168,478,Cat_11,China
301,27,60,1623,Cat_27,USA
302,4,36,4435,Cat_4,India
303,8,21,3261,Cat_8,India
304,26,24,1402,Cat_26,USA
305,23,194,241,Cat_23,China
306,21,91,3984,Cat_21,India
307,26,184,218,Cat_26,USA
308,3,40,4276,Cat_3,USA
309,2,121,2639,Cat_2,USA
310,17,180,415,Cat_17,USA
311,20,10,1708,Cat_20,USA
312,4,185,1941,Cat_4,USA
313,18,146,3038,Cat_18,USA
314,16,127,2937,Cat_16,USA
315,7,118,2222,Cat_7,USA
316,21,56,1123,Cat_21,India
317,22,44,1880,Cat_22,China
318,5,20,1743,Cat_5,India
319,1,129,3950,Cat_1,China
320,5,100,1990,Cat_5,USA
321,9,78,4042,Cat_9,India
322,29,166,2985,Cat_29,USA
323,4,193,2132,Cat_4,China
324,17,168,371,Cat_17,China
325,17,77,4042,Cat_17,India
326,18,83,3317,Cat_18,China
327,28,167,976,Cat_28,China
328,21,138,134,Cat_21,India
329,3,159,4513,Cat_3,India
330,11,96,4483,Cat_11,USA
331,15,84,4489,Cat_15,China
332,28,104,3702,Cat_28,India
333,8,1,1037,Cat_8,India
334,21,63,3788,Cat_21,USA
335,8,57,3723,Cat_8,USA
336,15,90,1376,Cat_15,China
337,11,64,4740,Cat_11,China
338,25,82,807,Cat_25,USA
339,6,6,4820,Cat_6,India
340,9,115,2534,Cat_9,China
341,1,175,2746,Cat_1,India
342,1,131,3354,Cat_1,China
343,28,20,3605,Cat_28,India
344,24,116,2499,Cat_24,India
345,25,194,478,Cat_25,China
346,5,11,1242,Cat_5,China
347,22,93,1299,Cat_22,USA
348,3,149,1901,Cat_3,China
349,25,2,1776,Cat_25,India
350,16,62,2889,Cat_16,USA
351,27,154,4290,Cat_27,China
352,30,56,4118,Cat_30,India
353,10,69,1567,Cat_10,China
354,29,55,4157,Cat_29,USA
355,10,101,1608,Cat_10,USA
356,28,43,3480,Cat_28,USA
357,15,91,2292,Cat_15,India
358,16,72,2598,Cat_16,China
359,11,135,3050,Cat_11,China
360,11,119,1372,Cat_11,China
361,19,173,1442,Cat_19,USA
362,19,163,201,Cat_19,China
363,2,62,4449,Cat_2,USA
364,19,29,1258,Cat_19,India
365,17,93,2944,Cat_17,USA
366,9,147,1174,Cat_9,China
367,17,58,4568,Cat_17,India
368,15,10,2447,Cat_15,USA
369,12,159,1556,Cat_12,India
370,15,39,3208,Cat_15,China
371,9,81,2516,Cat_9,USA
372,23,108,4308,Cat_23,USA
373,5,45,4459,Cat_5,India
374,21,145,352,Cat_21,India
375,10,128,4587,Cat_10,China
376,7,76,1661,Cat_7,USA
377,11,9,4055,Cat_11,USA
378,25,175,4222,Cat_25,India
379,30,64,3559,Cat_30,China
380,2,166,2491,Cat_2,USA
381,6,116,4167,Cat_6,India
382,13,38,3162,Cat_13,China
383,29,49,930,Cat_29,India
384,19,135,1288,Cat_19,China
385,21,136,4197,Cat_21,India
386,14,15,3377,Cat_14,China
387,27,179,3748,Cat_27,India
388,2,112,3137,Cat_2,China
389,4,31,4724,Cat_4,China
390,5,126,1953,Cat_5,USA
391,9,107,3496,Cat_9,China
392,29,165,188,Cat_29,USA
393,9,77,3077,Cat_9,India
394,20,99,3626,Cat_20,USA
395,3,41,3461,Cat_3,India
396,19,61,189,Cat_19,China
397,27,68,3810,Cat_27,China
398,16,51,1692,Cat_16,China
399,13,131,2881,Cat_13,China
400,23,153,4528,Cat_23,USA
401,13,28,1585,Cat_13,USA
402,4,143,2826,Cat_4,USA
403,22,86,3123,Cat_22,USA
404,29,192,4493,Cat_29,USA
405,15,4,976,Cat_15,USA
406,10,46,2776,Cat_10,India
407,20,21,1094,Cat_20,India
408,4,90,2239,Cat_4,China
409,9,33,2233,Cat_9,India
410,25,68,1938,Cat_25,China
411,13,17,2587,Cat_13,India
412,29,189,368,Cat_29,USA
413,3,108,1233,Cat_3,USA
414,20,21,420,Cat_20,India
415,19,127,3795,Cat_19,USA
416,5,25,1558,Cat_5,India
417,29,147,1833,Cat_29,China
418,2,158,3489,Cat_2,China
419,6,124,3623,Cat_6,India
420,17,114,2337,Cat_17,USA
421,26,82,984,Cat_26,USA
422,13,126,4137,Cat_13,USA
423,22,78,432,Cat_22,India
424,20,115,999,Cat_20,China
425,16,190,4417,Cat_16,China
426,3,11,598,Cat_3,China
427,11,163,3742,Cat_11,China
428,8,172,3266,Cat_8,USA
429,26,188,990,Cat_26,China
430,27,43,2780,Cat_27,USA
431,12,4,2247,Cat_12,USA
432,2,69,2187,Cat_2,China
433,8,105,4199,Cat_8,India
434,24,189,2587,Cat_24,USA
435,25,115,3967,Cat_25,China
436,5,4,4276,Cat_5,USA
437,7,33,1235,Cat_7,India
438,1,63,1141,Cat_1,USA
439,1,147,2651,Cat_1,China
440,18,39,4423,Cat_18,China
441,13,72,2156,Cat_13,China
442,15,195,759,Cat_15,USA
443,24,122,4669,Cat_24,India
444,26,89,1713,Cat_26,USA
445,27,157,1517,Cat_27,USA
446,13,96,3140,Cat_13,USA
447,23,129,4950,Cat_23,China
448,9,87,3468,Cat_9,India
449,19,90,1850,Cat_19,China
450,19,151,3072,Cat_19,India
451,19,104,4532,Cat_19,India
452,13,43,3020,Cat_13,USA
453,26,175,386,Cat_26,India
454,25,119,181,Cat_25,China
455,3,107,2594,Cat_3,China
456,12,172,2362,Cat_12,USA
457,6,92,3573,Cat_6,USA
458,3,153,213,Cat_3,USA
459,26,22,578,Cat_26,India
460,24,168,1839,Cat_24,China
461,10,138,3425,Cat_10,India
462,25,165,2983,Cat_25,USA
463,18,82,1036,Cat_18,USA
464,28,127,4090,Cat_28,USA
465,14,129,379,Cat_14,China
466,5,42,891,Cat_5,China
467,10,178,1241,Cat_10,USA
468,11,35,4641,Cat_11,China
469,1,195,922,Cat_1,USA
470,15,132,3427,Cat_15,China
471,5,5,291,Cat_5,China
472,13,189,4048,Cat_13,USA
473,23,25,2863,Cat_23,India
474,1,136,3418,Cat_1,India
475,22,188,374,Cat_22,China
476,12,192,742,Cat_12,USA
477,6,166,1680,Cat_6,USA
478,15,117,3272,Cat_15,USA
479,22,53,1521,Cat_22,USA
480,7,59,2562,Cat_7,USA
481,12,155,3176,Cat_12,India
482,30,49,3402,Cat_30,India
483,22,145,1846,Cat_22,India
484,17,132,1581,Cat_17,China
485,1,86,3681,Cat_1,USA
486,24,53,416,Cat_24,USA
487,22,65,3808,Cat_22,USA
488,14,29,2923,Cat_14,India
489,19,28,2347,Cat_19,USA
490,19,32,4306,Cat_19,China
491,13,169,2700,Cat_13,India
492,29,154,3066,Cat_29,China
493,26,107,4633,Cat_26,China
494,17,82,3105,Cat_17,USA
495,12,176,4567,Cat_12,India
496,6,165,548,Cat_6,USA
497,30,35,2894,Cat_30,China
498,13,186,636,Cat_13,India
499,4,112,1938,Cat_4,China
500,2,141,242,Cat_2,China
501,22,16,2928,Cat_22,India
502,6,145,3384,Cat_6,India
503,24,26,809,Cat_24,China
504,18,115,3881,Cat_18,China
505,30,191,830,Cat_30,China
506,17,59,909,Cat_17,USA
507,10,130,594,Cat_10,USA
508,11,191,1728,Cat_11,China
509,17,63,1183,Cat_17,USA
510,13,105,1237,Cat_13,India
511,27,180,3857,Cat_27,USA
512,8,70,1465,Cat_8,India
513,14,180,2733,Cat_14,USA
514,26,157,299,Cat_26,USA
515,13,21,1068,Cat_13,India
516,5,111,2590,Cat_5,India
517,9,156,779,Cat_9,USA
518,8,197,2611,Cat_8,USA
519,30,124,2398,Cat_30,India
520,25,94,4100,Cat_25,India
521,14,15,1425,Cat_14,China
522,9,111,2169,Cat_9,India
523,12,34,4325,Cat_12,India
524,14,11,4303,Cat_14,China
525,22,9,1942,Cat_22,USA
526,7,152,4110,Cat_7,India
527,16,142,1755,Cat_16,USA
528,6,13,1617,Cat_6,USA
529,24,191,3622,Cat_24,China
530,3,58,1694,Cat_3,India
531,29,181,1083,Cat_29,India
532,9,173,2464,Cat_9,USA
533,24,106,1713,Cat_24,China
534,21,103,4485,Cat_21,USA
535,26,80,1658,Cat_26,China
536,23,32,4338,Cat_23,China
537,1,23,1771,Cat_1,USA
538,15,126,1066,Cat_15,USA
539,4,39,215,Cat_4,China
540,8,27,3104,Cat_8,China
541,24,148,4239,Cat_24,China
542,5,168,1192,Cat_5,China
543,12,23,3965,Cat_12,USA
544,24,11,2590,Cat_24,China
545,3,59,3271,Cat_3,USA
546,24,131,905,Cat_24,China
547,28,141,4112,Cat_28,China
548,13,112,1637,Cat_13,China
549,25,36,4053,Cat_25,India
550,3,109,1348,Cat_3,USA
551,1,129,3333,Cat_1,China
552,13,112,4798,Cat_13,China
553,28,135,4600,Cat_28,China
554,8,62,4780,Cat_8,USA
555,4,32,761,Cat_4,China
556,3,9,2542,Cat_3,USA
557,6,162,2020,Cat_6,China
558,7,94,737,Cat_7,India
559,8,55,1128,Cat_8,USA
560,5,170,814,Cat_5,USA
561,6,25,4149,Cat_6,India
562,18,105,3825,Cat_18,India
563,25,106,4097,Cat_25,China
564,20,121,1740,Cat_20,USA
565,22,193,2948,Cat_22,China
566,15,108,2254,Cat_15,USA
567,22,176,2438,Cat_22,India
568,20,171,3948,Cat_20,China
569,3,79,1076,Cat_3,USA
570,24,108,4855,Cat_24,USA
571,25,15,977,Cat_25,China
572,30,195,3122,Cat_30,USA
573,20,83,946,Cat_20,China
574,20,168,2966,Cat_20,China
575,27,36,3844,Cat_27,India
576,26,8,4903,Cat_26,USA
577,12,199,908,Cat_12,USA
578,24,131,1535,Cat_24,China
579,9,72,101,Cat_9,China
580,30,49,836,Cat_30,India
581,29,87,4113,Cat_29,India
582,13,87,2487,Cat_13,India
583,12,196,4568,Cat_12,India
584,15,197,261,Cat_15,USA
585,4,79,3674,Cat_4,USA
586,28,156,2609,Cat_28,USA
587,13,183,4540,Cat_13,USA
588,20,160,1604,Cat_20,USA
589,17,43,2251,Cat_17,USA
590,15,111,1233,Cat_15,India
591,20,150,3546,Cat_20,USA
592,16,188,1791,Cat_16,China
593,8,40,1211,Cat_8,USA
594,17,175,3683,Cat_17,India
595,3,12,4950,Cat_3,India
596,6,197,1530,Cat_6,USA
597,15,143,4512,Cat_15,USA
598,16,178,407,Cat_16,USA
599,26,99,4658,Cat_26,USA
600,17,97,1883,Cat_17,USA
601,12,122,1841,Cat_12,India
602,12,142,4306,Cat_12,USA
603,5,169,2532,Cat_5,India
604,20,200,2260,Cat_20,India
605,9,141,2251,Cat_9,China
606,18,83,2869,Cat_18,China
607,1,82,1409,Cat_1,USA
608,14,48,1910,Cat_14,China
609,17,150,4546,Cat_17,USA
610,20,33,190,Cat_20,India
611,26,53,3706,Cat_26,USA
612,29,137,790,Cat_29,USA
613,29,157,2652,Cat_29,USA
614,30,96,3754,Cat_30,USA
615,15,12,4168,Cat_15,India
616,7,86,4464,Cat_7,USA
617,17,60,4689,Cat_17,USA
618,16,78,1729,Cat_16,India
619,10,167,3681,Cat_10,China
620,12,44,2785,Cat_12,China
621,30,108,3821,Cat_30,USA
622,1,50,1585,Cat_1,China
623,20,7,1833,Cat_20,China
624,30,89,4221,Cat_30,USA
625,10,144,1951,Cat_10,China
626,26,174,3917,Cat_26,China
627,16,92,3398,Cat_16,USA
628,25,198,1716,Cat_25,China
629,26,188,3008,Cat_26,China
630,16,56,1827,Cat_16,India
631,1,167,4662,Cat_1,China
632,1,182,2285,Cat_1,India
633,16,88,2173,Cat_16,India
634,4,31,4728,Cat_4,China
635,27,54,554,Cat_27,USA
636,28,81,1468,Cat_28,USA
637,24,69,3934,Cat_24,China
638,28,183,3361,Cat_28,USA
639,14,98,414,Cat_14,USA
640,19,16,4344,Cat_19,India
641,6,14,2422,Cat_6,China
642,13,61,547,Cat_13,China
643,13,6,3595,Cat_13,India
644,18,200,1283,Cat_18,India
645,30,15,3633,Cat_30,China
646,27,73,3369,Cat_27,China
647,27,114,4157,Cat_27,USA
648,10,83,4712,Cat_10,China
649,29,140,4812,Cat_29,India
650,7,184,4029,Cat_7,USA
651,15,159,745,Cat_15,India
652,20,32,4712,Cat_20,China
653,4,31,608,Cat_4,China
654,3,51,3309,Cat_3,China
655,18,13,4182,Cat_18,USA
656,15,11,708,Cat_15,China
657,17,159,4592,Cat_17,India
658,20,128,2136,Cat_20,China
659,14,147,2344,Cat_14,China
660,19,109,1386,Cat_19,USA
661,13,73,4983,Cat_13,China
662,16,17,3417,Cat_16,India
663,13,57,2804,Cat_13,USA
664,16,63,4653,Cat_16,USA
665,20,141,3235,Cat_20,China
666,23,55,3329,Cat_23,USA
667,3,157,2784,Cat_3,USA
668,2,148,1967,Cat_2,China
669,8,28,939,Cat_8,USA
670,29,11,661,Cat_29,China
671,22,47,1489,Cat_22,India
672,17,170,2640,Cat_17,USA
673,8,114,4137,Cat_8,USA
674,30,122,795,Cat_30,India
675,4,130,2440,Cat_4,USA
676,8,47,4838,Cat_8,India
677,23,101,3350,Cat_23,USA
678,29,67,1220,Cat_29,China
679,23,199,2275,Cat_23,USA
680,28,168,1818,Cat_28,China
681,5,75,4194,Cat_5,India
682,9,83,4200,Cat_9,China
683,28,44,411,Cat_28,China
684,6,8,3870,Cat_6,USA
685,9,29,4775,Cat_9,India
686,10,62,4507,Cat_10,USA
687,20,58,3407,Cat_20,India
688,2,148,2708,Cat_2,China
689,7,167,3630,Cat_7,China
690,27,69,1517,Cat_27,China
691,19,76,360,Cat_19,USA
692,13,174,1419,Cat_13,China
693,22,53,1151,Cat_22,USA
694,20,18,3229,Cat_20,USA
695,25,172,1307,Cat_25,USA
696,29,103,733,Cat_29,USA
697,10,20,4104,Cat_10,India
698,27,139,569,Cat_27,China
699,3,129,4729,Cat_3,China
700,18,193,886,Cat_18,China
701,18,105,4365,Cat_18,India
702,17,8,798,Cat_17,USA
703,5,122,1943,Cat_5,India
704,3,22,4651,Cat_3,India
705,3,193,3427,Cat_3,China
706,20,159,3871,Cat_20,India
707,5,151,4252,Cat_5,India
708,28,9,3666,Cat_28,USA
709,26,7,2105,Cat_26,China
710,26,199,4298,Cat_26,USA
711,15,27,686,Cat_15,China
712,20,200,3418,Cat_20,India
713,24,103,2908,Cat_24,USA
714,9,87,3033,Cat_9,India
715,18,81,1403,Cat_18,USA
716,16,71,1278,Cat_16,USA
717,13,134,3793,Cat_13,India
718,11,22,2778,Cat_11,India
719,3,113,4893,Cat_3,India
720,23,193,474,Cat_23,China
721,1,28,4811,Cat_1,USA
722,14,107,254,Cat_14,China
723,27,140,2342,Cat_27,India
724,26,23,3218,Cat_26,USA
725,21,68,882,Cat_21,China
726,27,64,189,Cat_27,China
727,15,115,3774,Cat_15,China
728,23,137,2343,Cat_23,USA
729,2,161,4828,Cat_2,China
730,2,103,848,Cat_2,USA
731,6,159,377,Cat_6,India
732,13,151,2123,Cat_13,India
733,21,117,3984,Cat_21,USA
734,6,155,4065,Cat_6,India
735,10,173,2405,Cat_10,USA
736,18,35,4021,Cat_18,China
737,27,45,4908,Cat_27,India
738,27,90,3256,Cat_27,China
739,4,152,4797,Cat_4,India
740,20,64,4354,Cat_20,China
741,4,107,547,Cat_4,China
742,21,125,1799,Cat_21,China
743,25,163,1121,Cat_25,China
744,10,30,3343,Cat_10,India
745,18,8,639,Cat_18,USA
746,12,117,4447,Cat_12,USA
747,6,127,2192,Cat_6,USA
748,17,198,4376,Cat_17,China
749,6,138,2374,Cat_6,India
750,11,21,4381,Cat_11,India
751,23,159,1244,Cat_23,India
752,24,179,4261,Cat_24,India
753,21,54,3843,Cat_21,USA
754,25,79,4988,Cat_25,USA
755,6,185,3290,Cat_6,USA
756,22,4,1582,Cat_22,USA
757,13,9,3644,Cat_13,USA
758,13,61,2410,Cat_13,China
759,6,91,3287,Cat_6,India
760,8,54,3253,Cat_8,USA
761,18,37,4520,Cat_18,China
762,20,157,2138,Cat_20,USA
763,10,37,4074,Cat_10,China
764,14,42,233,Cat_14,China
765,30,52,1494,Cat_30,India
766,11,3,4287,Cat_11,India
767,12,172,522,Cat_12,USA
768,12,87,2526,Cat_12,India
769,26,129,410,Cat_26,China
770,11,91,4325,Cat_11,India
771,19,10,2178,Cat_19,USA
772,22,85,738,Cat_22,China
773,19,41,1368,Cat_19,India
774,30,174,4516,Cat_30,China
775,28,190,2755,Cat_28,China
776,1,40,4034,Cat_1,USA
777,19,40,4913,Cat_19,USA
778,30,76,3639,Cat_30,USA
779,3,191,1588,Cat_3,China
780,7,98,526,Cat_7,USA
781,22,162,229,Cat_22,China
782,5,192,1225,Cat_5,USA
783,10,160,3578,Cat_10,USA
784,20,176,4269,Cat_20,India
785,16,91,1851,Cat_16,India
786,11,156,4528,Cat_11,USA
787,21,72,3431,Cat_21,China
788,6,139,4740,Cat_6,China
789,26,171,1801,Cat_26,China
790,6,44,4471,Cat_6,China
791,25,38,2037,Cat_25,China
792,11,77,803,Cat_11,India
793,13,155,4417,Cat_13,India
794,12,181,3947,Cat_12,India
795,28,131,1079,Cat_28,China
796,19,22,3870,Cat_19,India
797,5,77,4780,Cat_5,India
798,1,86,1434,Cat_1,USA
799,23,4,3250,Cat_23,USA
800,21,182,2027,Cat_21,India
801,1,119,3509,Cat_1,China
802,11,101,1254,Cat_11,USA
803,12,84,3702,Cat_12,China
804,10,41,3193,Cat_10,India
805,25,133,3961,Cat_25,India
806,27,160,1508,Cat_27,USA
807,21,64,1619,Cat_21,China
808,14,184,3382,Cat_14,USA
809,6,177,1947,Cat_6,USA
810,4,17,4127,Cat_4,India
811,21,167,4215,Cat_21,China
812,11,151,4005,Cat_11,India
813,26,6,1074,Cat_26,India
814,3,41,4317,Cat_3,India
815,10,30,4363,Cat_10,India
816,3,199,4660,Cat_3,USA
817,16,198,2284,Cat_16,China
818,30,11,4172,Cat_30,China
819,12,116,1472,Cat_12,India
820,28,116,153,Cat_28,India
821,17,182,755,Cat_17,India
822,27,122,2136,Cat_27,India
823,25,16,263,Cat_25,India
824,1,103,3478,Cat_1,USA
825,26,121,2912,Cat_26,USA
826,21,24,2212,Cat_21,USA
827,15,79,4881,Cat_15,USA
828,29,26,929,Cat_29,China
829,30,175,2498,Cat_30,India
830,26,136,678,Cat_26,India
831,20,60,1758,Cat_20,USA
832,2,175,4912,Cat_2,India
833,4,96,1069,Cat_4,USA
834,6,101,4313,Cat_6,USA
835,8,87,1772,Cat_8,India
836,11,77,3853,Cat_11,India
837,24,19,1969,Cat_24,India
838,12,139,3071,Cat_12,China
839,9,43,3777,Cat_9,USA
840,30,114,783,Cat_30,USA
841,12,81,972,Cat_12,USA
842,22,17,3903,Cat_22,India
843,21,164,1163,Cat_21,China
844,17,118,3213,Cat_17,USA
845,22,94,4260,Cat_22,India
846,13,31,3849,Cat_13,China
847,22,169,4314,Cat_22,India
848,30,159,2124,Cat_30,India
849,10,111,4435,Cat_10,India
850,13,151,3963,Cat_13,India
851,12,99,678,Cat_12,USA
852,4,170,870,Cat_4,USA
853,17,40,4015,Cat_17,USA
854,28,164,4398,Cat_28,China
855,2,55,201,Cat_2,USA
856,10,89,2953,Cat_10,USA
857,8,179,329,Cat_8,India
858,11,177,1088,Cat_11,USA
859,25,28,466,Cat_25,USA
860,4,121,1685,Cat_4,USA
861,7,149,484,Cat_7,China
862,8,43,4175,Cat_8,USA
863,17,7,3160,Cat_17,China
864,8,9,744,Cat_8,USA
865,17,114,566,Cat_17,USA
866,3,136,4278,Cat_3,India
867,2,122,1380,Cat_2,India
868,16,31,1709,Cat_16,China
869,29,142,2099,Cat_29,USA
870,24,192,4192,Cat_24,USA
871,3,183,3592,Cat_3,USA
872,27,191,2722,Cat_27,China
873,15,115,1247,Cat_15,China
874,14,174,543,Cat_14,China
875,29,175,283,Cat_29,India
876,1,166,694,Cat_1,USA
877,26,182,3792,Cat_26,India
878,23,186,1260,Cat_23,India
879,7,118,4926,Cat_7,USA
880,12,173,3607,Cat_12,USA
881,23,4,441,Cat_23,USA
882,22,100,642,Cat_22,USA
883,6,157,701,Cat_6,USA
884,19,78,1846,Cat_19,India
885,14,61,2071,Cat_14,China
886,21,87,2679,Cat_21,India
887,17,180,1986,Cat_17,USA
888,12,89,4162,Cat_12,USA
889,27,128,3145,Cat_27,China
890,4,156,604,Cat_4,USA
891,12,103,378,Cat_12,USA
892,14,177,470,Cat_14,USA
893,16,195,4398,Cat_16,USA
894,16,87,2766,Cat_16,India
895,3,5,273,Cat_3,China
896,4,68,282,Cat_4,China
897,29,161,656,Cat_29,China
898,5,18,4445,Cat_5,USA
899,6,19,1309,Cat_6,India
900,8,141,4187,Cat_8,China
901,8,165,2175,Cat_8,USA
902,4,99,1614,Cat_4,USA
903,21,32,2583,Cat_21,China
904,30,124,2785,Cat_30,India
905,22,36,4289,Cat_22,India
906,29,175,1622,Cat_29,India
907,4,83,3238,Cat_4,China
908,29,97,2859,Cat_29,USA
909,8,93,1468,Cat_8,USA
910,5,149,2389,Cat_5,China
911,27,159,4414,Cat_27,India
912,19,167,3106,Cat_19,China
913,25,105,2364,Cat_25,India
914,1,2,2925,Cat_1,India
915,29,62,2327,Cat_29,USA
916,24,194,3499,Cat_24,China
917,8,177,1681,Cat_8,USA
918,7,193,1412,Cat_7,China
919,8,164,371,Cat_8,China
920,14,174,3474,Cat_14,China
921,1,142,2919,Cat_1,USA
922,4,111,1702,Cat_4,India
923,14,150,618,Cat_14,USA
924,21,128,2182,Cat_21,China
925,4,19,4936,Cat_4,India
926,30,79,124,Cat_30,USA
927,7,197,2165,Cat_7,USA
928,27,192,1096,Cat_27,USA
929,22,161,4024,Cat_22,China
930,15,136,811,Cat_15,India
931,5,70,3999,Cat_5,India
932,18,144,449,Cat_18,China
933,10,163,1490,Cat_10,China
934,2,14,3955,Cat_2,China
935,10,102,2812,Cat_10,USA
936,16,197,1317,Cat_16,USA
937,15,163,1562,Cat_15,China
938,3,129,2751,Cat_3,China
939,16,73,2603,Cat_16,China
940,15,139,3712,Cat_15,China
941,20,39,1656,Cat_20,China
942,30,93,1684,Cat_30,USA
943,2,175,2499,Cat_2,India
944,6,93,4620,Cat_6,USA
945,20,34,4367,Cat_20,India
946,1,46,2121,Cat_1,India
947,30,103,4164,Cat_30,USA
948,10,129,2158,Cat_10,China
949,21,159,1552,Cat_21,India
950,14,104,3188,Cat_14,India
951,4,199,4354,Cat_4,USA
952,25,1,2954,Cat_25,India
953,21,107,419,Cat_21,China
954,13,111,3252,Cat_13,India
955,24,181,3089,Cat_24,India
956,1,6,3180,Cat_1,India
957,5,136,2024,Cat_5,India
958,19,3,4763,Cat_19,India
959,18,154,171,Cat_18,China
960,14,74,1352,Cat_14,USA
961,18,86,1100,Cat_18,USA
962,28,165,4682,Cat_28,USA
963,30,193,1659,Cat_30,China
964,30,193,1089,Cat_30,China
965,3,176,471,Cat_3,India
966,13,21,1384,Cat_13,India
967,20,73,1791,Cat_20,China
968,15,36,1633,Cat_15,India
969,14,79,4433,Cat_14,USA
970,8,70,4639,Cat_8,India
971,5,175,373,Cat_5,India
972,21,166,4961,Cat_21,USA
973,25,146,2275,Cat_25,USA
974,19,129,4424,Cat_19,China
975,7,153,801,Cat_7,USA
976,18,111,4130,Cat_18,India
977,23,56,354,Cat_23,India
978,5,6,869,Cat_5,India
979,26,161,1838,Cat_26,China
980,11,16,1037,Cat_11,India
981,15,5,612,Cat_15,China
982,24,88,968,Cat_24,India
983,6,22,2502,Cat_6,India
984,12,48,4665,Cat_12,China
985,17,145,3800,Cat_17,India
986,7,47,660,Cat_7,India
987,10,7,907,Cat_10,China
988,5,119,969,Cat_5,China
989,30,80,1170,Cat_30,China
990,8,50,1675,Cat_8,China
991,19,41,2217,Cat_19,India
992,27,140,513,Cat_27,India
993,8,126,1927,Cat_8,USA
994,22,124,1000,Cat_22,India
995,21,104,819,Cat_21,India
996,29,139,1983,Cat_29,China
997,26,59,1380,Cat_26,USA
998,24,38,4702,Cat_24,China
999,28,80,2704,Cat_28,China
1000,10,19,2991,Cat_10,India
1001,13,90,2675,Cat_13,China
1002,30,122,4661,Cat_30,India
1003,17,30,3796,Cat_17,India
1004,22,154,4608,Cat_22,China
1005,14,105,2859,Cat_14,India
1006,19,27,3092,Cat_19,China
1007,2,103,2323,Cat_2,USA
1008,3,176,2854,Cat_3,India
1009,9,86,2313,Cat_9,USA
1010,21,154,1462,Cat_21,China
1011,10,179,3062,Cat_10,India
1012,17,157,1203,Cat_17,USA
1013,7,74,3390,Cat_7,USA
1014,26,141,1290,Cat_26,China
1015,17,73,3462,Cat_17,China
1016,19,171,406,Cat_19,China
1017,6,122,2417,Cat_6,India
1018,18,143,3514,Cat_18,USA
1019,2,17,4501,Cat_2,India
1020,12,132,687,Cat_12,China
1021,10,89,1767,Cat_10,USA
1022,17,153,3707,Cat_17,USA
1023,8,40,1763,Cat_8,USA
1024,22,200,377,Cat_22,India
1025,2,51,1383,Cat_2,China
1026,28,50,993,Cat_28,China
1027,21,23,3091,Cat_21,USA
1028,28,14,3776,Cat_28,China
1029,5,65,977,Cat_5,USA
1030,15,13,3854,Cat_15,USA
1031,2,169,1520,Cat_2,India
1032,10,1,589,Cat_10,India
1033,28,121,4138,Cat_28,USA
1034,26,65,2791,Cat_26,USA
1035,25,28,2343,Cat_25,USA
1036,8,23,187,Cat_8,USA
1037,21,56,112,Cat_21,India
1038,20,115,1900,Cat_20,China
1039,2,43,1357,Cat_2,USA
1040,18,57,2029,Cat_18,USA
1041,5,181,4540,Cat_5,India
1042,25,26,771,Cat_25,China
1043,15,8,328,Cat_15,USA
1044,1,155,669,Cat_1,India
1045,6,187,272,Cat_6,India
1046,22,1,3888,Cat_22,India
1047,7,57,3504,Cat_7,USA
1048,17,15,1513,Cat_17,China
1049,17,138,3913,Cat_17,India
1050,14,98,1607,Cat_14,USA
1051,26,2,2074,Cat_26,India
1052,26,2,2212,Cat_26,India
1053,27,147,2174,Cat_27,China
1054,26,31,3044,Cat_26,China
1055,2,133,356,Cat_2,India
1056,4,116,1093,Cat_4,India
1057,25,117,670,Cat_25,USA
1058,9,195,473,Cat_9,USA
1059,21,48,2409,Cat_21,China
1060,5,144,1268,Cat_5,China
1061,5,64,1658,Cat_5,China
1062,18,21,882,Cat_18,India
1063,7,189,1935,Cat_7,USA
1064,8,70,3813,Cat_8,India
1065,1,140,3610,Cat_1,India
1066,16,136,1972,Cat_16,India
1067,23,29,1665,Cat_23,India
1068,4,163,1092,Cat_4,China
1069,14,75,1039,Cat_14,India
1070,10,127,2054,Cat_10,USA
1071,25,65,2705,Cat_25,USA
1072,8,161,4487,Cat_8,China
1073,1,119,540,Cat_1,China
1074,13,182,2307,Cat_13,India
1075,16,56,2543,Cat_16,India
1076,19,13,116,Cat_19,USA
1077,11,181,4906,Cat_11,India
1078,3,121,3409,Cat_3,USA
1079,7,130,2635,Cat_7,USA
1080,10,58,2018,Cat_10,India
1081,12,22,4385,Cat_12,India
1082,12,53,1446,Cat_12,USA
1083,17,191,446,Cat_17,China
1084,19,6,1534,Cat_19,India
1085,26,42,894,Cat_26,China
1086,27,119,336,Cat_27,China
1087,28,73,1288,Cat_28,China
1088,18,159,4391,Cat_18,India
1089,3,175,3687,Cat_3,India
1090,6,194,3221,Cat_6,China
1091,9,200,4179,Cat_9,India
1092,25,166,4486,Cat_25,USA
1093,30,130,3010,Cat_30,USA
1094,9,189,903,Cat_9,USA
1095,10,127,4278,Cat_10,USA
1096,22,76,3875,Cat_22,USA
1097,27,137,3463,Cat_27,USA
1098,17,70,2164,Cat_17,India
1099,19,50,4099,Cat_19,China
1100,3,167,1227,Cat_3,China
1101,9,164,1513,Cat_9,China
1102,11,93,1548,Cat_11,USA
1103,16,44,2750,Cat_16,China
1104,26,145,1340,Cat_26,India
1105,22,80,1122,Cat_22,China
1106,26,53,1431,Cat_26,USA
1107,18,60,2255,Cat_18,USA
1108,3,36,912,Cat_3,India
1109,2,106,3622,Cat_2,China
1110,25,191,963,Cat_25,China
1111,13,169,4361,Cat_13,India
1112,21,154,4281,Cat_21,China
1113,6,172,3711,Cat_6,USA
1114,4,50,1307,Cat_4,China
1115,26,119,4146,Cat_26,China
1116,18,141,1047,Cat_18,China
1117,24,130,3771,Cat_24,USA
1118,25,193,1436,Cat_25,China
1119,21,88,3253,Cat_21,India
1120,12,40,861,Cat_12,USA
1121,25,71,2935,Cat_25,USA
1122,18,36,595,Cat_18,India
1123,17,184,4610,Cat_17,USA
1124,28,57,1382,Cat_28,USA
1125,27,174,1610,Cat_27,China
1126,6,30,3420,Cat_6,India
1127,2,74,4465,Cat_2,USA
1128,28,93,3672,Cat_28,USA
1129,11,37,1689,Cat_11,China
1130,27,187,100,Cat_27,India
1131,16,129,3289,Cat_16,China
1132,23,104,1115,Cat_23,India
1133,19,95,375,Cat_19,China
1134,28,74,3096,Cat_28,USA
1135,11,62,2322,Cat_11,USA
1136,1,66,4896,Cat_1,USA
1137,13,22,4644,Cat_13,India
1138,5,158,3014,Cat_5,China
1139,8,30,2021,Cat_8,India
1140,28,68,2380,Cat_28,China
1141,10,130,2475,Cat_10,USA
1142,14,9,4786,Cat_14,USA
1143,1,37,3401,Cat_1,China
1144,2,100,3572,Cat_2,USA
1145,30,140,3295,Cat_30,India
1146,1,25,4815,Cat_1,India
1147,5,61,3463,Cat_5,China
1148,23,37,1223,Cat_23,China
1149,7,17,1752,Cat_7,India
1150,8,71,3143,Cat_8,USA
1151,6,100,2322,Cat_6,USA
1152,5,97,4803,Cat_5,USA
1153,4,50,2281,Cat_4,China
1154,27,174,824,Cat_27,China
1155,9,187,4679,Cat_9,India
1156,14,167,4999,Cat_14,China
1157,2,101,3167,Cat_2,USA
1158,26,48,1428,Cat_26,China
1159,12,170,4371,Cat_12,USA
1160,16,94,140,Cat_16,India
1161,1,45,1770,Cat_1,India
1162,28,194,1818,Cat_28,China
1163,2,185,1014,Cat_2,USA
1164,8,19,152,Cat_8,India
1165,6,176,1254,Cat_6,India
1166,23,137,2626,Cat_23,USA
1167,5,43,1141,Cat_5,USA
1168,15,147,503,Cat_15,China
1169,21,192,4330,Cat_21,USA
1170,1,24,3590,Cat_1,USA
1171,16,178,812,Cat_16,USA
1172,8,55,4837,Cat_8,USA
1173,7,121,1408,Cat_7,USA
1174,28,82,743,Cat_28,USA
1175,9,18,2876,Cat_9,USA
1176,12,139,1206,Cat_12,China
1177,14,77,4301,Cat_14,India
1178,10,115,3009,Cat_10,China
1179,9,84,4417,Cat_9,China
1180,28,71,1037,Cat_28,USA
1181,28,119,2665,Cat_28,China
1182,16,170,2052,Cat_16,USA
1183,14,134,4225,Cat_14,India
1184,17,177,3508,Cat_17,USA
1185,25,175,2605,Cat_25,India
1186,21,2,4775,Cat_21,India
1187,13,169,3670,Cat_13,India
1188,1,81,3991,Cat_1,USA
1189,24,53,1909,Cat_24,USA
1190,15,182,3264,Cat_15,India
1191,17,16,2819,Cat_17,India
1192,10,187,3554,Cat_10,India
1193,20,123,1056,Cat_20,USA
1194,10,5,4403,Cat_10,China
1195,27,124,4845,Cat_27,India
1196,20,94,4046,Cat_20,India
1197,29,167,4716,Cat_29,China
1198,10,197,2409,Cat_10,USA
1199,25,42,4781,Cat_25,China
1200,2,150,1372,Cat_2,USA
1201,12,80,4437,Cat_12,China
1202,8,64,1968,Cat_8,China
1203,16,139,717,Cat_16,China
1204,7,83,3196,Cat_7,China
1205,24,93,4066,Cat_24,USA
1206,24,148,4764,Cat_24,China
1207,23,46,667,Cat_23,India
1208,9,3,3159,Cat_9,India
1209,9,181,669,Cat_9,India
1210,3,182,3035,Cat_3,India
1211,20,123,633,Cat_20,USA
1212,6,96,531,Cat_6,USA
1213,22,197,3267,Cat_22,USA
1214,10,42,3438,Cat_10,China
1215,19,82,358,Cat_19,USA
1216,30,54,4218,Cat_30,USA
1217,1,41,2257,Cat_1,India
1218,17,79,167,Cat_17,USA
1219,5,153,2783,Cat_5,USA
1220,13,84,4171,Cat_13,China
1221,10,197,184,Cat_10,USA
1222,19,200,1664,Cat_19,India
1223,27,46,4928,Cat_27,India
1224,10,107,4734,Cat_10,China
1225,8,119,3838,Cat_8,China
1226,1,186,1008,Cat_1,India
1227,2,184,2162,Cat_2,USA
1228,12,97,3187,Cat_12,USA
1229,26,15,2172,Cat_26,China
1230,14,140,2096,Cat_14,India
1231,25,144,806,Cat_25,China
1232,11,155,3396,Cat_11,India
1233,21,195,1489,Cat_21,USA
1234,26,130,4591,Cat_26,USA
1235,26,49,1175,Cat_26,India
1236,27,45,3609,Cat_27,India
1237,5,168,4353,Cat_5,China
1238,19,33,3916,Cat_19,India
1239,22,180,2724,Cat_22,USA
1240,26,93,1255,Cat_26,USA
1241,17,133,508,Cat_17,India
1242,21,133,4936,Cat_21,India
1243,27,183,4666,Cat_27,USA
1244,22,41,4040,Cat_22,India
1245,14,35,1058,Cat_14,China
1246,6,116,3762,Cat_6,India
1247,11,74,1501,Cat_11,USA
1248,27,18,1597,Cat_27,USA
1249,24,94,3540,Cat_24,India
1250,9,147,852,Cat_9,China
1251,6,65,2307,Cat_6,USA
1252,4,162,3959,Cat_4,China
1253,12,27,1521,Cat_12,China
1254,10,190,2998,Cat_10,China
1255,26,113,2176,Cat_26,India
1256,26,100,2289,Cat_26,USA
1257,17,159,952,Cat_17,India
1258,27,177,3560,Cat_27,USA
1259,16,141,1736,Cat_16,China
1260,16,103,1809,Cat_16,USA
1261,19,147,1111,Cat_19,China
1262,11,98,3012,Cat_11,USA
1263,3,8,3254,Cat_3,USA
1264,25,100,3871,Cat_25,USA
1265,21,186,4816,Cat_21,India
1266,3,129,1277,Cat_3,China
1267,8,76,301,Cat_8,USA
1268,10,85,141,Cat_10,China
1269,3,154,3080,Cat_3,China
1270,12,181,3378,Cat_12,India
1271,27,18,444,Cat_27,USA
1272,17,156,4331,Cat_17,USA
1273,7,38,3817,Cat_7,China
1274,22,116,529,Cat_22,India
1275,25,138,2372,Cat_25,India
1276,17,169,2562,Cat_17,India
1277,2,200,288,Cat_2,India
1278,10,153,2796,Cat_10,USA
1279,25,16,996,Cat_25,India
1280,22,10,3881,Cat_22,USA
1281,8,115,1214,Cat_8,China
1282,14,147,3193,Cat_14,China
1283,27,154,3620,Cat_27,China
1284,11,121,771,Cat_11,USA
1285,15,21,1578,Cat_15,India
1286,20,56,3828,Cat_20,India
1287,18,187,4855,Cat_18,India
1288,22,54,3892,Cat_22,USA
1289,11,25,2149,Cat_11,India
1290,21,126,1363,Cat_21,USA
1291,7,177,1042,Cat_7,USA
1292,6,11,2589,Cat_6,China
1293,14,32,477,Cat_14,China
1294,14,137,2594,Cat_14,USA
1295,28,157,3264,Cat_28,USA
1296,9,192,2766,Cat_9,USA
1297,25,111,2710,Cat_25,India
1298,15,91,237,Cat_15,India
1299,17,14,3936,Cat_17,China
1300,12,36,562,Cat_12,India
1301,10,162,352,Cat_10,China
1302,19,50,882,Cat_19,China
1303,9,148,2416,Cat_9,China
1304,30,81,1769,Cat_30,USA
1305,9,100,2981,Cat_9,USA
1306,27,123,758,Cat_27,USA
1307,18,106,1121,Cat_18,China
1308,2,9,1424,Cat_2,USA
1309,6,173,4319,Cat_6,USA
1310,27,176,2691,Cat_27,India
1311,13,130,2522,Cat_13,USA
1312,25,120,2518,Cat_25,USA
1313,4,129,2344,Cat_4,China
1314,17,149,1699,Cat_17,China
1315,8,41,4028,Cat_8,India
1316,5,80,823,Cat_5,China
1317,1,25,3238,Cat_1,India
1318,16,125,3506,Cat_16,China
1319,3,149,2751,Cat_3,China
1320,12,103,639,Cat_12,USA
1321,17,69,2298,Cat_17,China
1322,19,112,1486,Cat_19,China
1323,3,128,2769,Cat_3,China
1324,14,61,823,Cat_14,China
1325,14,166,3139,Cat_14,USA
1326,10,41,3711,Cat_10,India
1327,9,54,3317,Cat_9,USA
1328,26,174,613,Cat_26,China
1329,13,76,1589,Cat_13,USA
1330,24,195,2850,Cat_24,USA
1331,17,195,1029,Cat_17,USA
1332,22,172,4290,Cat_22,USA
1333,28,158,3422,Cat_28,China
1334,10,184,3110,Cat_10,USA
1335,22,155,2845,Cat_22,India
1336,16,139,3162,Cat_16,China
1337,16,74,309,Cat_16,USA
1338,19,128,2348,Cat_19,China
1339,2,80,3084,Cat_2,China
1340,26,129,332,Cat_26,China
1341,29,84,4544,Cat_29,China
1342,16,122,2799,Cat_16,India
1343,14,109,4138,Cat_14,USA
1344,30,164,382,Cat_30,China
1345,15,63,3616,Cat_15,USA
1346,11,184,2253,Cat_11,USA
1347,29,197,1197,Cat_29,USA
1348,24,183,651,Cat_24,USA
1349,6,33,4768,Cat_6,India
1350,11,54,702,Cat_11,USA
1351,24,127,2778,Cat_24,USA
1352,11,30,1870,Cat_11,India
1353,28,180,784,Cat_28,USA
1354,18,194,3053,Cat_18,China
1355,10,185,1558,Cat_10,USA
1356,27,58,2876,Cat_27,India
1357,19,133,3623,Cat_19,India
1358,1,75,2838,Cat_1,India
1359,15,185,1796,Cat_15,USA
1360,6,169,1275,Cat_6,India
1361,24,24,3069,Cat_24,USA
1362,5,142,857,Cat_5,USA
1363,29,136,1991,Cat_29,India
1364,22,144,3960,Cat_22,China
1365,14,165,344,Cat_14,USA
1366,5,173,3946,Cat_5,USA
1367,19,200,3481,Cat_19,India
1368,14,54,1945,Cat_14,USA
1369,1,16,2331,Cat_1,India
1370,28,75,3367,Cat_28,India
1371,8,194,764,Cat_8,China
1372,9,41,3449,Cat_9,India
1373,1,62,1551,Cat_1,USA
1374,2,46,1946,Cat_2,India
1375,24,175,2792,Cat_24,India
1376,20,160,3308,Cat_20,USA
1377,8,79,1533,Cat_8,USA
1378,18,100,172,Cat_18,USA
1379,1,195,1353,Cat_1,USA
1380,28,8,2780,Cat_28,USA
1381,21,179,361,Cat_21,India
1382,20,168,2905,Cat_20,China
1383,22,16,2073,Cat_22,India
1384,10,93,373,Cat_10,USA
1385,9,96,4866,Cat_9,USA
1386,1,200,3205,Cat_1,India
1387,26,181,2332,Cat_26,India
1388,30,54,4462,Cat_30,USA
1389,18,98,940,Cat_18,USA
1390,1,118,1506,Cat_1,USA
1391,13,114,290,Cat_13,USA
1392,28,181,1288,Cat_28,India
1393,3,193,4690,Cat_3,China
1394,27,50,3563,Cat_27,China
1395,20,18,1556,Cat_20,USA
1396,16,174,864,Cat_16,China
1397,6,99,4971,Cat_6,USA
1398,29,4,393,Cat_29,USA
1399,8,159,839,Cat_8,India
1400,10,191,4529,Cat_10,China
1401,9,147,2753,Cat_9,China
1402,10,174,3809,Cat_10,China
1403,16,142,4868,Cat_16,USA
1404,23,79,3282,Cat_23,USA
1405,30,34,133,Cat_30,India
1406,9,105,4031,Cat_9,India
1407,14,128,4289,Cat_14,China
1408,18,46,3383,Cat_18,India
1409,3,165,1752,Cat_3,USA
1410,27,198,3096,Cat_27,China
1411,17,80,2935,Cat_17,China
1412,23,72,3183,Cat_23,China
1413,6,7,581,Cat_6,China
1414,17,197,3846,Cat_17,USA
1415,27,95,1875,Cat_27,China
1416,1,49,306,Cat_1,India
1417,5,84,1370,Cat_5,China
1418,3,138,2294,Cat_3,India
1419,28,36,3009,Cat_28,India
1420,21,150,2503,Cat_21,USA
1421,30,175,2463,Cat_30,India
1422,4,192,3889,Cat_4,USA
1423,26,179,3559,Cat_26,India
1424,20,158,1849,Cat_20,China
1425,24,30,1580,Cat_24,India
1426,22,133,4529,Cat_22,India
1427,29,198,2054,Cat_29,China
1428,9,14,1050,Cat_9,China
1429,10,119,4986,Cat_10,China
1430,25,65,4254,Cat_25,USA
1431,18,174,4454,Cat_18,China
1432,26,68,3043,Cat_26,China
1433,20,157,4209,Cat_20,USA
1434,30,127,372,Cat_30,USA
1435,12,46,3634,Cat_12,India
1436,6,127,2566,Cat_6,USA
1437,18,112,1576,Cat_18,China
1438,25,29,2956,Cat_25,India
1439,21,113,3838,Cat_21,India
1440,1,121,255,Cat_1,USA
1441,2,158,543,Cat_2,China
1442,12,122,4001,Cat_12,India
1443,1,123,403,Cat_1,USA
1444,15,18,465,Cat_15,USA
1445,3,73,2622,Cat_3,China
1446,19,58,1915,Cat_19,India
1447,1,70,721,Cat_1,India
1448,20,27,1151,Cat_20,China
1449,17,5,932,Cat_17,China
1450,5,194,4925,Cat_5,China
1451,16,45,3410,Cat_16,India
1452,15,73,2458,Cat_15,China
1453,25,6,1780,Cat_25,India
1454,3,200,1742,Cat_3,India
1455,13,45,2411,Cat_13,India
1456,5,44,4812,Cat_5,China
1457,6,99,393,Cat_6,USA
1458,30,72,1747,Cat_30,China
1459,5,64,4419,Cat_5,China
1460,3,132,3954,Cat_3,China
1461,7,133,2794,Cat_7,India
1462,30,179,515,Cat_30,India
1463,6,55,4335,Cat_6,USA
1464,7,192,2541,Cat_7,USA
1465,16,7,2524,Cat_16,China
1466,15,189,2061,Cat_15,USA
1467,5,94,3056,Cat_5,India
1468,9,29,2551,Cat_9,India
1469,9,40,1206,Cat_9,USA
1470,11,23,1542,Cat_11,USA
1471,3,14,2323,Cat_3,China
1472,16,127,110,Cat_16,USA
1473,23,139,3098,Cat_23,China
1474,21,11,4488,Cat_21,China
1475,5,200,3303,Cat_5,India
1476,15,188,4929,Cat_15,China
1477,20,40,2857,Cat_20,USA
1478,19,166,1978,Cat_19,USA
1479,17,125,4900,Cat_17,China
1480,29,114,937,Cat_29,USA
1481,18,135,4789,Cat_18,China
1482,24,111,4698,Cat_24,India
1483,22,54,170,Cat_22,USA
1484,21,34,1284,Cat_21,India
1485,19,10,158,Cat_19,USA
1486,29,163,1797,Cat_29,China
1487,28,146,1343,Cat_28,USA
1488,12,78,2805,Cat_12,India
1489,13,16,3945,Cat_13,India
1490,29,35,4656,Cat_29,China
1491,5,146,3226,Cat_5,USA
1492,25,9,4972,Cat_25,USA
1493,2,172,3496,Cat_2,USA
1494,7,172,3438,Cat_7,USA
1495,28,20,841,Cat_28,India
1496,5,49,1215,Cat_5,India
1497,27,135,3809,Cat_27,China
1498,30,8,4472,Cat_30,USA
1499,19,190,4288,Cat_19,China
1500,18,152,3126,Cat_18,India
1501,1,39,2509,Cat_1,China
1502,18,13,2282,Cat_18,USA
1503,12,162,3723,Cat_12,China
1504,28,131,4559,Cat_28,China
1505,11,36,4439,Cat_11,India
1506,24,193,4655,Cat_24,China
1507,7,60,4040,Cat_7,USA
1508,29,47,4483,Cat_29,India
1509,22,138,4636,Cat_22,India
1510,26,189,2115,Cat_26,USA
1511,8,173,4021,Cat_8,USA
1512,15,134,673,Cat_15,India
1513,9,176,635,Cat_9,India
1514,9,121,3413,Cat_9,USA
1515,23,189,4519,Cat_23,USA
1516,22,168,4251,Cat_22,China
1517,15,180,1799,Cat_15,USA
1518,20,34,1325,Cat_20,India
1519,11,133,682,Cat_11,India
1520,17,160,3192,Cat_17,USA
1521,2,179,4946,Cat_2,India
1522,12,111,4411,Cat_12,India
1523,15,1,3299,Cat_15,India
1524,19,173,2782,Cat_19,USA
1525,10,13,1747,Cat_10,USA
1526,17,158,645,Cat_17,China
1527,24,71,746,Cat_24,USA
1528,2,86,2534,Cat_2,USA
1529,12,156,467,Cat_12,USA
1530,8,176,1284,Cat_8,India
1531,15,150,4539,Cat_15,USA
1532,25,105,215,Cat_25,India
1533,22,82,2556,Cat_22,USA
1534,29,24,4676,Cat_29,USA
1535,7,166,3916,Cat_7,USA
1536,20,169,781,Cat_20,India
1537,21,194,1814,Cat_21,China
1538,27,41,2743,Cat_27,India
1539,12,7,122,Cat_12,China
1540,23,38,1666,Cat_23,China
1541,3,2,573,Cat_3,India
1542,8,39,4937,Cat_8,China
1543,7,128,614,Cat_7,China
1544,8,149,3485,Cat_8,China
1545,11,113,2235,Cat_11,India
1546,27,83,3084,Cat_27,China
1547,30,136,4137,Cat_30,India
1548,4,47,2480,Cat_4,India
1549,1,113,3860,Cat_1,India
1550,7,108,4733,Cat_7,USA
1551,5,136,4410,Cat_5,India
1552,12,138,3598,Cat_12,India
1553,26,41,3764,Cat_26,India
1554,18,103,1770,Cat_18,USA
1555,7,123,931,Cat_7,USA
1556,21,148,359,Cat_21,China
1557,23,138,4374,Cat_23,India
1558,28,76,2735,Cat_28,USA
1559,26,24,4101,Cat_26,USA
1560,18,108,2192,Cat_18,USA
1561,18,70,3525,Cat_18,India
1562,14,99,167,Cat_14,USA
1563,8,101,4836,Cat_8,USA
1564,26,190,4565,Cat_26,China
1565,26,34,4422,Cat_26,India
1566,2,70,3956,Cat_2,India
1567,9,189,472,Cat_9,USA
1568,4,162,3582,Cat_4,China
1569,5,82,3114,Cat_5,USA
1570,21,15,4623,Cat_21,China
1571,10,174,1934,Cat_10,China
1572,24,101,3687,Cat_24,USA
1573,30,12,3192,Cat_30,India
1574,9,73,538,Cat_9,China
1575,20,42,931,Cat_20,China
1576,7,93,2097,Cat_7,USA
1577,27,22,215,Cat_27,India
1578,26,70,1235,Cat_26,India
1579,17,20,739,Cat_17,India
1580,9,31,1542,Cat_9,China
1581,5,173,997,Cat_5,USA
1582,30,43,2063,Cat_30,USA
1583,29,115,3305,Cat_29,China
1584,12,42,1627,Cat_12,China
1585,24,145,1240,Cat_24,India
1586,17,61,1957,Cat_17,China
1587,21,4,847,Cat_21,USA
1588,30,30,4833,Cat_30,India
1589,16,38,1137,Cat_16,China
1590,14,153,1823,Cat_14,USA
1591,14,71,3506,Cat_14,USA
1592,17,56,3551,Cat_17,India
1593,5,30,2673,Cat_5,India
1594,23,97,3709,Cat_23,USA
1595,17,43,2409,Cat_17,USA
1596,29,183,2508,Cat_29,USA
1597,21,28,2517,Cat_21,USA
1598,18,10,2719,Cat_18,USA
1599,29,192,764,Cat_29,USA
1600,2,143,1811,Cat_2,USA
1601,5,66,871,Cat_5,USA
1602,28,140,4555,Cat_28,India
1603,29,195,1023,Cat_29,USA
1604,4,109,2810,Cat_4,USA
1605,15,169,3003,Cat_15,India
1606,19,12,1816,Cat_19,India
1607,13,177,1812,Cat_13,USA
1608,12,160,3072,Cat_12,USA
1609,16,98,3009,Cat_16,USA
1610,26,144,1368,Cat_26,China
1611,24,20,3564,Cat_24,India
1612,26,74,3666,Cat_26,USA
1613,18,67,2079,Cat_18,China
1614,26,193,3623,Cat_26,China
1615,6,53,2254,Cat_6,USA
1616,25,50,1102,Cat_25,China
1617,25,55,2837,Cat_25,USA
1618,23,155,1367,Cat_23,India
1619,3,64,2430,Cat_3,China
1620,15,172,1027,Cat_15,USA
1621,4,117,1789,Cat_4,USA
1622,18,77,892,Cat_18,India
1623,10,190,3776,Cat_10,China
1624,2,21,4744,Cat_2,India
1625,5,142,2751,Cat_5,USA
1626,22,31,4231,Cat_22,China
1627,17,19,2887,Cat_17,India
1628,21,3,1054,Cat_21,India
1629,18,130,2456,Cat_18,USA
1630,28,100,4472,Cat_28,USA
1631,28,15,2095,Cat_28,China
1632,22,73,2273,Cat_22,China
1633,5,131,2963,Cat_5,China
1634,28,151,255,Cat_28,India
1635,1,117,4746,Cat_1,USA
1636,20,187,3981,Cat_20,India
1637,22,104,1215,Cat_22,India
1638,17,24,4752,Cat_17,USA
1639,25,168,3235,Cat_25,China
1640,27,133,4493,Cat_27,India
1641,30,192,3761,Cat_30,USA
1642,19,51,488,Cat_19,China
1643,3,130,2341,Cat_3,USA
1644,18,134,742,Cat_18,India
1645,15,47,1552,Cat_15,India
1646,28,70,1549,Cat_28,India
1647,4,184,2840,Cat_4,USA
1648,2,96,3806,Cat_2,USA
1649,20,25,4222,Cat_20,India
1650,24,136,4034,Cat_24,India
1651,13,43,3220,Cat_13,USA
1652,15,41,456,Cat_15,India
1653,17,119,758,Cat_17,China
1654,26,106,4500,Cat_26,China
1655,26,66,4938,Cat_26,USA
1656,28,91,1844,Cat_28,India
1657,2,90,2600,Cat_2,China
1658,30,182,547,Cat_30,India
1659,16,55,4593,Cat_16,USA
1660,28,187,636,Cat_28,India
1661,19,199,1753,Cat_19,USA
1662,11,195,860,Cat_11,USA
1663,25,152,3740,Cat_25,India
1664,11,74,735,Cat_11,USA
1665,16,17,714,Cat_16,India
1666,2,127,4957,Cat_2,USA
1667,18,85,1408,Cat_18,China
1668,16,45,4248,Cat_16,India
1669,12,89,3033,Cat_12,USA
1670,18,19,1925,Cat_18,India
1671,6,180,3944,Cat_6,USA
1672,19,107,2700,Cat_19,China
1673,1,18,3756,Cat_1,USA
1674,27,61,3495,Cat_27,China
1675,12,22,791,Cat_12,India
1676,29,130,2075,Cat_29,USA
1677,7,186,1164,Cat_7,India
1678,27,147,1909,Cat_27,China
1679,8,35,4026,Cat_8,China
1680,16,195,1588,Cat_16,USA
1681,29,98,4971,Cat_29,USA
1682,18,76,3410,Cat_18,USA
1683,27,91,3869,Cat_27,India
1684,18,45,1330,Cat_18,India
1685,7,53,3246,Cat_7,USA
1686,12,25,3304,Cat_12,India
1687,7,190,1178,Cat_7,China
1688,20,47,3198,Cat_20,India
1689,17,139,3366,Cat_17,China
1690,20,160,4750,Cat_20,USA
1691,11,126,3061,Cat_11,USA
1692,2,194,3396,Cat_2,China
1693,8,93,1888,Cat_8,USA
1694,16,10,1621,Cat_16,USA
1695,19,53,4004,Cat_19,USA
1696,19,175,1753,Cat_19,India
1697,5,15,1749,Cat_5,China
1698,26,56,2211,Cat_26,India
1699,27,168,2233,Cat_27,China
1700,21,92,1448,Cat_21,USA
1701,12,60,559,Cat_12,USA
1702,25,144,837,Cat_25,China
1703,23,120,4156,Cat_23,USA
1704,19,71,2398,Cat_19,USA
1705,6,188,2588,Cat_6,China
1706,9,85,376,Cat_9,China
1707,26,179,1192,Cat_26,India
1708,4,171,1082,Cat_4,China
1709,12,19,4815,Cat_12,India
1710,3,137,917,Cat_3,USA
1711,16,198,2081,Cat_16,China
1712,27,55,4155,Cat_27,USA
1713,19,80,1480,Cat_19,China
1714,17,91,4276,Cat_17,India
1715,16,37,1994,Cat_16,China
1716,17,151,3819,Cat_17,India
1717,30,140,4947,Cat_30,India
1718,15,187,2067,Cat_15,India
1719,20,114,602,Cat_20,USA
1720,15,76,2909,Cat_15,USA
1721,1,142,1667,Cat_1,USA
1722,30,66,2030,Cat_30,USA
1723,11,177,979,Cat_11,USA
1724,7,152,2566,Cat_7,India
1725,22,7,4853,Cat_22,China
1726,22,23,1989,Cat_22,USA
1727,26,169,2399,Cat_26,India
1728,17,154,1462,Cat_17,China
1729,15,159,842,Cat_15,India
1730,24,199,2397,Cat_24,USA
1731,27,85,1761,Cat_27,China
1732,5,178,4393,Cat_5,USA
1733,2,168,2000,Cat_2,China
1734,10,102,2532,Cat_10,USA
1735,24,61,3395,Cat_24,China
1736,29,193,449,Cat_29,China
1737,11,4,637,Cat_11,USA
1738,21,31,1570,Cat_21,China
1739,4,139,4004,Cat_4,China
1740,12,12,1945,Cat_12,India
1741,13,45,3600,Cat_13,India
1742,14,43,3841,Cat_14,USA
1743,7,28,1114,Cat_7,USA
1744,22,86,1968,Cat_22,USA
1745,5,126,1422,Cat_5,USA
1746,9,12,4888,Cat_9,India
1747,29,192,3405,Cat_29,USA
1748,30,79,2311,Cat_30,USA
1749,16,66,4116,Cat_16,USA
1750,28,115,3172,Cat_28,China
1751,3,102,3022,Cat_3,USA
1752,9,76,3147,Cat_9,USA
1753,12,182,2698,Cat_12,India
1754,6,108,4194,Cat_6,USA
1755,6,109,516,Cat_6,USA
1756,29,164,136,Cat_29,China
1757,21,18,417,Cat_21,USA
1758,3,179,3014,Cat_3,India
1759,26,16,1090,Cat_26,India
1760,17,120,3928,Cat_17,USA
1761,5,141,4788,Cat_5,China
1762,24,155,281,Cat_24,India
1763,22,89,1225,Cat_22,USA
1764,14,125,716,Cat_14,China
1765,23,121,4317,Cat_23,USA
1766,27,170,2098,Cat_27,USA
1767,4,165,1618,Cat_4,USA
1768,23,155,3196,Cat_23,India
1769,19,55,1417,Cat_19,USA
1770,8,74,933,Cat_8,USA
1771,17,92,528,Cat_17,USA
1772,4,31,4520,Cat_4,China
1773,14,63,4943,Cat_14,USA
1774,10,144,2990,Cat_10,China
1775,13,17,2093,Cat_13,India
1776,14,161,4877,Cat_14,China
1777,15,188,3240,Cat_15,China
1778,16,133,3860,Cat_16,India
1779,20,165,2510,Cat_20,USA
1780,28,83,2227,Cat_28,China
1781,6,107,2706,Cat_6,China
1782,12,162,357,Cat_12,China
1783,10,177,3720,Cat_10,USA
1784,14,79,3706,Cat_14,USA
1785,4,52,3615,Cat_4,India
1786,14,191,1854,Cat_14,China
1787,22,73,2041,Cat_22,China
1788,14,81,4611,Cat_14,USA
1789,24,160,1972,Cat_24,USA
1790,19,33,3039,Cat_19,India
1791,30,189,2811,Cat_30,USA
1792,24,27,872,Cat_24,China
1793,7,133,1078,Cat_7,India
1794,19,154,949,Cat_19,China
1795,1,34,3831,Cat_1,India
1796,9,41,2969,Cat_9,India
1797,7,100,1311,Cat_7,USA
1798,7,96,3847,Cat_7,USA
1799,8,51,850,Cat_8,China
1800,14,49,2994,Cat_14,India
1801,12,182,1179,Cat_12,India
1802,14,140,2232,Cat_14,India
1803,24,53,4909,Cat_24,USA
1804,25,46,2846,Cat_25,India
1805,1,44,4596,Cat_1,China
1806,17,119,1777,Cat_17,China
1807,21,118,4477,Cat_21,USA
1808,12,97,1932,Cat_12,USA
1809,16,142,708,Cat_16,USA
1810,19,38,3699,Cat_19,China
1811,28,11,1624,Cat_28,China
1812,28,40,2893,Cat_28,USA
1813,22,1,2800,Cat_22,India
1814,16,1,4181,Cat_16,India
1815,17,106,392,Cat_17,China
1816,5,176,3782,Cat_5,India
1817,19,68,394,Cat_19,China
1818,8,117,523,Cat_8,USA
1819,13,85,4593,Cat_13,China
1820,22,22,399,Cat_22,India
1821,3,45,1949,Cat_3,India
1822,20,133,3261,Cat_20,India
1823,1,79,4816,Cat_1,USA
1824,12,42,3996,Cat_12,China
1825,5,112,3971,Cat_5,China
1826,5,93,4014,Cat_5,USA
1827,24,71,3710,Cat_24,USA
1828,2,102,2056,Cat_2,USA
1829,3,4,2756,Cat_3,USA
1830,20,77,1629,Cat_20,India
1831,20,137,3371,Cat_20,USA
1832,8,200,3805,Cat_8,India
1833,5,82,1946,Cat_5,USA
1834,21,122,4906,Cat_21,India
1835,9,90,1705,Cat_9,China
1836,11,197,3019,Cat_11,USA
1837,14,151,534,Cat_14,India
1838,26,112,2846,Cat_26,China
1839,21,90,4961,Cat_21,China
1840,28,110,4621,Cat_28,India
1841,22,17,4219,Cat_22,India
1842,13,180,2464,Cat_13,USA
1843,12,17,407,Cat_12,India
1844,24,46,3617,Cat_24,India
1845,24,11,2589,Cat_24,China
1846,7,103,4548,Cat_7,USA
1847,9,151,4494,Cat_9,India
1848,21,37,2482,Cat_21,China
1849,13,96,3777,Cat_13,USA
1850,16,155,2330,Cat_16,India
1851,4,27,4970,Cat_4,China
1852,2,104,4878,Cat_2,India
1853,8,155,4983,Cat_8,India
1854,3,29,2559,Cat_3,India
1855,5,1,2385,Cat_5,India
1856,5,30,3545,Cat_5,India
1857,28,150,1808,Cat_28,USA
1858,17,152,3935,Cat_17,India
1859,19,137,1692,Cat_19,USA
1860,28,145,2645,Cat_28,India
1861,14,90,2655,Cat_14,China
1862,27,6,2640,Cat_27,India
1863,5,121,1046,Cat_5,USA
1864,20,95,2457,Cat_20,China
1865,27,149,2469,Cat_27,China
1866,12,58,857,Cat_12,India
1867,24,199,2843,Cat_24,USA
1868,1,13,4022,Cat_1,USA
1869,23,109,4155,Cat_23,USA
1870,19,182,3349,Cat_19,India
1871,18,54,155,Cat_18,USA
1872,29,189,1419,Cat_29,USA
1873,13,172,2497,Cat_13,USA
1874,18,171,403,Cat_18,China
1875,7,50,2353,Cat_7,China
1876,4,122,3495,Cat_4,India
1877,23,137,670,Cat_23,USA
1878,4,111,4803,Cat_4,India
1879,19,188,835,Cat_19,China
1880,29,41,410,Cat_29,India
1881,17,87,1560,Cat_17,India
1882,25,31,4575,Cat_25,China
1883,22,74,4178,Cat_22,USA
1884,13,199,650,Cat_13,USA
1885,5,134,894,Cat_5,India
1886,22,23,2458,Cat_22,USA
1887,17,160,1931,Cat_17,USA
1888,2,47,1838,Cat_2,India
1889,14,20,3166,Cat_14,India
1890,14,68,1016,Cat_14,China
1891,27,109,3307,Cat_27,USA
1892,2,55,4109,Cat_2,USA
1893,28,21,2777,Cat_28,India
1894,14,81,4104,Cat_14,USA
1895,18,185,1871,Cat_18,USA
1896,22,101,2758,Cat_22,USA
1897,19,193,2515,Cat_19,China
1898,4,140,2705,Cat_4,India
1899,30,15,3930,Cat_30,China
1900,8,110,3297,Cat_8,India
1901,18,63,4552,Cat_18,USA
1902,1,179,868,Cat_1,India
1903,2,111,820,Cat_2,India
1904,6,35,1669,Cat_6,China
1905,16,188,1393,Cat_16,China
1906,15,195,2167,Cat_15,USA
1907,9,123,4898,Cat_9,USA
1908,9,32,1384,Cat_9,China
1909,27,14,3011,Cat_27,China
1910,13,26,3031,Cat_13,China
1911,6,133,4539,Cat_6,India
1912,20,66,1473,Cat_20,USA
1913,15,37,3138,Cat_15,China
1914,17,143,4535,Cat_17,USA
1915,8,169,3099,Cat_8,India
1916,9,46,4359,Cat_9,India
1917,18,49,2014,Cat_18,India
1918,26,92,4072,Cat_26,USA
1919,22,164,2779,Cat_22,China
1920,30,127,1594,Cat_30,USA
1921,11,174,4560,Cat_11,China
1922,28,68,3088,Cat_28,China
1923,1,196,2099,Cat_1,India
1924,13,95,861,Cat_13,China
1925,12,27,1446,Cat_12,China
1926,16,154,1275,Cat_16,China
1927,12,28,3869,Cat_12,USA
1928,30,180,1538,Cat_30,USA
1929,24,14,4671,Cat_24,China
1930,1,167,1154,Cat_1,China
1931,30,196,1508,Cat_30,India
1932,15,61,2721,Cat_15,China
1933,18,188,590,Cat_18,China
1934,21,52,2624,Cat_21,India
1935,6,16,2883,Cat_6,India
1936,14,2,4988,Cat_14,India
1937,16,13,548,Cat_16,USA
1938,14,172,3192,Cat_14,USA
1939,18,68,1856,Cat_18,China
1940,29,154,3755,Cat_29,China
1941,11,169,2917,Cat_11,India
1942,9,171,4663,Cat_9,China
1943,26,96,3540,Cat_26,USA
1944,4,43,2941,Cat_4,USA
1945,11,20,4548,Cat_11,India
1946,29,75,3112,Cat_29,India
1947,17,15,2608,Cat_17,China
1948,13,104,4304,Cat_13,India
1949,25,70,2336,Cat_25,India
1950,3,20,595,Cat_3,India
1951,10,15,1051,Cat_10,China
1952,11,101,395,Cat_11,USA
1953,6,86,227,Cat_6,USA
1954,26,78,1698,Cat_26,India
1955,17,110,855,Cat_17,India
1956,24,118,552,Cat_24,USA
1957,15,131,2947,Cat_15,China
1958,8,95,3887,Cat_8,China
1959,19,29,4548,Cat_19,India
1960,26,20,3944,Cat_26,India
1961,26,82,581,Cat_26,USA
1962,22,81,4770,Cat_22,USA
1963,11,48,3285,Cat_11,China
1964,4,114,146,Cat_4,USA
1965,15,115,458,Cat_15,China
1966,8,78,3062,Cat_8,India
1967,4,163,2837,Cat_4,China
1968,8,132,345,Cat_8,China
1969,27,22,3857,Cat_27,India
1970,10,62,4124,Cat_10,USA
1971,14,94,1335,Cat_14,India
1972,24,124,3819,Cat_24,India
1973,15,35,4280,Cat_15,China
1974,23,150,1645,Cat_23,USA
1975,6,45,1984,Cat_6,India
1976,18,196,2142,Cat_18,India
1977,15,167,339,Cat_15,China
1978,7,193,4477,Cat_7,China
1979,30,36,3221,Cat_30,India
1980,9,167,2937,Cat_9,China
1981,21,78,578,Cat_21,India
1982,20,157,3942,Cat_20,USA
1983,6,139,1977,Cat_6,China
1984,15,97,1944,Cat_15,USA
1985,15,113,765,Cat_15,India
1986,20,102,3925,Cat_20,USA
1987,26,167,3106,Cat_26,China
1988,16,65,1008,Cat_16,USA
1989,24,186,681,Cat_24,India
1990,20,122,4838,Cat_20,India
1991,22,184,4827,Cat_22,USA
1992,10,90,356,Cat_10,China
1993,20,180,3830,Cat_20,USA
1994,13,12,4367,Cat_13,India
1995,20,124,3896,Cat_20,India
1996,17,166,3364,Cat_17,USA
1997,7,31,213,Cat_7,China
1998,23,71,2037,Cat_23,USA
1999,14,172,4188,Cat_14,USA
2000,7,47,2942,Cat_7,India
2001,5,60,1243,Cat_5,USA
2002,10,143,3308,Cat_10,USA
2003,25,140,252,Cat_25,India
2004,19,98,920,Cat_19,USA
2005,6,152,4682,Cat_6,India
2006,24,29,2978,Cat_24,India
2007,23,35,3139,Cat_23,China
2008,27,1,1000,Cat_27,India
2009,26,94,4318,Cat_26,India
2010,5,169,1635,Cat_5,India
2011,17,12,3406,Cat_17,India
2012,22,172,4801,Cat_22,USA
2013,2,4,4004,Cat_2,USA
2014,28,22,831,Cat_28,India
2015,15,142,1659,Cat_15,USA
2016,4,166,1974,Cat_4,USA
2017,4,82,2437,Cat_4,USA
2018,21,17,318,Cat_21,India
2019,11,65,1405,Cat_11,USA
2020,10,142,2505,Cat_10,USA
2021,14,107,3734,Cat_14,China
2022,4,101,2984,Cat_4,USA
2023,10,149,1249,Cat_10,China
2024,26,165,1463,Cat_26,USA
2025,7,129,3434,Cat_7,China
2026,26,85,2140,Cat_26,China
2027,27,42,558,Cat_27,China
2028,29,133,1773,Cat_29,India
2029,14,26,3109,Cat_14,China
2030,9,40,2035,Cat_9,USA
2031,11,110,4606,Cat_11,India
2032,20,176,4842,Cat_20,India
2033,23,5,605,Cat_23,China
2034,13,28,1455,Cat_13,USA
2035,13,102,1576,Cat_13,USA
2036,8,109,2193,Cat_8,USA
2037,5,67,3548,Cat_5,China
2038,8,195,819,Cat_8,USA
2039,13,92,2929,Cat_13,USA
2040,23,192,3601,Cat_23,USA
2041,24,3,4495,Cat_24,India
2042,7,163,3147,Cat_7,China
2043,2,183,1102,Cat_2,USA
2044,28,155,736,Cat_28,India
2045,10,120,3900,Cat_10,USA
2046,26,130,2099,Cat_26,USA
2047,3,77,2554,Cat_3,India
2048,18,150,2994,Cat_18,USA
2049,6,68,3799,Cat_6,China
2050,25,137,4615,Cat_25,USA
2051,15,63,2717,Cat_15,USA
2052,19,70,4785,Cat_19,India
2053,19,105,999,Cat_19,India
2054,27,172,624,Cat_27,USA
2055,13,161,977,Cat_13,China
2056,23,77,3231,Cat_23,India
2057,22,155,4090,Cat_22,India
2058,30,70,4378,Cat_30,India
2059,1,121,4101,Cat_1,USA
2060,15,127,681,Cat_15,USA
2061,12,31,637,Cat_12,China
2062,18,54,4113,Cat_18,USA
2063,13,130,2151,Cat_13,USA
2064,10,103,1048,Cat_10,USA
2065,13,82,4017,Cat_13,USA
2066,7,25,1728,Cat_7,India
2067,12,84,2834,Cat_12,China
2068,21,3,3556,Cat_21,India
2069,9,66,2174,Cat_9,USA
2070,29,91,2335,Cat_29,India
2071,26,101,3161,Cat_26,USA
2072,8,187,2359,Cat_8,India
2073,3,131,4532,Cat_3,China
2074,21,128,1944,Cat_21,China
2075,7,45,897,Cat_7,India
2076,10,175,4487,Cat_10,India
2077,16,138,2149,Cat_16,India
2078,27,24,1838,Cat_27,USA
2079,28,95,4714,Cat_28,China
2080,30,76,2704,Cat_30,USA
2081,15,161,2467,Cat_15,China
2082,11,122,2088,Cat_11,India
2083,11,186,911,Cat_11,India
2084,1,164,2292,Cat_1,China
2085,7,1,2697,Cat_7,India
2086,15,9,400,Cat_15,USA
2087,28,5,2643,Cat_28,China
2088,28,55,3700,Cat_28,USA
2089,14,189,623,Cat_14,USA
2090,14,194,1348,Cat_14,China
2091,6,55,1592,Cat_6,USA
2092,17,71,2608,Cat_17,USA
2093,29,74,4747,Cat_29,USA
2094,23,28,1748,Cat_23,USA
2095,13,133,1558,Cat_13,India
2096,18,144,2855,Cat_18,China
2097,14,105,4834,Cat_14,India
2098,8,144,3497,Cat_8,China
2099,2,26,3256,Cat_2,China
2100,4,135,4349,Cat_4,China
2101,11,1,3782,Cat_11,India
2102,28,101,3011,Cat_28,USA
2103,21,145,312,Cat_21,India
2104,10,128,1387,Cat_10,China
2105,23,26,997,Cat_23,China
2106,15,183,4896,Cat_15,USA
2107,23,128,2760,Cat_23,China
2108,14,15,4081,Cat_14,China
2109,14,85,405,Cat_14,China
2110,14,123,127,Cat_14,USA
2111,11,65,1460,Cat_11,USA
2112,19,171,2481,Cat_19,China
2113,3,179,4417,Cat_3,India
2114,1,66,3383,Cat_1,USA
2115,17,36,2922,Cat_17,India
2116,28,95,538,Cat_28,China
2117,13,80,2000,Cat_13,China
2118,27,72,1528,Cat_27,China
2119,28,22,3701,Cat_28,India
2120,26,57,3172,Cat_26,USA
2121,2,174,3221,Cat_2,China
2122,8,28,2725,Cat_8,USA
2123,17,72,1304,Cat_17,China
2124,23,105,1732,Cat_23,India
2125,5,72,4090,Cat_5,China
2126,14,60,2263,Cat_14,USA
2127,22,9,2672,Cat_22,USA
2128,20,73,1972,Cat_20,China
2129,21,159,1159,Cat_21,India
2130,17,159,4538,Cat_17,India
2131,26,15,802,Cat_26,China
2132,19,29,235,Cat_19,India
2133,1,45,176,Cat_1,India
2134,2,170,1286,Cat_2,USA
2135,4,29,1190,Cat_4,India
2136,27,164,3070,Cat_27,China
2137,23,74,3559,Cat_23,USA
2138,13,70,2382,Cat_13,India
2139,14,185,345,Cat_14,USA
2140,3,128,2181,Cat_3,China
2141,26,100,1187,Cat_26,USA
2142,18,181,3054,Cat_18,India
2143,13,80,2660,Cat_13,China
2144,21,189,4766,Cat_21,USA
2145,5,47,4649,Cat_5,India
2146,28,155,3035,Cat_28,India
2147,20,133,177,Cat_20,India
2148,9,78,3709,Cat_9,India
2149,6,22,4228,Cat_6,India
2150,30,11,2883,Cat_30,China
2151,21,197,2100,Cat_21,USA
2152,7,81,3058,Cat_7,USA
2153,6,73,3834,Cat_6,China
2154,16,187,4207,Cat_16,India
2155,9,67,1338,Cat_9,China
2156,23,169,3218,Cat_23,India
2157,3,142,582,Cat_3,USA
2158,20,134,4480,Cat_20,India
2159,15,17,4873,Cat_15,India
2160,18,179,4830,Cat_18,India
2161,29,2,3559,Cat_29,India
2162,10,85,4185,Cat_10,China
2163,11,125,438,Cat_11,China
2164,25,26,4135,Cat_25,China
2165,4,8,307,Cat_4,USA
2166,15,47,1553,Cat_15,India
2167,15,58,578,Cat_15,India
2168,9,119,554,Cat_9,China
2169,30,100,1938,Cat_30,USA
2170,16,156,1877,Cat_16,USA
2171,19,116,1576,Cat_19,India
2172,29,200,3089,Cat_29,India
2173,10,126,4483,Cat_10,USA
2174,7,119,2014,Cat_7,China
2175,17,4,1516,Cat_17,USA
2176,28,160,4365,Cat_28,USA
2177,25,166,2539,Cat_25,USA
2178,19,152,4549,Cat_19,India
2179,18,1,1696,Cat_18,India
2180,4,41,4643,Cat_4,India
2181,16,96,657,Cat_16,USA
2182,4,37,215,Cat_4,China
2183,7,48,332,Cat_7,China
2184,22,79,1559,Cat_22,USA
2185,20,113,1076,Cat_20,India
2186,21,132,3728,Cat_21,China
2187,16,43,2627,Cat_16,USA
2188,7,123,3784,Cat_7,USA
2189,16,8,1899,Cat_16,USA
2190,3,183,4383,Cat_3,USA
2191,1,190,758,Cat_1,China
2192,5,184,2715,Cat_5,USA
2193,25,181,3280,Cat_25,India
2194,28,156,1417,Cat_28,USA
2195,13,29,2398,Cat_13,India
2196,1,65,2863,Cat_1,USA
2197,30,193,1985,Cat_30,China
2198,9,167,4853,Cat_9,China
2199,1,176,4535,Cat_1,India
2200,12,147,2472,Cat_12,China
2201,15,192,1477,Cat_15,USA
2202,12,116,4676,Cat_12,India
2203,3,166,3746,Cat_3,USA
2204,9,141,1489,Cat_9,China
2205,5,30,410,Cat_5,India
2206,30,126,1309,Cat_30,USA
2207,13,181,4593,Cat_13,India
2208,28,51,2694,Cat_28,China
2209,3,33,2357,Cat_3,India
2210,6,123,2950,Cat_6,USA
2211,28,178,4968,Cat_28,USA
2212,5,167,2971,Cat_5,China
2213,27,55,1312,Cat_27,USA
2214,5,187,3130,Cat_5,India
2215,19,163,3524,Cat_19,China
2216,7,9,879,Cat_7,USA
2217,5,178,2460,Cat_5,USA
2218,25,77,1398,Cat_25,India
2219,13,187,4478,Cat_13,India
2220,20,55,3015,Cat_20,USA
2221,6,173,3628,Cat_6,USA
2222,17,26,641,Cat_17,China
2223,4,178,1616,Cat_4,USA
2224,29,105,2615,Cat_29,India
2225,3,56,3668,Cat_3,India
2226,5,111,1889,Cat_5,India
2227,25,185,2351,Cat_25,USA
2228,28,55,2288,Cat_28,USA
2229,1,165,4554,Cat_1,USA
2230,15,125,835,Cat_15,China
2231,28,152,4719,Cat_28,India
2232,10,158,657,Cat_10,China
2233,22,128,620,Cat_22,China
2234,23,21,1860,Cat_23,India
2235,5,145,394,Cat_5,India
2236,7,9,1554,Cat_7,USA
2237,24,56,3856,Cat_24,India
2238,2,176,4147,Cat_2,India
2239,19,168,1139,Cat_19,China
2240,5,20,788,Cat_5,India
2241,5,47,2939,Cat_5,India
2242,13,173,2360,Cat_13,USA
2243,29,27,2046,Cat_29,China
2244,11,110,1294,Cat_11,India
2245,16,83,1342,Cat_16,China
2246,4,180,2933,Cat_4,USA
2247,17,142,998,Cat_17,USA
2248,11,118,3629,Cat_11,USA
2249,28,185,112,Cat_28,USA
2250,11,184,1666,Cat_11,USA
2251,12,161,4923,Cat_12,China
2252,14,159,3654,Cat_14,India
2253,2,112,3320,Cat_2,China
2254,4,105,728,Cat_4,India
2255,14,143,761,Cat_14,USA
2256,8,78,1331,Cat_8,India
2257,24,112,1147,Cat_24,China
2258,25,89,824,Cat_25,USA
2259,18,46,2031,Cat_18,India
2260,17,117,2350,Cat_17,USA
2261,19,168,994,Cat_19,China
2262,22,175,3049,Cat_22,India
2263,30,99,2969,Cat_30,USA
2264,20,93,1601,Cat_20,USA
2265,8,83,144,Cat_8,China
2266,1,87,2624,Cat_1,India
2267,10,77,1038,Cat_10,India
2268,11,196,4332,Cat_11,India
2269,12,55,3327,Cat_12,USA
2270,30,170,692,Cat_30,USA
2271,4,28,1533,Cat_4,USA
2272,14,68,2353,Cat_14,China
2273,25,155,1082,Cat_25,India
2274,8,131,802,Cat_8,China
2275,13,58,2778,Cat_13,India
2276,8,78,1636,Cat_8,India
2277,4,45,1354,Cat_4,India
2278,25,3,4550,Cat_25,India
2279,28,137,3054,Cat_28,USA
2280,27,38,3647,Cat_27,China
2281,14,198,4837,Cat_14,China
2282,11,178,2235,Cat_11,USA
2283,10,141,1162,Cat_10,China
2284,14,71,4429,Cat_14,USA
2285,29,149,4993,Cat_29,China
2286,20,63,2414,Cat_20,USA
2287,5,104,1331,Cat_5,India
2288,4,86,1115,Cat_4,USA
2289,21,18,2498,Cat_21,USA
2290,5,164,3991,Cat_5,China
2291,11,12,4083,Cat_11,India
2292,25,112,2431,Cat_25,China
2293,10,7,2005,Cat_10,China
2294,14,146,3521,Cat_14,USA
2295,17,60,1014,Cat_17,USA
2296,15,142,3838,Cat_15,USA
2297,3,97,1503,Cat_3,USA
2298,26,36,3242,Cat_26,India
2299,28,120,4508,Cat_28,USA
2300,10,100,512,Cat_10,USA
2301,16,110,3081,Cat_16,India
2302,4,8,4383,Cat_4,USA
2303,21,98,4260,Cat_21,USA
2304,22,27,4212,Cat_22,China
2305,30,92,1084,Cat_30,USA
2306,2,61,3587,Cat_2,China
2307,7,35,4175,Cat_7,China
2308,7,150,377,Cat_7,USA
2309,18,26,4666,Cat_18,China
2310,13,53,2141,Cat_13,USA
2311,22,103,1693,Cat_22,USA
2312,18,36,1702,Cat_18,India
2313,13,190,3867,Cat_13,China
2314,23,99,1830,Cat_23,USA
2315,16,181,3323,Cat_16,India
2316,27,137,1897,Cat_27,USA
2317,3,134,2451,Cat_3,India
2318,4,160,2746,Cat_4,USA
2319,2,179,231,Cat_2,India
2320,3,86,2434,Cat_3,USA
2321,25,15,938,Cat_25,China
2322,5,156,2694,Cat_5,USA
2323,7,151,4755,Cat_7,India
2324,27,200,992,Cat_27,India
2325,12,99,4947,Cat_12,USA
2326,5,9,1475,Cat_5,USA
2327,22,19,1312,Cat_22,India
2328,22,119,1444,Cat_22,China
2329,30,29,4078,Cat_30,India
2330,5,163,1911,Cat_5,China
2331,19,65,573,Cat_19,USA
2332,4,187,4328,Cat_4,India
2333,15,26,1263,Cat_15,China
2334,22,193,2346,Cat_22,China
2335,24,20,952,Cat_24,India
2336,23,180,2155,Cat_23,USA
2337,22,153,3894,Cat_22,USA
2338,17,29,248,Cat_17,India
2339,11,144,241,Cat_11,China
2340,11,138,953,Cat_11,India
2341,8,77,881,Cat_8,India
2342,24,17,2935,Cat_24,India
2343,12,53,3748,Cat_12,USA
2344,22,199,691,Cat_22,USA
2345,17,79,1263,Cat_17,USA
2346,8,196,4421,Cat_8,India
2347,8,54,1252,Cat_8,USA
2348,22,147,3390,Cat_22,China
2349,10,68,2116,Cat_10,China
2350,27,140,2203,Cat_27,India
2351,6,170,4807,Cat_6,USA
2352,19,45,1380,Cat_19,India
2353,13,123,3804,Cat_13,USA
2354,7,67,546,Cat_7,China
2355,5,19,1832,Cat_5,India
2356,24,88,3061,Cat_24,India
2357,7,25,1689,Cat_7,India
2358,17,123,3899,Cat_17,USA
2359,13,89,4484,Cat_13,USA
2360,2,111,1407,Cat_2,India
2361,15,115,4793,Cat_15,China
2362,30,186,3290,Cat_30,India
2363,12,126,2877,Cat_12,USA
2364,21,29,1191,Cat_21,India
2365,2,9,3923,Cat_2,USA
2366,3,6,584,Cat_3,India
2367,25,43,2098,Cat_25,USA
2368,17,137,4339,Cat_17,USA
2369,21,178,2417,Cat_21,USA
2370,23,74,3341,Cat_23,USA
2371,27,73,4043,Cat_27,China
2372,3,86,1245,Cat_3,USA
2373,20,145,4607,Cat_20,India
2374,13,144,1711,Cat_13,China
2375,23,90,4517,Cat_23,China
2376,23,192,2140,Cat_23,USA
2377,10,77,4552,Cat_10,India
2378,2,61,3999,Cat_2,China
2379,14,88,1265,Cat_14,India
2380,30,79,4944,Cat_30,USA
2381,10,33,2234,Cat_10,India
2382,26,111,3838,Cat_26,India
2383,17,48,4205,Cat_17,China
2384,8,35,2551,Cat_8,China
2385,9,96,2140,Cat_9,USA
2386,8,153,306,Cat_8,USA
2387,9,92,3708,Cat_9,USA
2388,16,25,3380,Cat_16,India
2389,27,172,2939,Cat_27,USA
2390,15,43,2415,Cat_15,USA
2391,17,102,3306,Cat_17,USA
2392,18,120,3449,Cat_18,USA
2393,22,31,2962,Cat_22,China
2394,18,107,4813,Cat_18,China
2395,1,77,2443,Cat_1,India
2396,21,84,4684,Cat_21,China
2397,3,49,2252,Cat_3,India
2398,11,2,2875,Cat_11,India
2399,26,108,228,Cat_26,USA
2400,20,92,197,Cat_20,USA
2401,23,98,3149,Cat_23,USA
2402,30,167,3847,Cat_30,China
2403,9,82,2705,Cat_9,USA
2404,9,167,596,Cat_9,China
2405,25,117,4287,Cat_25,USA
2406,12,87,1825,Cat_12,India
2407,3,30,3017,Cat_3,India
2408,27,183,1406,Cat_27,USA
2409,4,196,1217,Cat_4,India
2410,24,113,4301,Cat_24,India
2411,11,127,1505,Cat_11,USA
2412,30,91,4177,Cat_30,India
2413,25,37,435,Cat_25,China
2414,2,58,3603,Cat_2,India
2415,14,95,4517,Cat_14,China
2416,28,182,3519,Cat_28,India
2417,7,10,3399,Cat_7,USA
2418,26,62,294,Cat_26,USA
2419,24,96,1788,Cat_24,USA
2420,4,117,1181,Cat_4,USA
2421,19,61,3097,Cat_19,China
2422,17,125,1288,Cat_17,China
2423,14,11,1185,Cat_14,China
2424,1,63,3053,Cat_1,USA
2425,9,77,1882,Cat_9,India
2426,23,111,3876,Cat_23,India
2427,19,100,3208,Cat_19,USA
2428,1,163,2354,Cat_1,China
2429,27,42,3981,Cat_27,China
2430,20,4,3472,Cat_20,USA
2431,11,115,1684,Cat_11,China
2432,19,79,132,Cat_19,USA
2433,3,145,3490,Cat_3,India
2434,22,96,222,Cat_22,USA
2435,10,152,2534,Cat_10,India
2436,21,188,1318,Cat_21,China
2437,21,127,2138,Cat_21,USA
2438,12,70,2173,Cat_12,India
2439,19,113,2099,Cat_19,India
2440,17,68,4428,Cat_17,China
2441,29,176,288,Cat_29,India
2442,15,179,358,Cat_15,India
2443,4,138,3522,Cat_4,India
2444,13,113,2625,Cat_13,India
2445,25,123,4718,Cat_25,USA
2446,11,8,1631,Cat_11,USA
2447,16,101,4317,Cat_16,USA
2448,28,19,2203,Cat_28,India
2449,1,7,365,Cat_1,China
2450,21,48,1210,Cat_21,China
2451,12,178,458,Cat_12,USA
2452,26,124,4371,Cat_26,India
2453,9,98,1791,Cat_9,USA
2454,6,30,773,Cat_6,India
2455,13,65,4267,Cat_13,USA
2456,16,6,3348,Cat_16,India
2457,5,48,2129,Cat_5,China
2458,21,50,1476,Cat_21,China
2459,26,177,1125,Cat_26,USA
2460,22,122,837,Cat_22,India
2461,3,72,2914,Cat_3,China
2462,27,103,884,Cat_27,USA
2463,27,38,225,Cat_27,China
2464,22,133,1019,Cat_22,India
2465,7,68,734,Cat_7,China
2466,2,183,3437,Cat_2,USA
2467,27,106,1587,Cat_27,China
2468,8,92,2536,Cat_8,USA
2469,3,28,3476,Cat_3,USA
2470,29,4,2012,Cat_29,USA
2471,21,197,2314,Cat_21,USA
2472,6,46,2849,Cat_6,India
2473,26,18,4476,Cat_26,USA
2474,5,142,178,Cat_5,USA
2475,6,146,4205,Cat_6,USA
2476,23,8,2437,Cat_23,USA
2477,7,120,3673,Cat_7,USA
2478,7,70,2339,Cat_7,India
2479,28,30,4183,Cat_28,India
2480,21,102,4058,Cat_21,USA
2481,1,148,956,Cat_1,China
2482,12,190,896,Cat_12,China
2483,16,103,3523,Cat_16,USA
2484,6,61,4195,Cat_6,China
2485,5,68,4653,Cat_5,China
2486,26,98,1393,Cat_26,USA
2487,12,11,228,Cat_12,China
2488,4,14,1865,Cat_4,China
2489,28,5,2980,Cat_28,China
2490,2,67,3449,Cat_2,China
2491,28,148,3911,Cat_28,China
2492,19,182,3506,Cat_19,India
2493,21,29,4368,Cat_21,India
2494,24,1,1587,Cat_24,India
2495,3,20,4369,Cat_3,India
2496,16,31,3732,Cat_16,China
2497,27,171,2860,Cat_27,China
2498,18,86,3199,Cat_18,USA
2499,30,111,4200,Cat_30,India
2500,29,80,4560,Cat_29,China
2501,13,26,4327,Cat_13,China
2502,18,115,3039,Cat_18,China
2503,14,124,1294,Cat_14,India
2504,9,137,2378,Cat_9,USA
2505,10,168,3719,Cat_10,China
2506,1,91,221,Cat_1,India
2507,25,131,1081,Cat_25,China
2508,12,142,2789,Cat_12,USA
2509,6,54,1131,Cat_6,USA
2510,8,13,2666,Cat_8,USA
2511,22,51,4135,Cat_22,China
2512,8,60,3985,Cat_8,USA
2513,3,38,1062,Cat_3,China
2514,6,13,3407,Cat_6,USA
2515,14,112,3420,Cat_14,China
2516,14,200,4522,Cat_14,India
2517,11,112,1472,Cat_11,China
2518,3,38,3538,Cat_3,China
2519,7,158,1141,Cat_7,China
2520,9,22,508,Cat_9,India
2521,12,61,3562,Cat_12,China
2522,24,185,1746,Cat_24,USA
2523,20,98,869,Cat_20,USA
2524,17,26,4065,Cat_17,China
2525,7,9,272,Cat_7,USA
2526,25,37,2882,Cat_25,China
2527,4,11,4186,Cat_4,China
2528,6,3,2976,Cat_6,India
2529,21,147,2752,Cat_21,China
2530,9,91,612,Cat_9,India
2531,12,152,4386,Cat_12,India
2532,6,33,129,Cat_6,India
2533,18,80,2732,Cat_18,China
2534,9,128,4839,Cat_9,China
2535,16,56,4177,Cat_16,India
2536,24,111,4202,Cat_24,India
2537,10,188,4608,Cat_10,China
2538,9,43,4243,Cat_9,USA
2539,15,142,2914,Cat_15,USA
2540,5,23,4757,Cat_5,USA
2541,21,168,2088,Cat_21,China
2542,19,121,1812,Cat_19,USA
2543,26,75,1853,Cat_26,India
2544,3,72,828,Cat_3,China
2545,17,152,3293,Cat_17,India
2546,6,21,1842,Cat_6,India
2547,12,116,4626,Cat_12,India
2548,29,113,992,Cat_29,India
2549,17,10,1126,Cat_17,USA
2550,19,65,3213,Cat_19,USA
2551,8,13,2747,Cat_8,USA
2552,22,63,1216,Cat_22,USA
2553,9,190,614,Cat_9,China
2554,8,63,3975,Cat_8,USA
2555,9,182,3690,Cat_9,India
2556,13,115,1492,Cat_13,China
2557,3,178,464,Cat_3,USA
2558,21,55,1214,Cat_21,USA
2559,8,109,1986,Cat_8,USA
2560,8,185,4662,Cat_8,USA
2561,18,104,2131,Cat_18,India
2562,20,170,2245,Cat_20,USA
2563,11,156,1439,Cat_11,USA
2564,29,128,1379,Cat_29,China
2565,27,157,2005,Cat_27,USA
2566,13,26,3889,Cat_13,China
2567,4,6,3265,Cat_4,India
2568,15,56,1196,Cat_15,India
2569,8,15,3004,Cat_8,China
2570,10,19,1784,Cat_10,India
2571,8,167,2203,Cat_8,China
2572,9,60,862,Cat_9,USA
2573,3,135,3036,Cat_3,China
2574,24,119,4679,Cat_24,China
2575,17,176,265,Cat_17,India
2576,4,196,1799,Cat_4,India
2577,14,177,2807,Cat_14,USA
2578,16,43,886,Cat_16,USA
2579,26,169,1139,Cat_26,India
2580,17,122,158,Cat_17,India
2581,15,126,2630,Cat_15,USA
2582,20,126,2156,Cat_20,USA
2583,2,68,2385,Cat_2,China
2584,20,141,4925,Cat_20,China
2585,29,191,4084,Cat_29,China
2586,27,191,380,Cat_27,China
2587,5,73,2777,Cat_5,China
2588,14,167,235,Cat_14,China
2589,8,3,2516,Cat_8,India
2590,15,194,3024,Cat_15,China
2591,19,108,4051,Cat_19,USA
2592,11,37,3871,Cat_11,China
2593,14,182,1331,Cat_14,India
2594,24,89,1971,Cat_24,USA
2595,3,115,123,Cat_3,China
2596,6,190,2193,Cat_6,China
2597,2,45,608,Cat_2,India
2598,25,82,2969,Cat_25,USA
2599,10,13,1026,Cat_10,USA
2600,15,180,1527,Cat_15,USA
2601,10,60,3429,Cat_10,USA
2602,12,196,556,Cat_12,India
2603,14,109,4915,Cat_14,USA
2604,14,89,4247,Cat_14,USA
2605,22,78,3240,Cat_22,India
2606,8,94,1642,Cat_8,India
2607,30,81,2073,Cat_30,USA
2608,16,93,1421,Cat_16,USA
2609,2,27,3929,Cat_2,China
2610,2,11,2844,Cat_2,China
2611,26,185,2856,Cat_26,USA
2612,20,21,2394,Cat_20,India
2613,14,17,1931,Cat_14,India
2614,25,18,3418,Cat_25,USA
2615,22,128,1761,Cat_22,China
2616,23,87,4494,Cat_23,India
2617,26,53,1438,Cat_26,USA
2618,19,45,3642,Cat_19,India
2619,22,123,3790,Cat_22,USA
2620,23,105,143,Cat_23,India
2621,25,45,3399,Cat_25,India
2622,13,41,2599,Cat_13,India
2623,19,15,667,Cat_19,China
2624,9,78,3592,Cat_9,India
2625,20,142,287,Cat_20,USA
2626,6,120,4572,Cat_6,USA
2627,14,198,1294,Cat_14,China
2628,30,21,1889,Cat_30,India
2629,6,86,3270,Cat_6,USA
2630,28,169,1585,Cat_28,India
2631,10,73,438,Cat_10,China
2632,1,144,627,Cat_1,China
2633,27,167,4709,Cat_27,China
2634,25,32,947,Cat_25,China
2635,2,17,365,Cat_2,India
2636,3,89,826,Cat_3,USA
2637,19,33,3325,Cat_19,India
2638,21,55,351,Cat_21,USA
2639,7,159,671,Cat_7,India
2640,11,22,4190,Cat_11,India
2641,30,99,2612,Cat_30,USA
2642,29,31,598,Cat_29,China
2643,10,42,4410,Cat_10,China
2644,10,141,1876,Cat_10,China
2645,30,68,2154,Cat_30,China
2646,17,181,3985,Cat_17,India
2647,13,159,3348,Cat_13,India
2648,11,35,719,Cat_11,China
2649,29,114,4488,Cat_29,USA
2650,19,177,1340,Cat_19,USA
2651,18,10,4600,Cat_18,USA
2652,19,189,1843,Cat_19,USA
2653,4,166,506,Cat_4,USA
2654,9,72,4976,Cat_9,China
2655,29,133,775,Cat_29,India
2656,6,53,2633,Cat_6,USA
2657,16,137,1337,Cat_16,USA
2658,28,193,1364,Cat_28,China
2659,10,41,3214,Cat_10,India
2660,14,62,1325,Cat_14,USA
2661,10,169,843,Cat_10,India
2662,5,155,1863,Cat_5,India
2663,19,24,2837,Cat_19,USA
2664,4,23,593,Cat_4,USA
2665,8,194,119,Cat_8,China
2666,6,122,3289,Cat_6,India
2667,4,116,929,Cat_4,India
2668,14,149,1171,Cat_14,China
2669,19,16,1746,Cat_19,India
2670,5,176,2941,Cat_5,India
2671,23,194,3307,Cat_23,China
2672,9,4,3608,Cat_9,USA
2673,13,138,4854,Cat_13,India
2674,25,68,2021,Cat_25,China
2675,23,146,2981,Cat_23,USA
2676,25,40,2566,Cat_25,USA
2677,21,75,121,Cat_21,India
2678,18,128,3686,Cat_18,China
2679,24,70,4061,Cat_24,India
2680,1,17,3220,Cat_1,India
2681,24,131,2765,Cat_24,China
2682,19,156,4524,Cat_19,USA
2683,25,34,4009,Cat_25,India
2684,25,197,3983,Cat_25,USA
2685,7,132,2868,Cat_7,China
2686,27,127,836,Cat_27,USA
2687,26,46,519,Cat_26,India
2688,24,177,4453,Cat_24,USA
2689,28,112,4962,Cat_28,China
2690,22,41,3326,Cat_22,India
2691,23,34,3477,Cat_23,India
2692,1,29,2074,Cat_1,India
2693,6,167,1135,Cat_6,China
2694,11,95,2115,Cat_11,China
2695,26,188,2049,Cat_26,China
2696,29,15,1717,Cat_29,China
2697,22,27,4783,Cat_22,China
2698,26,52,2657,Cat_26,India
2699,3,193,1400,Cat_3,China
2700,13,122,3511,Cat_13,India
2701,3,33,2298,Cat_3,India
2702,17,55,3256,Cat_17,USA
2703,28,110,4746,Cat_28,India
2704,9,200,4015,Cat_9,India
2705,27,71,3998,Cat_27,USA
2706,7,37,2947,Cat_7,China
2707,9,13,896,Cat_9,USA
2708,16,30,4057,Cat_16,India
2709,6,69,3451,Cat_6,China
2710,8,155,2964,Cat_8,India
2711,11,88,1271,Cat_11,India
2712,22,107,2364,Cat_22,China
2713,7,23,2065,Cat_7,USA
2714,25,171,480,Cat_25,China
2715,22,24,605,Cat_22,USA
2716,10,183,2563,Cat_10,USA
2717,15,80,3980,Cat_15,China
2718,6,123,2345,Cat_6,USA
2719,26,87,2687,Cat_26,India
2720,14,142,4941,Cat_14,USA
2721,7,61,4641,Cat_7,China
2722,20,104,2122,Cat_20,India
2723,6,66,1062,Cat_6,USA
2724,24,163,4159,Cat_24,China
2725,8,100,3256,Cat_8,USA
2726,23,81,750,Cat_23,USA
2727,1,1,4645,Cat_1,India
2728,19,166,134,Cat_19,USA
2729,26,148,1625,Cat_26,China
2730,30,59,2459,Cat_30,USA
2731,16,134,463,Cat_16,India
2732,28,61,4390,Cat_28,China
2733,20,181,1948,Cat_20,India
2734,5,136,3718,Cat_5,India
2735,21,23,2580,Cat_21,USA
2736,10,2,2948,Cat_10,India
2737,22,114,3087,Cat_22,USA
2738,24,106,4510,Cat_24,China
2739,24,60,3579,Cat_24,USA
2740,19,159,2318,Cat_19,India
2741,29,134,2673,Cat_29,India
2742,10,107,2274,Cat_10,China
2743,26,197,2599,Cat_26,USA
2744,2,34,4754,Cat_2,India
2745,18,190,4078,Cat_18,China
2746,12,113,1014,Cat_12,India
2747,19,21,777,Cat_19,India
2748,25,85,1478,Cat_25,China
2749,25,106,2615,Cat_25,China
2750,18,121,1054,Cat_18,USA
2751,7,107,4375,Cat_7,China
2752,28,80,661,Cat_28,China
2753,11,53,3645,Cat_11,USA
2754,26,94,1757,Cat_26,India
2755,8,103,4903,Cat_8,USA
2756,16,129,2009,Cat_16,China
2757,21,137,4187,Cat_21,USA
2758,6,59,2126,Cat_6,USA
2759,8,17,700,Cat_8,India
2760,4,129,3818,Cat_4,China
2761,23,128,4387,Cat_23,China
2762,25,15,1763,Cat_25,China
2763,20,30,301,Cat_20,India
2764,13,77,4934,Cat_13,India
2765,29,43,402,Cat_29,USA
2766,26,126,3320,Cat_26,USA
2767,27,115,4587,Cat_27,China
2768,1,164,1816,Cat_1,China
2769,5,152,772,Cat_5,India
2770,13,151,245,Cat_13,India
2771,1,38,419,Cat_1,China
2772,24,96,2406,Cat_24,USA
2773,28,42,3499,Cat_28,China
2774,15,112,4904,Cat_15,China
2775,5,91,2686,Cat_5,India
2776,13,73,450,Cat_13,China
2777,26,81,642,Cat_26,USA
2778,6,32,1533,Cat_6,China
2779,28,83,1198,Cat_28,China
2780,2,68,340,Cat_2,China
2781,3,79,665,Cat_3,USA
2782,4,116,1664,Cat_4,India
2783,2,76,2025,Cat_2,USA
2784,19,35,4493,Cat_19,China
2785,13,18,3365,Cat_13,USA
2786,19,131,3273,Cat_19,China
2787,4,131,398,Cat_4,China
2788,10,30,2892,Cat_10,India
2789,14,118,633,Cat_14,USA
2790,10,66,3473,Cat_10,USA
2791,21,177,1176,Cat_21,USA
2792,25,26,2741,Cat_25,China
2793,6,25,1739,Cat_6,India
2794,4,168,1043,Cat_4,China
2795,1,12,2314,Cat_1,India
2796,25,34,286,Cat_25,India
2797,20,94,2023,Cat_20,India
2798,7,27,3178,Cat_7,China
2799,25,70,1055,Cat_25,India
2800,10,27,4510,Cat_10,China
2801,1,26,2947,Cat_1,China
2802,26,25,1480,Cat_26,India
2803,27,94,2149,Cat_27,India
2804,18,135,2866,Cat_18,China
2805,27,175,3227,Cat_27,India
2806,12,145,2855,Cat_12,India
2807,3,55,3735,Cat_3,USA
2808,1,134,970,Cat_1,India
2809,14,83,1753,Cat_14,China
2810,9,187,4000,Cat_9,India
2811,19,87,4543,Cat_19,India
2812,29,109,4937,Cat_29,USA
2813,24,12,2788,Cat_24,India
2814,3,49,4674,Cat_3,India
2815,12,52,3923,Cat_12,India
2816,25,138,1732,Cat_25,India
2817,2,1,1537,Cat_2,India
2818,5,135,1042,Cat_5,China
2819,23,101,1224,Cat_23,USA
2820,16,78,466,Cat_16,India
2821,21,77,4706,Cat_21,India
2822,16,189,3766,Cat_16,USA
2823,21,179,2021,Cat_21,India
2824,29,44,935,Cat_29,China
2825,22,89,4908,Cat_22,USA
2826,7,104,1399,Cat_7,India
2827,18,100,3811,Cat_18,USA
2828,10,6,1589,Cat_10,India
2829,3,170,4100,Cat_3,USA
2830,27,94,462,Cat_27,India
2831,2,197,4359,Cat_2,USA
2832,3,94,2155,Cat_3,India
2833,27,31,2086,Cat_27,China
2834,22,191,1350,Cat_22,China
2835,3,121,399,Cat_3,USA
2836,30,186,760,Cat_30,India
2837,18,106,3923,Cat_18,China
2838,22,36,4329,Cat_22,India
2839,1,20,1233,Cat_1,India
2840,7,186,1369,Cat_7,India
2841,26,48,3883,Cat_26,China
2842,15,39,4160,Cat_15,China
2843,17,178,2297,Cat_17,USA
2844,17,164,510,Cat_17,China
2845,1,169,1035,Cat_1,India
2846,6,140,175,Cat_6,India
2847,4,1,1046,Cat_4,India
2848,29,182,2100,Cat_29,India
2849,18,116,3958,Cat_18,India
2850,15,40,3721,Cat_15,USA
2851,14,128,2430,Cat_14,China
2852,30,179,4420,Cat_30,India
2853,27,42,1445,Cat_27,China
2854,7,154,3842,Cat_7,China
2855,16,35,3613,Cat_16,China
2856,30,184,2648,Cat_30,USA
2857,20,26,197,Cat_20,China
2858,20,16,1960,Cat_20,India
2859,12,28,4344,Cat_12,USA
2860,23,74,3280,Cat_23,USA
2861,9,65,913,Cat_9,USA
2862,1,131,4254,Cat_1,China
2863,17,179,4161,Cat_17,India
2864,23,34,2549,Cat_23,India
2865,16,159,647,Cat_16,India
2866,30,182,3227,Cat_30,India
2867,21,144,4410,Cat_21,China
2868,11,116,3203,Cat_11,India
2869,9,105,2632,Cat_9,India
2870,26,103,521,Cat_26,USA
2871,30,88,3799,Cat_30,India
2872,8,75,2375,Cat_8,India
2873,15,160,3190,Cat_15,USA
2874,3,70,4879,Cat_3,India
2875,9,193,4364,Cat_9,China
2876,23,128,578,Cat_23,China
2877,23,24,3118,Cat_23,USA
2878,28,57,3378,Cat_28,USA
2879,30,167,2869,Cat_30,China
2880,30,14,641,Cat_30,China
2881,21,27,815,Cat_21,China
2882,28,51,3872,Cat_28,China
2883,5,15,234,Cat_5,China
2884,25,28,4489,Cat_25,USA
2885,27,120,136,Cat_27,USA
2886,24,188,3059,Cat_24,China
2887,25,76,4794,Cat_25,USA
2888,9,80,4557,Cat_9,China
2889,28,41,618,Cat_28,India
2890,28,159,542,Cat_28,India
2891,3,91,388,Cat_3,India
2892,12,17,606,Cat_12,India
2893,7,174,3755,Cat_7,China
2894,21,151,1145,Cat_21,India
2895,12,137,1049,Cat_12,USA
2896,25,168,4843,Cat_25,China
2897,19,40,739,Cat_19,USA
2898,24,108,1691,Cat_24,USA
2899,29,91,1253,Cat_29,India
2900,4,101,3040,Cat_4,USA
2901,26,140,4107,Cat_26,India
2902,22,18,4214,Cat_22,USA
2903,11,40,940,Cat_11,USA
2904,9,102,1657,Cat_9,USA
2905,22,32,166,Cat_22,China
2906,13,147,2162,Cat_13,China
2907,21,110,2441,Cat_21,India
2908,24,94,3269,Cat_24,India
2909,10,48,4579,Cat_10,China
2910,21,29,2898,Cat_21,India
2911,25,184,3679,Cat_25,USA
2912,7,186,4231,Cat_7,India
2913,6,153,4489,Cat_6,USA
2914,4,30,4972,Cat_4,India
2915,28,83,2802,Cat_28,China
2916,11,26,637,Cat_11,China
2917,14,183,4900,Cat_14,USA
2918,10,119,2675,Cat_10,China
2919,21,84,4301,Cat_21,China
2920,20,75,1045,Cat_20,India
2921,13,68,3049,Cat_13,China
2922,25,21,1312,Cat_25,India
2923,28,28,1468,Cat_28,USA
2924,14,68,956,Cat_14,China
2925,24,54,4359,Cat_24,USA
2926,2,157,4116,Cat_2,USA
2927,30,103,1332,Cat_30,USA
2928,9,162,4352,Cat_9,China
2929,27,127,851,Cat_27,USA
2930,14,197,1115,Cat_14,USA
2931,9,147,3773,Cat_9,China
2932,13,42,180,Cat_13,China
2933,4,127,421,Cat_4,USA
2934,10,30,2615,Cat_10,India
2935,5,79,744,Cat_5,USA
2936,22,198,501,Cat_22,China
2937,17,96,3234,Cat_17,USA
2938,21,105,1091,Cat_21,India
2939,24,56,347,Cat_24,India
2940,20,125,3879,Cat_20,China
2941,4,41,4471,Cat_4,India
2942,5,190,558,Cat_5,China
2943,30,36,1246,Cat_30,India
2944,21,75,1746,Cat_21,India
2945,26,170,1677,Cat_26,USA
2946,6,2,4793,Cat_6,India
2947,15,68,2514,Cat_15,China
2948,11,92,609,Cat_11,USA
2949,24,122,4989,Cat_24,India
2950,3,125,1435,Cat_3,China
2951,20,56,4941,Cat_20,India
2952,11,114,2037,Cat_11,USA
2953,2,32,3399,Cat_2,China
2954,5,140,4044,Cat_5,India
2955,16,89,3922,Cat_16,USA
2956,15,2,1131,Cat_15,India
2957,29,38,2539,Cat_29,China
2958,20,177,468,Cat_20,USA
2959,15,20,4404,Cat_15,India
2960,24,135,1899,Cat_24,China
2961,12,13,3353,Cat_12,USA
2962,6,26,3253,Cat_6,China
2963,9,126,3082,Cat_9,USA
2964,16,143,4547,Cat_16,USA
2965,6,44,4018,Cat_6,China
2966,30,41,3989,Cat_30,India
2967,6,74,2407,Cat_6,USA
2968,19,38,2558,Cat_19,China
2969,1,170,551,Cat_1,USA
2970,28,98,3513,Cat_28,USA
2971,25,1,2457,Cat_25,India
2972,6,130,3978,Cat_6,USA
2973,28,173,644,Cat_28,USA
2974,28,45,2160,Cat_28,India
2975,14,104,4135,Cat_14,India
2976,19,164,2150,Cat_19,China
2977,2,39,1578,Cat_2,China
2978,8,93,4882,Cat_8,USA
2979,10,89,2031,Cat_10,USA
2980,11,195,3766,Cat_11,USA
2981,24,9,377,Cat_24,USA
2982,10,42,2096,Cat_10,China
2983,18,82,2893,Cat_18,USA
2984,1,64,168,Cat_1,China
2985,25,18,4506,Cat_25,USA
2986,8,108,269,Cat_8,USA
2987,28,151,4291,Cat_28,India
2988,24,191,2904,Cat_24,China
2989,23,45,3803,Cat_23,India
2990,27,51,322,Cat_27,China
2991,13,40,1908,Cat_13,USA
2992,1,43,4851,Cat_1,USA
2993,24,22,719,Cat_24,India
2994,22,124,1049,Cat_22,India
2995,10,119,1592,Cat_10,China
2996,21,180,1152,Cat_21,USA
2997,14,160,1957,Cat_14,USA
2998,21,93,3815,Cat_21,USA
2999,16,143,2815,Cat_16,USA
3000,17,110,4409,Cat_17,India
3001,5,12,3362,Cat_5,India
3002,6,200,4554,Cat_6,India
3003,24,76,4752,Cat_24,USA
3004,26,175,4129,Cat_26,India
3005,19,175,1001,Cat_19,India
3006,8,83,3039,Cat_8,China
3007,7,186,3869,Cat_7,India
3008,2,37,2730,Cat_2,China
3009,10,180,348,Cat_10,USA
3010,18,198,1444,Cat_18,China
3011,29,119,280,Cat_29,China
3012,9,29,1933,Cat_9,India
3013,27,51,2726,Cat_27,China
3014,30,104,678,Cat_30,India
3015,19,130,1527,Cat_19,USA
3016,9,144,1447,Cat_9,China
3017,30,160,2793,Cat_30,USA
3018,7,8,1380,Cat_7,USA
3019,3,197,1748,Cat_3,USA
3020,11,169,657,Cat_11,India
3021,12,14,1112,Cat_12,China
3022,2,194,4274,Cat_2,China
3023,6,3,1806,Cat_6,India
3024,19,187,3957,Cat_19,India
3025,8,87,854,Cat_8,India
3026,6,144,3347,Cat_6,China
3027,25,74,168,Cat_25,USA
3028,13,178,421,Cat_13,USA
3029,25,83,778,Cat_25,China
3030,2,31,1536,Cat_2,China
3031,2,156,2251,Cat_2,USA
3032,25,130,4998,Cat_25,USA
3033,6,171,225,Cat_6,China
3034,11,43,2849,Cat_11,USA
3035,16,95,3300,Cat_16,China
3036,29,110,4148,Cat_29,India
3037,8,185,1613,Cat_8,USA
3038,5,182,1611,Cat_5,India
3039,28,162,2688,Cat_28,China
3040,25,92,3571,Cat_25,USA
3041,3,161,3920,Cat_3,China
3042,27,145,2399,Cat_27,India
3043,16,173,1935,Cat_16,USA
3044,7,162,2085,Cat_7,China
3045,29,184,2104,Cat_29,USA
3046,3,69,1002,Cat_3,China
3047,8,179,1937,Cat_8,India
3048,1,14,1305,Cat_1,China
3049,1,120,1049,Cat_1,USA
3050,19,176,4698,Cat_19,India
3051,22,168,4833,Cat_22,China
3052,2,132,3402,Cat_2,China
3053,17,35,3830,Cat_17,China
3054,21,53,3554,Cat_21,USA
3055,28,27,583,Cat_28,China
3056,28,100,434,Cat_28,USA
3057,20,187,2479,Cat_20,India
3058,29,44,1892,Cat_29,China
3059,5,125,4993,Cat_5,China
3060,26,52,3803,Cat_26,India
3061,23,94,4588,Cat_23,India
3062,13,92,4916,Cat_13,USA
3063,1,91,4394,Cat_1,India
3064,30,12,3809,Cat_30,India
3065,2,46,2244,Cat_2,India
3066,7,191,581,Cat_7,China
3067,12,135,2125,Cat_12,China
3068,4,48,335,Cat_4,China
3069,4,48,599,Cat_4,China
3070,21,25,584,Cat_21,India
3071,5,108,572,Cat_5,USA
3072,27,36,904,Cat_27,India
3073,23,147,4151,Cat_23,China
3074,16,22,2718,Cat_16,India
3075,18,105,335,Cat_18,India
3076,30,199,4418,Cat_30,USA
3077,2,74,589,Cat_2,USA
3078,6,6,180,Cat_6,India
3079,12,121,3902,Cat_12,USA
3080,27,72,2021,Cat_27,China
3081,26,93,4342,Cat_26,USA
3082,29,12,1662,Cat_29,India
3083,25,188,2295,Cat_25,China
3084,5,162,4226,Cat_5,China
3085,20,145,3051,Cat_20,India
3086,4,192,4540,Cat_4,USA
3087,10,102,2475,Cat_10,USA
3088,18,13,3812,Cat_18,USA
3089,12,129,4335,Cat_12,China
3090,27,86,1174,Cat_27,USA
3091,14,11,4910,Cat_14,China
3092,29,79,2257,Cat_29,USA
3093,11,152,2188,Cat_11,India
3094,4,198,2788,Cat_4,China
3095,14,95,1276,Cat_14,China
3096,2,175,486,Cat_2,India
3097,20,15,4986,Cat_20,China
3098,3,194,958,Cat_3,China
3099,4,24,2006,Cat_4,USA
3100,5,78,2401,Cat_5,India
3101,4,83,3440,Cat_4,China
3102,19,92,3222,Cat_19,USA
3103,6,179,2379,Cat_6,India
3104,4,51,2392,Cat_4,China
3105,16,182,3614,Cat_16,India
3106,8,26,2458,Cat_8,China
3107,25,101,904,Cat_25,USA
3108,1,68,4058,Cat_1,China
3109,29,174,681,Cat_29,China
3110,9,81,325,Cat_9,USA
3111,23,9,1109,Cat_23,USA
3112,10,123,1892,Cat_10,USA
3113,13,190,2075,Cat_13,China
3114,20,78,3736,Cat_20,India
3115,22,87,4453,Cat_22,India
3116,28,150,1619,Cat_28,USA
3117,19,51,4812,Cat_19,China
3118,12,164,1811,Cat_12,China
3119,15,190,269,Cat_15,China
3120,17,119,1787,Cat_17,China
3121,9,34,1458,Cat_9,India
3122,11,106,802,Cat_11,China
3123,5,29,906,Cat_5,India
3124,10,38,2730,Cat_10,China
3125,17,182,3032,Cat_17,India
3126,23,44,2220,Cat_23,China
3127,12,30,3137,Cat_12,India
3128,12,149,999,Cat_12,China
3129,5,56,4875,Cat_5,India
3130,29,15,3157,Cat_29,China
3131,24,168,4993,Cat_24,China
3132,4,87,1608,Cat_4,India
3133,2,192,755,Cat_2,USA
3134,10,17,2437,Cat_10,India
3135,3,101,3194,Cat_3,USA
3136,29,146,3084,Cat_29,USA
3137,12,180,4441,Cat_12,USA
3138,13,116,3826,Cat_13,India
3139,15,173,2782,Cat_15,USA
3140,27,72,1471,Cat_27,China
3141,22,78,1921,Cat_22,India
3142,20,90,955,Cat_20,China
3143,30,183,2030,Cat_30,USA
3144,19,93,1439,Cat_19,USA
3145,18,36,4757,Cat_18,India
3146,10,111,4757,Cat_10,India
3147,20,124,1055,Cat_20,India
3148,26,151,2188,Cat_26,India
3149,14,180,2106,Cat_14,USA
3150,15,38,2101,Cat_15,China
3151,3,72,2464,Cat_3,China
3152,24,28,1344,Cat_24,USA
3153,20,195,2407,Cat_20,USA
3154,23,177,2388,Cat_23,USA
3155,10,150,3608,Cat_10,USA
3156,23,151,1580,Cat_23,India
3157,11,84,804,Cat_11,China
3158,4,11,1291,Cat_4,China
3159,17,93,939,Cat_17,USA
3160,1,125,3442,Cat_1,China
3161,14,68,2664,Cat_14,China
3162,21,184,1074,Cat_21,USA
3163,14,199,2212,Cat_14,USA
3164,11,130,1901,Cat_11,USA
3165,28,19,4321,Cat_28,India
3166,29,132,189,Cat_29,China
3167,10,99,3021,Cat_10,USA
3168,8,180,2526,Cat_8,USA
3169,6,126,2100,Cat_6,USA
3170,18,18,1419,Cat_18,USA
3171,30,185,1471,Cat_30,USA
3172,24,81,2550,Cat_24,USA
3173,30,161,1914,Cat_30,China
3174,18,136,2025,Cat_18,India
3175,19,35,627,Cat_19,China
3176,15,21,4100,Cat_15,India
3177,15,57,4215,Cat_15,USA
3178,14,159,1119,Cat_14,India
3179,29,103,4275,Cat_29,USA
3180,22,13,3728,Cat_22,USA
3181,15,19,3176,Cat_15,India
3182,10,144,3213,Cat_10,China
3183,30,114,2101,Cat_30,USA
3184,12,98,501,Cat_12,USA
3185,23,135,1707,Cat_23,China
3186,28,48,1465,Cat_28,China
3187,19,20,3926,Cat_19,India
3188,1,181,3050,Cat_1,India
3189,25,140,3169,Cat_25,India
3190,24,150,4680,Cat_24,USA
3191,18,194,3834,Cat_18,China
3192,1,171,3661,Cat_1,China
3193,11,53,1081,Cat_11,USA
3194,29,12,4653,Cat_29,India
3195,26,39,3035,Cat_26,China
3196,21,59,4956,Cat_21,USA
3197,12,150,4988,Cat_12,USA
3198,3,176,3008,Cat_3,India
3199,9,180,2182,Cat_9,USA
3200,1,143,1488,Cat_1,USA
3201,21,71,4774,Cat_21,USA
3202,27,185,1104,Cat_27,USA
3203,27,155,3572,Cat_27,India
3204,7,56,253,Cat_7,India
3205,19,157,3874,Cat_19,USA
3206,16,95,3169,Cat_16,China
3207,17,145,1369,Cat_17,India
3208,5,112,4316,Cat_5,China
3209,14,136,818,Cat_14,India
3210,27,44,1430,Cat_27,China
3211,18,94,1157,Cat_18,India
3212,24,163,479,Cat_24,China
3213,27,94,1693,Cat_27,India
3214,28,9,2624,Cat_28,USA
3215,30,32,705,Cat_30,China
3216,28,87,2321,Cat_28,India
3217,16,67,4635,Cat_16,China
3218,7,108,4165,Cat_7,USA
3219,28,6,3714,Cat_28,India
3220,13,150,1760,Cat_13,USA
3221,29,55,1553,Cat_29,USA
3222,12,70,1127,Cat_12,India
3223,3,160,1421,Cat_3,USA
3224,13,180,2215,Cat_13,USA
3225,16,177,4422,Cat_16,USA
3226,5,191,4227,Cat_5,China
3227,19,72,1156,Cat_19,China
3228,11,130,4134,Cat_11,USA
3229,3,191,3038,Cat_3,China
3230,7,152,2910,Cat_7,India
3231,27,88,747,Cat_27,India
3232,9,48,1612,Cat_9,China
3233,24,34,1927,Cat_24,India
3234,23,105,4555,Cat_23,India
3235,5,149,1930,Cat_5,China
3236,29,31,1215,Cat_29,China
3237,26,45,2437,Cat_26,India
3238,22,96,1461,Cat_22,USA
3239,20,193,3848,Cat_20,China
3240,8,193,850,Cat_8,China
3241,11,14,508,Cat_11,China
3242,24,91,2220,Cat_24,India
3243,10,166,3367,Cat_10,USA
3244,17,9,3747,Cat_17,USA
3245,19,80,4620,Cat_19,China
3246,21,140,3961,Cat_21,India
3247,18,11,2370,Cat_18,China
3248,23,144,2894,Cat_23,China
3249,17,96,4901,Cat_17,USA
3250,22,196,4340,Cat_22,India
3251,19,51,803,Cat_19,China
3252,29,166,341,Cat_29,USA
3253,13,7,1160,Cat_13,China
3254,21,33,2862,Cat_21,India
3255,16,185,4117,Cat_16,USA
3256,21,196,1821,Cat_21,India
3257,10,153,1221,Cat_10,USA
3258,24,188,390,Cat_24,China
3259,30,151,1076,Cat_30,India
3260,9,146,4978,Cat_9,USA
3261,19,123,670,Cat_19,USA
3262,11,86,413,Cat_11,USA
3263,13,200,1536,Cat_13,India
3264,30,36,1303,Cat_30,India
3265,15,74,1082,Cat_15,USA
3266,12,50,4956,Cat_12,China
3267,1,142,4404,Cat_1,USA
3268,19,93,1867,Cat_19,USA
3269,11,154,984,Cat_11,China
3270,28,60,3274,Cat_28,USA
3271,1,5,699,Cat_1,China
3272,4,87,2157,Cat_4,India
3273,7,32,1502,Cat_7,China
3274,30,198,1175,Cat_30,China
3275,7,34,3897,Cat_7,India
3276,30,32,1460,Cat_30,China
3277,8,48,4461,Cat_8,China
3278,26,5,2111,Cat_26,China
3279,7,132,3100,Cat_7,China
3280,18,162,1771,Cat_18,China
3281,17,78,3151,Cat_17,India
3282,8,182,3502,Cat_8,India
3283,2,43,3724,Cat_2,USA
3284,20,149,2819,Cat_20,China
3285,6,52,1705,Cat_6,India
3286,13,35,1097,Cat_13,China
3287,17,191,3815,Cat_17,China
3288,24,41,2696,Cat_24,India
3289,12,133,625,Cat_12,India
3290,18,200,4014,Cat_18,India
3291,13,25,2691,Cat_13,India
3292,28,22,4713,Cat_28,India
3293,7,47,899,Cat_7,India
3294,12,23,3328,Cat_12,USA
3295,15,86,1341,Cat_15,USA
3296,11,176,4630,Cat_11,India
3297,23,52,2486,Cat_23,India
3298,9,113,4622,Cat_9,India
3299,13,129,4494,Cat_13,China
3300,21,8,4793,Cat_21,USA
3301,7,185,3233,Cat_7,USA
3302,29,38,923,Cat_29,China
3303,25,140,2478,Cat_25,India
3304,13,88,345,Cat_13,India
3305,4,123,605,Cat_4,USA
3306,22,120,798,Cat_22,USA
3307,9,83,716,Cat_9,China
3308,28,108,922,Cat_28,USA
3309,28,111,4229,Cat_28,India
3310,6,157,3373,Cat_6,USA
3311,18,180,1992,Cat_18,USA
3312,5,119,3946,Cat_5,China
3313,12,27,4126,Cat_12,China
3314,20,180,1111,Cat_20,USA
3315,5,200,3591,Cat_5,India
3316,1,36,2082,Cat_1,India
3317,18,168,4766,Cat_18,China
3318,24,190,2999,Cat_24,China
3319,16,175,3688,Cat_16,India
3320,14,187,3964,Cat_14,India
3321,3,152,2361,Cat_3,India
3322,8,118,1543,Cat_8,USA
3323,6,101,4926,Cat_6,USA
3324,19,60,2377,Cat_19,USA
3325,26,23,3818,Cat_26,USA
3326,1,76,2614,Cat_1,USA
3327,2,6,2637,Cat_2,India
3328,7,104,4512,Cat_7,India
3329,6,196,977,Cat_6,India
3330,21,171,779,Cat_21,China
3331,20,66,1340,Cat_20,USA
3332,19,7,1698,Cat_19,China
3333,28,4,4446,Cat_28,USA
3334,20,61,1851,Cat_20,China
3335,21,172,1655,Cat_21,USA
3336,23,81,4892,Cat_23,USA
3337,14,73,474,Cat_14,China
3338,18,85,730,Cat_18,China
3339,28,181,3886,Cat_28,India
3340,11,97,2263,Cat_11,USA
3341,18,56,1791,Cat_18,India
3342,13,115,2637,Cat_13,China
3343,1,40,2112,Cat_1,USA
3344,28,127,422,Cat_28,USA
3345,11,152,2709,Cat_11,India
3346,3,1,3300,Cat_3,India
3347,20,92,2403,Cat_20,USA
3348,12,26,2531,Cat_12,China
3349,25,125,863,Cat_25,China
3350,24,154,1250,Cat_24,China
3351,14,154,308,Cat_14,China
3352,28,44,3660,Cat_28,China
3353,21,59,2782,Cat_21,USA
3354,7,9,1876,Cat_7,USA
3355,13,40,4192,Cat_13,USA
3356,11,32,4169,Cat_11,China
3357,23,46,2049,Cat_23,India
3358,18,114,3948,Cat_18,USA
3359,19,111,1594,Cat_19,India
3360,25,43,1235,Cat_25,USA
3361,12,133,1093,Cat_12,India
3362,26,116,4305,Cat_26,India
3363,17,135,4814,Cat_17,China
3364,12,37,2702,Cat_12,China
3365,30,27,988,Cat_30,China
3366,25,44,326,Cat_25,China
3367,16,64,3293,Cat_16,China
3368,17,162,1215,Cat_17,China
3369,13,37,1531,Cat_13,China
3370,7,127,2401,Cat_7,USA
3371,16,100,1686,Cat_16,USA
3372,1,71,429,Cat_1,USA
3373,12,183,3263,Cat_12,USA
3374,6,142,2326,Cat_6,USA
3375,7,92,2386,Cat_7,USA
3376,25,174,112,Cat_25,China
3377,16,52,678,Cat_16,India
3378,1,157,3773,Cat_1,USA
3379,3,11,3878,Cat_3,China
3380,29,53,4585,Cat_29,USA
3381,10,74,3639,Cat_10,USA
3382,17,158,640,Cat_17,China
3383,8,93,1590,Cat_8,USA
3384,28,183,3271,Cat_28,USA
3385,20,52,4539,Cat_20,India
3386,14,23,1412,Cat_14,USA
3387,24,98,3715,Cat_24,USA
3388,25,180,2759,Cat_25,USA
3389,24,3,1345,Cat_24,India
3390,27,89,4077,Cat_27,USA
3391,29,21,4326,Cat_29,India
3392,21,40,4805,Cat_21,USA
3393,9,188,4797,Cat_9,China
3394,3,136,4587,Cat_3,India
3395,30,118,3923,Cat_30,USA
3396,6,12,4768,Cat_6,India
3397,21,105,1677,Cat_21,India
3398,21,15,392,Cat_21,China
3399,7,127,2951,Cat_7,USA
3400,10,142,3709,Cat_10,USA
3401,20,66,411,Cat_20,USA
3402,9,119,4018,Cat_9,China
3403,11,27,3250,Cat_11,China
3404,22,12,4255,Cat_22,India
3405,30,36,3139,Cat_30,India
3406,25,48,3689,Cat_25,China
3407,18,77,1115,Cat_18,India
3408,1,123,1568,Cat_1,USA
3409,4,29,4243,Cat_4,India
3410,15,157,3197,Cat_15,USA
3411,26,184,4410,Cat_26,USA
3412,14,33,2588,Cat_14,India
3413,29,96,1692,Cat_29,USA
3414,26,22,4665,Cat_26,India
3415,13,29,3022,Cat_13,India
3416,7,57,488,Cat_7,USA
3417,26,30,343,Cat_26,India
3418,30,161,4508,Cat_30,China
3419,8,34,3932,Cat_8,India
3420,27,11,159,Cat_27,China
3421,9,82,3825,Cat_9,USA
3422,22,111,2105,Cat_22,India
3423,30,95,317,Cat_30,China
3424,18,129,1952,Cat_18,China
3425,19,25,352,Cat_19,India
3426,27,19,2578,Cat_27,India
3427,5,183,1637,Cat_5,USA
3428,28,197,591,Cat_28,USA
3429,14,28,2775,Cat_14,USA
3430,15,21,801,Cat_15,India
3431,1,44,1421,Cat_1,China
3432,19,121,4333,Cat_19,USA
3433,19,93,2179,Cat_19,USA
3434,7,164,4073,Cat_7,China
3435,13,62,808,Cat_13,USA
3436,2,103,172,Cat_2,USA
3437,28,166,2850,Cat_28,USA
3438,23,163,1911,Cat_23,China
3439,5,180,1551,Cat_5,USA
3440,23,153,4598,Cat_23,USA
3441,13,17,1654,Cat_13,India
3442,17,165,4940,Cat_17,USA
3443,26,124,691,Cat_26,India
3444,6,75,585,Cat_6,India
3445,8,10,2092,Cat_8,USA
3446,25,160,438,Cat_25,USA
3447,20,104,4084,Cat_20,India
3448,11,108,4599,Cat_11,USA
3449,18,169,2875,Cat_18,India
3450,25,169,221,Cat_25,India
3451,24,8,2351,Cat_24,USA
3452,24,70,3075,Cat_24,India
3453,16,185,2765,Cat_16,USA
3454,8,9,3047,Cat_8,USA
3455,1,55,184,Cat_1,USA
3456,18,53,2173,Cat_18,USA
3457,6,54,1649,Cat_6,USA
3458,5,25,3741,Cat_5,India
3459,2,18,2464,Cat_2,USA
3460,14,81,2266,Cat_14,USA
3461,25,86,2396,Cat_25,USA
3462,13,146,2458,Cat_13,USA
3463,30,176,1379,Cat_30,India
3464,27,98,1799,Cat_27,USA
3465,19,21,4505,Cat_19,India
3466,25,162,460,Cat_25,China
3467,28,141,4679,Cat_28,China
3468,9,59,2864,Cat_9,USA
3469,10,180,4752,Cat_10,USA
3470,12,110,2642,Cat_12,India
3471,7,107,3136,Cat_7,China
3472,25,42,2644,Cat_25,China
3473,3,30,1627,Cat_3,India
3474,21,66,4950,Cat_21,USA
3475,9,136,649,Cat_9,India
3476,10,181,3191,Cat_10,India
3477,13,195,478,Cat_13,USA
3478,30,89,3502,Cat_30,USA
3479,3,140,421,Cat_3,India
3480,18,63,2700,Cat_18,USA
3481,6,110,2863,Cat_6,India
3482,27,199,4144,Cat_27,USA
3483,25,48,2013,Cat_25,China
3484,24,101,1851,Cat_24,USA
3485,7,46,1336,Cat_7,India
3486,27,171,3671,Cat_27,China
3487,11,138,2851,Cat_11,India
3488,20,40,3733,Cat_20,USA
3489,23,114,3434,Cat_23,USA
3490,27,120,677,Cat_27,USA
3491,15,140,409,Cat_15,India
3492,13,69,780,Cat_13,China
3493,15,147,3565,Cat_15,China
3494,28,121,3222,Cat_28,USA
3495,17,198,4914,Cat_17,China
3496,25,126,4190,Cat_25,USA
3497,3,58,400,Cat_3,India
3498,8,19,3507,Cat_8,India
3499,3,58,1280,Cat_3,India
3500,7,29,1890,Cat_7,India
3501,8,19,1416,Cat_8,India
3502,16,80,1137,Cat_16,China
3503,23,90,4380,Cat_23,China
3504,16,186,2455,Cat_16,India
3505,8,25,4679,Cat_8,India
3506,20,72,4010,Cat_20,China
3507,3,48,4301,Cat_3,China
3508,20,76,3663,Cat_20,USA
3509,18,158,3197,Cat_18,China
3510,4,178,4378,Cat_4,USA
3511,9,166,2079,Cat_9,USA
3512,6,117,280,Cat_6,USA
3513,2,33,2746,Cat_2,India
3514,4,126,3422,Cat_4,USA
3515,7,180,125,Cat_7,USA
3516,14,94,2601,Cat_14,India
3517,4,48,3172,Cat_4,China
3518,5,181,2594,Cat_5,India
3519,30,105,1908,Cat_30,India
3520,13,132,4425,Cat_13,China
3521,1,171,2602,Cat_1,China
3522,26,37,2147,Cat_26,China
3523,27,52,2860,Cat_27,India
3524,8,179,3565,Cat_8,India
3525,4,103,1498,Cat_4,USA
3526,28,9,4684,Cat_28,USA
3527,18,97,3308,Cat_18,USA
3528,20,109,4162,Cat_20,USA
3529,12,123,2183,Cat_12,USA
3530,9,123,3416,Cat_9,USA
3531,13,74,3550,Cat_13,USA
3532,23,192,3261,Cat_23,USA
3533,29,28,3226,Cat_29,USA
3534,16,134,4210,Cat_16,India
3535,30,189,1000,Cat_30,USA
3536,24,44,3229,Cat_24,China
3537,18,70,4374,Cat_18,India
3538,23,103,800,Cat_23,USA
3539,27,148,3664,Cat_27,China
3540,28,81,868,Cat_28,USA
3541,28,64,2305,Cat_28,China
3542,27,145,2615,Cat_27,India
3543,24,117,1041,Cat_24,USA
3544,5,29,552,Cat_5,India
3545,15,38,2786,Cat_15,China
3546,17,113,4316,Cat_17,India
3547,7,192,184,Cat_7,USA
3548,7,12,4417,Cat_7,India
3549,23,51,803,Cat_23,China
3550,29,193,708,Cat_29,China
3551,3,38,2363,Cat_3,China
3552,19,76,554,Cat_19,USA
3553,12,76,3139,Cat_12,USA
3554,12,99,1367,Cat_12,USA
3555,30,166,289,Cat_30,USA
3556,2,157,104,Cat_2,USA
3557,21,141,293,Cat_21,China
3558,25,16,3440,Cat_25,India
3559,20,53,1074,Cat_20,USA
3560,27,163,241,Cat_27,China
3561,1,97,4352,Cat_1,USA
3562,26,122,2139,Cat_26,India
3563,8,1,1128,Cat_8,India
3564,26,8,1073,Cat_26,USA
3565,15,91,3408,Cat_15,India
3566,21,59,2311,Cat_21,USA
3567,28,101,2030,Cat_28,USA
3568,7,78,2217,Cat_7,India
3569,11,120,3027,Cat_11,USA
3570,4,55,3408,Cat_4,USA
3571,25,112,393,Cat_25,China
3572,6,144,664,Cat_6,China
3573,26,54,2186,Cat_26,USA
3574,10,194,749,Cat_10,China
3575,29,141,2030,Cat_29,China
3576,29,184,685,Cat_29,USA
3577,22,153,3078,Cat_22,USA
3578,6,42,3903,Cat_6,China
3579,16,21,4973,Cat_16,India
3580,16,111,649,Cat_16,India
3581,26,200,1135,Cat_26,India
3582,26,52,343,Cat_26,India
3583,22,14,2999,Cat_22,China
3584,25,46,1327,Cat_25,India
3585,11,74,1187,Cat_11,USA
3586,25,128,1308,Cat_25,China
3587,10,143,564,Cat_10,USA
3588,26,135,1664,Cat_26,China
3589,9,130,3971,Cat_9,USA
3590,16,149,3800,Cat_16,China
3591,22,50,1133,Cat_22,China
3592,28,144,3190,Cat_28,China
3593,30,3,3816,Cat_30,India
3594,16,155,1762,Cat_16,India
3595,7,42,2811,Cat_7,China
3596,9,119,108,Cat_9,China
3597,17,133,4827,Cat_17,India
3598,6,143,3912,Cat_6,USA
3599,4,141,2631,Cat_4,China
3600,21,103,1196,Cat_21,USA
3601,3,97,4063,Cat_3,USA
3602,25,86,1299,Cat_25,USA
3603,25,30,4973,Cat_25,India
3604,15,169,426,Cat_15,India
3605,16,116,3592,Cat_16,India
3606,25,102,2380,Cat_25,USA
3607,28,103,3559,Cat_28,USA
3608,5,78,1838,Cat_5,India
3609,5,3,4645,Cat_5,India
3610,4,12,3784,Cat_4,India
3611,20,113,293,Cat_20,India
3612,5,193,3394,Cat_5,China
3613,24,153,779,Cat_24,USA
3614,24,174,744,Cat_24,China
3615,1,170,4822,Cat_1,USA
3616,30,68,4112,Cat_30,China
3617,28,104,1394,Cat_28,India
3618,25,131,4898,Cat_25,China
3619,27,31,156,Cat_27,China
3620,21,126,4908,Cat_21,USA
3621,17,159,2470,Cat_17,India
3622,18,196,3630,Cat_18,India
3623,13,80,4703,Cat_13,China
3624,11,135,2770,Cat_11,China
3625,21,101,3694,Cat_21,USA
3626,18,173,1022,Cat_18,USA
3627,21,90,498,Cat_21,China
3628,18,161,378,Cat_18,China
3629,2,182,3112,Cat_2,India
3630,17,76,313,Cat_17,USA
3631,19,76,4995,Cat_19,USA
3632,10,177,1274,Cat_10,USA
3633,15,51,2783,Cat_15,China
3634,23,54,542,Cat_23,USA
3635,18,31,2088,Cat_18,China
3636,2,126,729,Cat_2,USA
3637,26,199,4420,Cat_26,USA
3638,19,174,2512,Cat_19,China
3639,25,145,1754,Cat_25,India
3640,29,103,3908,Cat_29,USA
3641,3,42,3698,Cat_3,China
3642,1,76,913,Cat_1,USA
3643,5,148,2587,Cat_5,China
3644,14,128,791,Cat_14,China
3645,10,193,779,Cat_10,China
3646,15,12,100,Cat_15,India
3647,27,186,3990,Cat_27,India
3648,1,33,267,Cat_1,India
3649,1,157,3410,Cat_1,USA
3650,5,20,1047,Cat_5,India
3651,25,12,3623,Cat_25,India
3652,13,32,3381,Cat_13,China
3653,25,144,4292,Cat_25,China
3654,5,133,1067,Cat_5,India
3655,18,155,974,Cat_18,India
3656,16,9,4007,Cat_16,USA
3657,3,25,4326,Cat_3,India
3658,5,100,298,Cat_5,USA
3659,30,70,4987,Cat_30,India
3660,29,68,2211,Cat_29,China
3661,13,30,3032,Cat_13,India
3662,27,103,4660,Cat_27,USA
3663,23,188,3095,Cat_23,China
3664,19,104,2229,Cat_19,India
3665,15,38,2737,Cat_15,China
3666,2,190,4697,Cat_2,China
3667,27,11,111,Cat_27,China
3668,3,151,383,Cat_3,India
3669,28,33,3361,Cat_28,India
3670,5,151,1748,Cat_5,India
3671,3,126,4167,Cat_3,USA
3672,17,25,1139,Cat_17,India
3673,11,136,1429,Cat_11,India
3674,30,58,425,Cat_30,India
3675,10,96,666,Cat_10,USA
3676,1,2,1977,Cat_1,India
3677,12,137,1448,Cat_12,USA
3678,2,35,3206,Cat_2,China
3679,5,23,2355,Cat_5,USA
3680,10,58,1956,Cat_10,India
3681,29,180,4273,Cat_29,USA
3682,13,108,4353,Cat_13,USA
3683,11,145,3707,Cat_11,India
3684,14,191,670,Cat_14,China
3685,23,1,1057,Cat_23,India
3686,27,189,2214,Cat_27,USA
3687,1,177,2796,Cat_1,USA
3688,14,107,4838,Cat_14,China
3689,20,153,2821,Cat_20,USA
3690,21,13,3775,Cat_21,USA
3691,21,88,211,Cat_21,India
3692,7,64,1581,Cat_7,China
3693,11,104,2039,Cat_11,India
3694,28,135,1320,Cat_28,China
3695,6,129,541,Cat_6,China
3696,19,72,1339,Cat_19,China
3697,21,45,2699,Cat_21,India
3698,13,131,3219,Cat_13,China
3699,6,74,1239,Cat_6,USA
3700,30,82,1943,Cat_30,USA
3701,20,19,610,Cat_20,India
3702,4,56,258,Cat_4,India
3703,6,6,4386,Cat_6,India
3704,28,156,3145,Cat_28,USA
3705,29,160,2139,Cat_29,USA
3706,15,55,1576,Cat_15,USA
3707,10,59,4576,Cat_10,USA
3708,6,138,937,Cat_6,India
3709,20,94,3834,Cat_20,India
3710,5,200,1207,Cat_5,India
3711,5,17,2498,Cat_5,India
3712,9,136,2698,Cat_9,India
3713,23,53,1491,Cat_23,USA
3714,20,148,3435,Cat_20,China
3715,17,40,4379,Cat_17,USA
3716,13,162,1353,Cat_13,China
3717,21,5,3190,Cat_21,China
3718,10,181,4913,Cat_10,India
3719,12,100,3616,Cat_12,USA
3720,8,57,3804,Cat_8,USA
3721,18,98,4278,Cat_18,USA
3722,23,108,3992,Cat_23,USA
3723,10,62,782,Cat_10,USA
3724,7,27,4117,Cat_7,China
3725,9,84,1654,Cat_9,China
3726,5,114,4338,Cat_5,USA
3727,9,153,1788,Cat_9,USA
3728,19,21,3769,Cat_19,India
3729,23,51,4743,Cat_23,China
3730,16,177,4668,Cat_16,USA
3731,18,149,2212,Cat_18,China
3732,17,198,202,Cat_17,China
3733,14,85,4983,Cat_14,China
3734,25,55,1930,Cat_25,USA
3735,13,57,3136,Cat_13,USA
3736,24,192,2978,Cat_24,USA
3737,10,7,3075,Cat_10,China
3738,7,31,476,Cat_7,China
3739,15,81,2216,Cat_15,USA
3740,24,50,2149,Cat_24,China
3741,9,175,569,Cat_9,India
3742,22,157,451,Cat_22,USA
3743,15,50,4724,Cat_15,China
3744,7,190,2204,Cat_7,China
3745,7,49,658,Cat_7,India
3746,29,184,4948,Cat_29,USA
3747,8,119,4186,Cat_8,China
3748,26,22,3432,Cat_26,India
3749,22,101,389,Cat_22,USA
3750,13,192,3389,Cat_13,USA
3751,7,63,4698,Cat_7,USA
3752,14,69,3868,Cat_14,China
3753,1,84,1807,Cat_1,China
3754,21,134,3943,Cat_21,India
3755,3,200,3266,Cat_3,India
3756,9,140,361,Cat_9,India
3757,24,66,4503,Cat_24,USA
3758,24,66,2274,Cat_24,USA
3759,16,170,4725,Cat_16,USA
3760,30,102,2832,Cat_30,USA
3761,26,57,1954,Cat_26,USA
3762,3,60,2098,Cat_3,USA
3763,7,183,652,Cat_7,USA
3764,9,29,4801,Cat_9,India
3765,30,39,472,Cat_30,China
3766,11,133,4112,Cat_11,India
3767,6,157,2443,Cat_6,USA
3768,4,24,4159,Cat_4,USA
3769,3,98,4171,Cat_3,USA
3770,18,166,2736,Cat_18,USA
3771,2,116,877,Cat_2,India
3772,11,4,2565,Cat_11,USA
3773,24,24,2893,Cat_24,USA
3774,2,132,3502,Cat_2,China
3775,27,54,608,Cat_27,USA
3776,28,191,2995,Cat_28,China
3777,3,140,4971,Cat_3,India
3778,4,183,4891,Cat_4,USA
3779,25,60,1963,Cat_25,USA
3780,9,36,1033,Cat_9,India
3781,11,16,3219,Cat_11,India
3782,20,92,4691,Cat_20,USA
3783,9,168,360,Cat_9,China
3784,1,185,452,Cat_1,USA
3785,11,171,3780,Cat_11,China
3786,29,45,4531,Cat_29,India
3787,30,181,3181,Cat_30,India
3788,1,188,2423,Cat_1,China
3789,16,55,953,Cat_16,USA
3790,9,105,3419,Cat_9,India
3791,1,167,633,Cat_1,China
3792,22,91,3876,Cat_22,India
3793,3,86,4445,Cat_3,USA
3794,30,41,2817,Cat_30,India
3795,9,58,3797,Cat_9,India
3796,30,36,4364,Cat_30,India
3797,9,45,167,Cat_9,India
3798,4,23,270,Cat_4,USA
3799,17,157,4151,Cat_17,USA
3800,7,32,802,Cat_7,China
3801,7,191,4708,Cat_7,China
3802,4,135,3442,Cat_4,China
3803,7,100,4672,Cat_7,USA
3804,8,115,3502,Cat_8,China
3805,26,175,100,Cat_26,India
3806,23,8,1076,Cat_23,USA
3807,27,45,274,Cat_27,India
3808,3,44,4728,Cat_3,China
3809,20,87,4727,Cat_20,India
3810,22,49,2700,Cat_22,India
3811,25,28,1815,Cat_25,USA
3812,8,147,3859,Cat_8,China
3813,26,160,4246,Cat_26,USA
3814,26,110,4861,Cat_26,India
3815,16,11,2710,Cat_16,China
3816,1,25,1089,Cat_1,India
3817,15,142,2728,Cat_15,USA
3818,18,183,2474,Cat_18,USA
3819,6,29,124,Cat_6,India
3820,9,120,4815,Cat_9,USA
3821,11,162,2646,Cat_11,China
3822,25,21,3671,Cat_25,India
3823,1,95,2441,Cat_1,China
3824,27,86,3216,Cat_27,USA
3825,6,12,4795,Cat_6,India
3826,24,117,1342,Cat_24,USA
3827,14,162,4676,Cat_14,China
3828,17,130,2500,Cat_17,USA
3829,19,9,2602,Cat_19,USA
3830,2,1,227,Cat_2,India
3831,28,15,1029,Cat_28,China
3832,27,193,3730,Cat_27,China
3833,27,66,4456,Cat_27,USA
3834,24,53,2368,Cat_24,USA
3835,7,3,559,Cat_7,India
3836,1,75,4312,Cat_1,India
3837,12,133,2082,Cat_12,India
3838,1,171,2563,Cat_1,China
3839,11,106,584,Cat_11,China
3840,25,62,331,Cat_25,USA
3841,24,48,1270,Cat_24,China
3842,13,122,3966,Cat_13,India
3843,11,154,1740,Cat_11,China
3844,29,63,4692,Cat_29,USA
3845,5,70,3662,Cat_5,India
3846,17,87,129,Cat_17,India
3847,21,114,3076,Cat_21,USA
3848,29,38,4642,Cat_29,China
3849,7,102,1745,Cat_7,USA
3850,25,41,2624,Cat_25,India
3851,1,80,1901,Cat_1,China
3852,6,175,1773,Cat_6,India
3853,8,135,3709,Cat_8,China
3854,19,171,967,Cat_19,China
3855,12,69,862,Cat_12,China
3856,6,181,1407,Cat_6,India
3857,19,49,4899,Cat_19,India
3858,21,91,3766,Cat_21,India
3859,6,46,135,Cat_6,India
3860,8,79,990,Cat_8,USA
3861,8,170,2622,Cat_8,USA
3862,4,21,4615,Cat_4,India
3863,6,80,1634,Cat_6,China
3864,19,193,4583,Cat_19,China
3865,3,35,4826,Cat_3,China
3866,15,125,138,Cat_15,China
3867,13,7,3334,Cat_13,China
3868,27,51,3022,Cat_27,China
3869,12,26,1441,Cat_12,China
3870,30,75,3281,Cat_30,India
3871,20,178,2614,Cat_20,USA
3872,3,108,3391,Cat_3,USA
3873,26,10,4066,Cat_26,USA
3874,24,130,955,Cat_24,USA
3875,3,81,470,Cat_3,USA
3876,29,17,144,Cat_29,India
3877,10,197,3747,Cat_10,USA
3878,10,7,2392,Cat_10,China
3879,4,92,3447,Cat_4,USA
3880,21,81,4941,Cat_21,USA
3881,17,39,1949,Cat_17,China
3882,4,193,2466,Cat_4,China
3883,5,143,2888,Cat_5,USA
3884,19,61,665,Cat_19,China
3885,12,85,434,Cat_12,China
3886,22,1,2364,Cat_22,India
3887,28,110,1688,Cat_28,India
3888,13,171,2655,Cat_13,China
3889,6,68,1084,Cat_6,China
3890,23,82,2553,Cat_23,USA
3891,23,121,3297,Cat_23,USA
3892,16,199,3191,Cat_16,USA
3893,14,64,1979,Cat_14,China
3894,4,199,3170,Cat_4,USA
3895,1,121,1620,Cat_1,USA
3896,1,6,2236,Cat_1,India
3897,22,171,156,Cat_22,China
3898,6,96,1622,Cat_6,USA
3899,10,1,3600,Cat_10,India
3900,20,188,2820,Cat_20,China
3901,13,33,4551,Cat_13,India
3902,27,103,2871,Cat_27,USA
3903,20,120,3162,Cat_20,USA
3904,24,194,3077,Cat_24,China
3905,4,1,2137,Cat_4,India
3906,27,139,2770,Cat_27,China
3907,12,41,4208,Cat_12,India
3908,13,1,2104,Cat_13,India
3909,7,176,676,Cat_7,India
3910,15,25,4748,Cat_15,India
3911,11,108,1803,Cat_11,USA
3912,28,36,1106,Cat_28,India
3913,7,138,4334,Cat_7,India
3914,3,23,1323,Cat_3,USA
3915,4,12,845,Cat_4,India
3916,1,162,4040,Cat_1,China
3917,23,139,823,Cat_23,China
3918,13,136,4633,Cat_13,India
3919,18,73,1992,Cat_18,China
3920,27,33,4255,Cat_27,India
3921,2,122,181,Cat_2,India
3922,4,99,2902,Cat_4,USA
3923,28,114,4016,Cat_28,USA
3924,30,35,3376,Cat_30,China
3925,24,56,112,Cat_24,India
3926,11,97,3514,Cat_11,USA
3927,26,58,2934,Cat_26,India
3928,13,51,2412,Cat_13,China
3929,22,190,1235,Cat_22,China
3930,26,47,661,Cat_26,India
3931,22,54,2153,Cat_22,USA
3932,13,153,1172,Cat_13,USA
3933,14,19,2556,Cat_14,India
3934,1,95,404,Cat_1,China
3935,6,171,751,Cat_6,China
3936,18,183,958,Cat_18,USA
3937,28,8,1689,Cat_28,USA
3938,7,81,4651,Cat_7,USA
3939,7,161,2099,Cat_7,China
3940,19,39,1700,Cat_19,China
3941,17,190,1534,Cat_17,China
3942,22,142,4210,Cat_22,USA
3943,19,186,2510,Cat_19,India
3944,16,131,1314,Cat_16,China
3945,29,25,3661,Cat_29,India
3946,2,23,2209,Cat_2,USA
3947,5,73,1354,Cat_5,China
3948,8,46,2815,Cat_8,India
3949,3,111,2940,Cat_3,India
3950,15,79,2703,Cat_15,USA
3951,5,4,2595,Cat_5,USA
3952,8,137,1115,Cat_8,USA
3953,24,181,4313,Cat_24,India
3954,1,107,4857,Cat_1,China
3955,24,99,637,Cat_24,USA
3956,21,92,3934,Cat_21,USA
3957,30,93,2736,Cat_30,USA
3958,10,178,135,Cat_10,USA
3959,26,107,1036,Cat_26,China
3960,15,135,3686,Cat_15,China
3961,26,197,1625,Cat_26,USA
3962,29,52,344,Cat_29,India
3963,16,124,4789,Cat_16,India
3964,6,183,4390,Cat_6,USA
3965,6,82,245,Cat_6,USA
3966,28,133,1805,Cat_28,India
3967,8,174,4565,Cat_8,China
3968,20,149,4877,Cat_20,China
3969,11,45,4342,Cat_11,India
3970,15,125,2032,Cat_15,China
3971,18,62,4604,Cat_18,USA
3972,11,79,1144,Cat_11,USA
3973,11,60,595,Cat_11,USA
3974,13,138,792,Cat_13,India
3975,9,150,1642,Cat_9,USA
3976,12,77,2919,Cat_12,India
3977,29,82,2857,Cat_29,USA
3978,5,41,487,Cat_5,India
3979,22,29,896,Cat_22,India
3980,12,58,1522,Cat_12,India
3981,13,102,2140,Cat_13,USA
3982,30,51,647,Cat_30,China
3983,19,118,3276,Cat_19,USA
3984,5,135,4423,Cat_5,China
3985,15,177,1846,Cat_15,USA
3986,17,177,3682,Cat_17,USA
3987,19,146,4684,Cat_19,USA
3988,26,24,1170,Cat_26,USA
3989,28,176,261,Cat_28,India
3990,1,157,142,Cat_1,USA
3991,1,28,3094,Cat_1,USA
3992,19,149,1382,Cat_19,China
3993,1,148,3353,Cat_1,China
3994,4,149,2968,Cat_4,China
3995,24,139,2090,Cat_24,China
3996,12,169,2686,Cat_12,India
3997,22,45,392,Cat_22,India
3998,22,99,4322,Cat_22,USA
3999,3,54,1544,Cat_3,USA
4000,30,186,920,Cat_30,India
4001,7,36,2743,Cat_7,India
4002,7,161,1247,Cat_7,China
4003,13,104,1097,Cat_13,India
4004,13,28,2510,Cat_13,USA
4005,7,49,2338,Cat_7,India
4006,18,168,4908,Cat_18,China
4007,25,136,2533,Cat_25,India
4008,16,67,1698,Cat_16,China
4009,15,180,1784,Cat_15,USA
4010,19,181,2300,Cat_19,India
4011,11,56,4122,Cat_11,India
4012,27,60,3070,Cat_27,USA
4013,21,39,3045,Cat_21,China
4014,6,178,2350,Cat_6,USA
4015,6,76,2844,Cat_6,USA
4016,24,164,1204,Cat_24,China
4017,21,54,292,Cat_21,USA
4018,19,124,4339,Cat_19,India
4019,12,114,4856,Cat_12,USA
4020,20,170,1939,Cat_20,USA
4021,6,35,2500,Cat_6,China
4022,15,140,4345,Cat_15,India
4023,3,37,4737,Cat_3,China
4024,18,109,1578,Cat_18,USA
4025,7,113,997,Cat_7,India
4026,1,85,3767,Cat_1,China
4027,9,72,2566,Cat_9,China
4028,3,61,3329,Cat_3,China
4029,10,13,3849,Cat_10,USA
4030,16,44,3946,Cat_16,China
4031,23,151,459,Cat_23,India
4032,27,103,2291,Cat_27,USA
4033,5,93,1684,Cat_5,USA
4034,21,145,1236,Cat_21,India
4035,2,118,2009,Cat_2,USA
4036,9,22,1769,Cat_9,India
4037,6,146,4637,Cat_6,USA
4038,25,189,2012,Cat_25,USA
4039,17,58,2476,Cat_17,India
4040,16,146,1877,Cat_16,USA
4041,1,64,1138,Cat_1,China
4042,30,58,965,Cat_30,India
4043,27,46,4461,Cat_27,India
4044,7,141,2536,Cat_7,China
4045,7,48,2223,Cat_7,China
4046,24,89,1180,Cat_24,USA
4047,6,9,1124,Cat_6,USA
4048,18,98,3869,Cat_18,USA
4049,26,15,2060,Cat_26,China
4050,17,77,2800,Cat_17,India
4051,24,125,592,Cat_24,China
4052,23,61,2010,Cat_23,China
4053,21,191,3493,Cat_21,China
4054,5,101,4529,Cat_5,USA
4055,8,76,3397,Cat_8,USA
4056,17,195,1488,Cat_17,USA
4057,25,62,1997,Cat_25,USA
4058,3,184,1892,Cat_3,USA
4059,11,114,1325,Cat_11,USA
4060,11,40,2238,Cat_11,USA
4061,2,34,3831,Cat_2,India
4062,15,83,3376,Cat_15,China
4063,12,77,512,Cat_12,India
4064,5,45,3951,Cat_5,India
4065,8,141,2116,Cat_8,China
4066,15,107,1181,Cat_15,China
4067,28,124,3307,Cat_28,India
4068,25,144,3327,Cat_25,China
4069,25,64,2501,Cat_25,China
4070,11,157,2388,Cat_11,USA
4071,2,97,4844,Cat_2,USA
4072,22,144,3528,Cat_22,China
4073,2,168,3211,Cat_2,China
4074,25,36,2576,Cat_25,India
4075,26,75,2369,Cat_26,India
4076,28,43,1929,Cat_28,USA
4077,16,134,189,Cat_16,India
4078,27,154,708,Cat_27,China
4079,29,69,342,Cat_29,China
4080,1,86,2582,Cat_1,USA
4081,2,188,2344,Cat_2,China
4082,13,83,2902,Cat_13,China
4083,4,101,3798,Cat_4,USA
4084,9,149,2179,Cat_9,China
4085,10,123,3603,Cat_10,USA
4086,19,88,4509,Cat_19,India
4087,9,12,476,Cat_9,India
4088,12,73,374,Cat_12,China
4089,14,130,1819,Cat_14,USA
4090,29,68,264,Cat_29,China
4091,10,77,2267,Cat_10,India
4092,30,186,3831,Cat_30,India
4093,24,104,2636,Cat_24,India
4094,27,162,3651,Cat_27,China
4095,7,9,1056,Cat_7,USA
4096,28,27,4777,Cat_28,China
4097,24,88,2869,Cat_24,India
4098,25,152,1476,Cat_25,India
4099,17,197,4902,Cat_17,USA
4100,24,44,2854,Cat_24,China
4101,29,191,119,Cat_29,China
4102,2,163,4962,Cat_2,China
4103,11,193,728,Cat_11,China
4104,9,189,427,Cat_9,USA
4105,25,96,1317,Cat_25,USA
4106,23,119,3898,Cat_23,China
4107,21,154,4314,Cat_21,China
4108,13,50,4980,Cat_13,China
4109,15,126,976,Cat_15,USA
4110,22,137,146,Cat_22,USA
4111,20,76,3380,Cat_20,USA
4112,27,45,4206,Cat_27,India
4113,27,123,3401,Cat_27,USA
4114,5,26,2743,Cat_5,China
4115,13,6,4955,Cat_13,India
4116,20,177,4034,Cat_20,USA
4117,21,103,1522,Cat_21,USA
4118,4,200,4260,Cat_4,India
4119,10,138,3356,Cat_10,India
4120,6,136,1908,Cat_6,India
4121,5,188,3508,Cat_5,China
4122,1,4,3089,Cat_1,USA
4123,12,195,2661,Cat_12,USA
4124,27,3,806,Cat_27,India
4125,19,67,856,Cat_19,China
4126,18,91,4455,Cat_18,India
4127,13,194,2785,Cat_13,China
4128,1,170,1910,Cat_1,USA
4129,3,26,2275,Cat_3,China
4130,15,29,2025,Cat_15,India
4131,3,139,3898,Cat_3,China
4132,15,115,1189,Cat_15,China
4133,14,77,4742,Cat_14,India
4134,6,86,2143,Cat_6,USA
4135,19,78,4944,Cat_19,India
4136,16,58,1517,Cat_16,India
4137,23,41,3993,Cat_23,India
4138,13,92,2121,Cat_13,USA
4139,8,121,1809,Cat_8,USA
4140,25,144,4609,Cat_25,China
4141,17,97,4824,Cat_17,USA
4142,20,77,3629,Cat_20,India
4143,26,157,4194,Cat_26,USA
4144,21,33,2481,Cat_21,India
4145,13,169,1977,Cat_13,India
4146,1,61,2208,Cat_1,China
4147,16,102,4788,Cat_16,USA
4148,28,29,3781,Cat_28,India
4149,10,102,1400,Cat_10,USA
4150,28,29,2533,Cat_28,India
4151,21,4,2196,Cat_21,USA
4152,26,48,3536,Cat_26,China
4153,5,187,791,Cat_5,India
4154,12,54,867,Cat_12,USA
4155,1,157,2218,Cat_1,USA
4156,30,47,3098,Cat_30,India
4157,28,178,2468,Cat_28,USA
4158,17,62,4954,Cat_17,USA
4159,7,180,513,Cat_7,USA
4160,18,169,2670,Cat_18,India
4161,12,50,4143,Cat_12,China
4162,17,22,3512,Cat_17,India
4163,20,157,3861,Cat_20,USA
4164,26,58,1920,Cat_26,India
4165,29,59,1663,Cat_29,USA
4166,1,121,3262,Cat_1,USA
4167,20,46,3367,Cat_20,India
4168,8,146,2970,Cat_8,USA
4169,21,53,2437,Cat_21,USA
4170,27,122,2840,Cat_27,India
4171,26,107,1240,Cat_26,China
4172,21,173,4050,Cat_21,USA
4173,5,104,3356,Cat_5,India
4174,25,184,1971,Cat_25,USA
4175,18,115,1680,Cat_18,China
4176,28,12,3595,Cat_28,India
4177,24,77,587,Cat_24,India
4178,5,79,129,Cat_5,USA
4179,11,5,309,Cat_11,China
4180,12,146,2633,Cat_12,USA
4181,5,20,4249,Cat_5,India
4182,16,112,140,Cat_16,China
4183,18,120,3328,Cat_18,USA
4184,26,63,3024,Cat_26,USA
4185,10,192,2585,Cat_10,USA
4186,3,112,2335,Cat_3,China
4187,17,132,3321,Cat_17,China
4188,19,99,929,Cat_19,USA
4189,16,98,2447,Cat_16,USA
4190,14,144,468,Cat_14,China
4191,15,25,4634,Cat_15,India
4192,3,124,517,Cat_3,India
4193,5,68,3499,Cat_5,China
4194,28,98,2229,Cat_28,USA
4195,21,176,3291,Cat_21,India
4196,6,154,2238,Cat_6,China
4197,23,67,4784,Cat_23,China
4198,21,44,2977,Cat_21,China
4199,28,88,3303,Cat_28,India
4200,21,145,1520,Cat_21,India
4201,10,98,2259,Cat_10,USA
4202,14,69,3423,Cat_14,China
4203,16,132,4794,Cat_16,China
4204,13,191,1234,Cat_13,China
4205,18,57,586,Cat_18,USA
4206,6,143,4442,Cat_6,USA
4207,3,57,3689,Cat_3,USA
4208,23,159,2951,Cat_23,India
4209,30,186,4203,Cat_30,India
4210,4,164,1937,Cat_4,China
4211,12,152,3541,Cat_12,India
4212,22,29,127,Cat_22,India
4213,27,108,558,Cat_27,USA
4214,19,164,2555,Cat_19,China
4215,17,33,4915,Cat_17,India
4216,21,141,1258,Cat_21,China
4217,7,158,2192,Cat_7,China
4218,21,50,3155,Cat_21,China
4219,15,117,4267,Cat_15,USA
4220,19,30,1780,Cat_19,India
4221,1,62,956,Cat_1,USA
4222,26,81,858,Cat_26,USA
4223,11,1,197,Cat_11,India
4224,26,62,3338,Cat_26,USA
4225,17,69,2767,Cat_17,China
4226,26,97,2427,Cat_26,USA
4227,17,139,2100,Cat_17,China
4228,20,158,4036,Cat_20,China
4229,8,198,2402,Cat_8,China
4230,16,91,216,Cat_16,India
4231,2,2,2815,Cat_2,India
4232,17,54,4298,Cat_17,USA
4233,23,161,4283,Cat_23,China
4234,22,196,2478,Cat_22,India
4235,11,36,3601,Cat_11,India
4236,21,106,4299,Cat_21,China
4237,20,189,4221,Cat_20,USA
4238,4,59,4874,Cat_4,USA
4239,30,198,3998,Cat_30,China
4240,20,187,3829,Cat_20,India
4241,2,132,4942,Cat_2,China
4242,15,33,879,Cat_15,India
4243,3,8,3475,Cat_3,USA
4244,13,112,4377,Cat_13,China
4245,29,132,1209,Cat_29,China
4246,29,6,134,Cat_29,India
4247,14,141,3691,Cat_14,China
4248,25,70,658,Cat_25,India
4249,17,186,1020,Cat_17,India
4250,25,12,4998,Cat_25,India
4251,20,37,3234,Cat_20,China
4252,23,2,4208,Cat_23,India
4253,29,104,2109,Cat_29,India
4254,6,58,1217,Cat_6,India
4255,23,77,4213,Cat_23,India
4256,19,54,1077,Cat_19,USA
4257,30,81,4656,Cat_30,USA
4258,9,198,4364,Cat_9,China
4259,23,80,4535,Cat_23,China
4260,19,107,322,Cat_19,China
4261,26,38,3764,Cat_26,China
4262,1,41,3695,Cat_1,India
4263,3,65,4492,Cat_3,USA
4264,4,194,4244,Cat_4,China
4265,6,16,2421,Cat_6,India
4266,15,103,3933,Cat_15,USA
4267,10,27,568,Cat_10,China
4268,8,158,1804,Cat_8,China
4269,24,89,3435,Cat_24,USA
4270,7,153,4898,Cat_7,USA
4271,18,192,3391,Cat_18,USA
4272,13,39,207,Cat_13,China
4273,21,81,1046,Cat_21,USA
4274,14,93,1166,Cat_14,USA
4275,16,13,1606,Cat_16,USA
4276,22,106,4335,Cat_22,China
4277,23,17,2191,Cat_23,India
4278,29,42,2809,Cat_29,China
4279,25,155,3906,Cat_25,India
4280,22,20,556,Cat_22,India
4281,1,20,4750,Cat_1,India
4282,4,174,2414,Cat_4,China
4283,28,176,4093,Cat_28,India
4284,9,15,2929,Cat_9,China
4285,10,166,2355,Cat_10,USA
4286,16,58,2687,Cat_16,India
4287,22,138,2467,Cat_22,India
4288,7,167,4990,Cat_7,China
4289,5,75,2983,Cat_5,India
4290,15,188,2297,Cat_15,China
4291,3,172,4512,Cat_3,USA
4292,18,64,4415,Cat_18,China
4293,17,130,4958,Cat_17,USA
4294,22,195,2953,Cat_22,USA
4295,27,146,1109,Cat_27,USA
4296,12,147,2739,Cat_12,China
4297,4,181,1112,Cat_4,India
4298,15,140,3328,Cat_15,India
4299,28,15,3529,Cat_28,China
4300,20,124,3477,Cat_20,India
4301,15,71,4621,Cat_15,USA
4302,21,16,4851,Cat_21,India
4303,29,35,3408,Cat_29,China
4304,2,102,3864,Cat_2,USA
4305,23,20,2140,Cat_23,India
4306,19,12,3811,Cat_19,India
4307,1,9,877,Cat_1,USA
4308,13,51,2530,Cat_13,China
4309,12,30,3990,Cat_12,India
4310,17,123,1727,Cat_17,USA
4311,18,122,4217,Cat_18,India
4312,4,2,757,Cat_4,India
4313,5,123,2632,Cat_5,USA
4314,10,68,1359,Cat_10,China
4315,12,120,4937,Cat_12,USA
4316,6,72,4634,Cat_6,China
4317,16,134,3570,Cat_16,India
4318,19,69,2135,Cat_19,China
4319,16,52,3506,Cat_16,India
4320,18,169,1795,Cat_18,India
4321,21,139,361,Cat_21,China
4322,26,192,4784,Cat_26,USA
4323,4,153,2802,Cat_4,USA
4324,4,59,3891,Cat_4,USA
4325,4,198,1185,Cat_4,China
4326,15,167,1432,Cat_15,China
4327,25,149,4518,Cat_25,China
4328,3,155,1788,Cat_3,India
4329,18,57,4615,Cat_18,USA
4330,15,13,1742,Cat_15,USA
4331,22,1,1447,Cat_22,India
4332,17,138,1579,Cat_17,India
4333,2,5,1466,Cat_2,China
4334,6,62,1630,Cat_6,USA
4335,17,32,4943,Cat_17,China
4336,18,48,3239,Cat_18,China
4337,27,138,1237,Cat_27,India
4338,5,52,1123,Cat_5,India
4339,15,18,719,Cat_15,USA
4340,4,40,3245,Cat_4,USA
4341,21,85,1658,Cat_21,China
4342,10,135,3134,Cat_10,China
4343,14,136,416,Cat_14,India
4344,20,57,2679,Cat_20,USA
4345,15,82,2949,Cat_15,USA
4346,2,92,3861,Cat_2,USA
4347,12,115,2408,Cat_12,China
4348,11,127,2143,Cat_11,USA
4349,30,154,2070,Cat_30,China
4350,10,23,4023,Cat_10,USA
4351,1,98,1342,Cat_1,USA
4352,24,18,3654,Cat_24,USA
4353,17,146,823,Cat_17,USA
4354,15,179,3957,Cat_15,India
4355,20,1,3033,Cat_20,India
4356,9,53,627,Cat_9,USA
4357,25,151,2294,Cat_25,India
4358,30,154,350,Cat_30,China
4359,29,58,650,Cat_29,India
4360,8,55,3124,Cat_8,USA
4361,16,44,190,Cat_16,China
4362,30,5,1119,Cat_30,China
4363,5,78,2416,Cat_5,India
4364,29,155,4472,Cat_29,India
4365,7,121,2883,Cat_7,USA
4366,5,123,4465,Cat_5,USA
4367,29,20,3506,Cat_29,India
4368,11,160,3192,Cat_11,USA
4369,15,194,3639,Cat_15,China
4370,23,15,4486,Cat_23,China
4371,27,24,1468,Cat_27,USA
4372,29,82,4076,Cat_29,USA
4373,8,147,4587,Cat_8,China
4374,4,130,892,Cat_4,USA
4375,28,20,3993,Cat_28,India
4376,17,177,1821,Cat_17,USA
4377,11,175,1659,Cat_11,India
4378,10,176,3561,Cat_10,India
4379,12,130,3699,Cat_12,USA
4380,30,113,2780,Cat_30,India
4381,19,51,2077,Cat_19,China
4382,30,191,3489,Cat_30,China
4383,23,107,3475,Cat_23,China
4384,1,138,1404,Cat_1,India
4385,21,82,4683,Cat_21,USA
4386,10,21,3772,Cat_10,India
4387,12,41,2895,Cat_12,India
4388,20,133,3441,Cat_20,India
4389,21,149,4430,Cat_21,China
4390,14,103,1437,Cat_14,USA
4391,21,133,4326,Cat_21,India
4392,16,35,2600,Cat_16,China
4393,28,137,2457,Cat_28,USA
4394,30,13,1477,Cat_30,USA
4395,6,78,1460,Cat_6,India
4396,29,25,3427,Cat_29,India
4397,2,54,3668,Cat_2,USA
4398,3,69,2894,Cat_3,China
4399,19,97,3949,Cat_19,USA
4400,9,137,1105,Cat_9,USA
4401,29,7,2373,Cat_29,China
4402,14,88,2842,Cat_14,India
4403,22,171,1382,Cat_22,China
4404,18,25,193,Cat_18,India
4405,13,50,2947,Cat_13,China
4406,21,53,3357,Cat_21,USA
4407,12,88,3426,Cat_12,India
4408,10,94,519,Cat_10,India
4409,26,64,4501,Cat_26,China
4410,10,140,1384,Cat_10,India
4411,5,19,1000,Cat_5,India
4412,30,90,2155,Cat_30,China
4413,14,189,1747,Cat_14,USA
4414,2,42,2363,Cat_2,China
4415,29,128,2540,Cat_29,China
4416,6,183,3380,Cat_6,USA
4417,25,157,1081,Cat_25,USA
4418,4,145,2043,Cat_4,India
4419,4,165,2835,Cat_4,USA
4420,22,86,2727,Cat_22,USA
4421,4,50,492,Cat_4,China
4422,30,39,3059,Cat_30,China
4423,28,8,433,Cat_28,USA
4424,28,58,3567,Cat_28,India
4425,14,179,3167,Cat_14,India
4426,27,72,1795,Cat_27,China
4427,9,93,3318,Cat_9,USA
4428,4,56,2890,Cat_4,India
4429,2,74,4147,Cat_2,USA
4430,5,47,3489,Cat_5,India
4431,28,164,2751,Cat_28,China
4432,5,112,2011,Cat_5,China
4433,29,7,2906,Cat_29,China
4434,20,193,2052,Cat_20,China
4435,16,167,3653,Cat_16,China
4436,12,32,4937,Cat_12,China
4437,1,4,2867,Cat_1,USA
4438,6,151,2120,Cat_6,India
4439,30,173,3301,Cat_30,USA
4440,26,48,3156,Cat_26,China
4441,28,3,1729,Cat_28,India
4442,3,41,4978,Cat_3,India
4443,13,31,4627,Cat_13,China
4444,25,175,1647,Cat_25,India
4445,30,192,3885,Cat_30,USA
4446,27,14,3966,Cat_27,China
4447,20,85,1754,Cat_20,China
4448,24,194,1996,Cat_24,China
4449,6,26,2704,Cat_6,China
4450,11,101,3443,Cat_11,USA
4451,16,158,138,Cat_16,China
4452,4,16,4961,Cat_4,India
4453,27,72,3026,Cat_27,China
4454,21,142,897,Cat_21,USA
4455,1,172,2217,Cat_1,USA
4456,19,162,2911,Cat_19,China
4457,11,1,2666,Cat_11,India
4458,8,150,4132,Cat_8,USA
4459,4,50,4717,Cat_4,China
4460,19,30,2256,Cat_19,India
4461,21,17,2838,Cat_21,India
4462,26,160,3102,Cat_26,USA
4463,29,194,1866,Cat_29,China
4464,9,131,2997,Cat_9,China
4465,20,73,1893,Cat_20,China
4466,25,4,2339,Cat_25,USA
4467,10,40,4493,Cat_10,USA
4468,5,113,1710,Cat_5,India
4469,25,46,4338,Cat_25,India
4470,22,29,2184,Cat_22,India
4471,19,78,2202,Cat_19,India
4472,21,23,4537,Cat_21,USA
4473,2,18,3308,Cat_2,USA
4474,21,70,2015,Cat_21,India
4475,8,173,1683,Cat_8,USA
4476,6,64,3508,Cat_6,China
4477,1,123,1914,Cat_1,USA
4478,28,44,2295,Cat_28,China
4479,26,164,1984,Cat_26,China
4480,10,15,2232,Cat_10,China
4481,29,198,1648,Cat_29,China
4482,20,103,2685,Cat_20,USA
4483,12,53,572,Cat_12,USA
4484,2,56,2234,Cat_2,India
4485,18,197,605,Cat_18,USA
4486,4,62,3798,Cat_4,USA
4487,7,66,111,Cat_7,USA
4488,14,165,4979,Cat_14,USA
4489,20,66,755,Cat_20,USA
4490,30,163,885,Cat_30,China
4491,10,147,2721,Cat_10,China
4492,16,125,2195,Cat_16,China
4493,21,165,3510,Cat_21,USA
4494,10,186,4009,Cat_10,India
4495,20,147,4579,Cat_20,China
4496,25,141,3432,Cat_25,China
4497,29,163,1682,Cat_29,China
4498,19,171,2135,Cat_19,China
4499,16,106,622,Cat_16,China
4500,9,9,2919,Cat_9,USA
4501,13,17,2168,Cat_13,India
4502,28,69,385,Cat_28,China
4503,9,153,3311,Cat_9,USA
4504,14,68,1454,Cat_14,China
4505,28,43,1577,Cat_28,USA
4506,10,186,1324,Cat_10,India
4507,3,194,1367,Cat_3,China
4508,24,184,3581,Cat_24,USA
4509,11,116,126,Cat_11,India
4510,2,57,3451,Cat_2,USA
4511,26,196,2983,Cat_26,India
4512,16,113,637,Cat_16,India
4513,16,39,1697,Cat_16,China
4514,30,66,2886,Cat_30,USA
4515,27,31,4281,Cat_27,China
4516,21,48,1303,Cat_21,China
4517,30,138,3917,Cat_30,India
4518,24,43,1158,Cat_24,USA
4519,20,3,1603,Cat_20,India
4520,10,76,3783,Cat_10,USA
4521,15,62,1865,Cat_15,USA
4522,20,18,2155,Cat_20,USA
4523,19,30,3784,Cat_19,India
4524,19,57,2262,Cat_19,USA
4525,20,107,1510,Cat_20,China
4526,24,137,3026,Cat_24,USA
4527,11,30,243,Cat_11,India
4528,9,12,1212,Cat_9,India
4529,19,77,1613,Cat_19,India
4530,18,71,3440,Cat_18,USA
4531,1,197,2463,Cat_1,USA
4532,28,182,3760,Cat_28,India
4533,10,14,2693,Cat_10,China
4534,17,67,2506,Cat_17,China
4535,9,33,966,Cat_9,India
4536,25,82,3159,Cat_25,USA
4537,5,54,4188,Cat_5,USA
4538,14,153,951,Cat_14,USA
4539,5,5,1395,Cat_5,China
4540,25,119,2956,Cat_25,China
4541,3,126,293,Cat_3,USA
4542,29,141,691,Cat_29,China
4543,19,184,1091,Cat_19,USA
4544,10,66,3637,Cat_10,USA
4545,22,165,4256,Cat_22,USA
4546,1,99,440,Cat_1,USA
4547,18,182,3324,Cat_18,India
4548,16,30,4531,Cat_16,India
4549,15,184,1731,Cat_15,USA
4550,29,184,202,Cat_29,USA
4551,9,15,4570,Cat_9,China
4552,21,94,3685,Cat_21,India
4553,8,72,1528,Cat_8,China
4554,8,128,4983,Cat_8,China
4555,11,70,760,Cat_11,India
4556,28,93,3730,Cat_28,USA
4557,24,78,4320,Cat_24,India
4558,19,91,2549,Cat_19,India
4559,4,99,3300,Cat_4,USA
4560,9,189,582,Cat_9,USA
4561,3,76,1946,Cat_3,USA
4562,27,187,4717,Cat_27,India
4563,25,178,1943,Cat_25,USA
4564,21,8,4387,Cat_21,USA
4565,14,30,911,Cat_14,India
4566,1,184,4923,Cat_1,USA
4567,16,25,2002,Cat_16,India
4568,9,155,4789,Cat_9,India
4569,9,109,1670,Cat_9,USA
4570,4,55,2881,Cat_4,USA
4571,7,140,171,Cat_7,India
4572,13,20,1647,Cat_13,India
4573,3,84,1455,Cat_3,China
4574,22,43,2736,Cat_22,USA
4575,11,31,3927,Cat_11,China
4576,12,88,243,Cat_12,India
4577,5,175,1726,Cat_5,India
4578,7,172,311,Cat_7,USA
4579,10,61,4732,Cat_10,China
4580,6,191,4240,Cat_6,China
4581,22,174,3867,Cat_22,China
4582,3,189,3770,Cat_3,USA
4583,18,184,2808,Cat_18,USA
4584,18,185,3144,Cat_18,USA
4585,30,71,1942,Cat_30,USA
4586,3,149,3344,Cat_3,China
4587,30,156,140,Cat_30,USA
4588,10,27,1769,Cat_10,China
4589,1,54,2910,Cat_1,USA
4590,4,166,4606,Cat_4,USA
4591,2,82,2591,Cat_2,USA
4592,8,64,3900,Cat_8,China
4593,29,28,1064,Cat_29,USA
4594,13,17,2622,Cat_13,India
4595,25,97,4001,Cat_25,USA
4596,16,169,4383,Cat_16,India
4597,14,171,3513,Cat_14,China
4598,14,45,3091,Cat_14,India
4599,2,143,792,Cat_2,USA
4600,18,120,4543,Cat_18,USA
4601,25,165,4813,Cat_25,USA
4602,2,34,4555,Cat_2,India
4603,17,113,111,Cat_17,India
4604,23,120,2055,Cat_23,USA
4605,17,2,2435,Cat_17,India
4606,10,120,2455,Cat_10,USA
4607,23,148,1202,Cat_23,China
4608,17,10,2797,Cat_17,USA
4609,23,103,766,Cat_23,USA
4610,4,60,1699,Cat_4,USA
4611,15,194,4795,Cat_15,China
4612,14,172,1692,Cat_14,USA
4613,4,89,4503,Cat_4,USA
4614,1,27,3386,Cat_1,China
4615,6,124,1045,Cat_6,India
4616,2,185,4742,Cat_2,USA
4617,22,102,1196,Cat_22,USA
4618,29,109,676,Cat_29,USA
4619,24,76,3149,Cat_24,USA
4620,13,38,2694,Cat_13,China
4621,11,34,1566,Cat_11,India
4622,29,58,4193,Cat_29,India
4623,16,163,656,Cat_16,China
4624,21,89,946,Cat_21,USA
4625,10,146,3173,Cat_10,USA
4626,16,84,2272,Cat_16,China
4627,25,109,1448,Cat_25,USA
4628,29,75,2604,Cat_29,India
4629,10,170,4019,Cat_10,USA
4630,12,184,4759,Cat_12,USA
4631,7,58,1142,Cat_7,India
4632,14,96,2052,Cat_14,USA
4633,14,42,268,Cat_14,China
4634,6,4,2354,Cat_6,USA
4635,5,172,1666,Cat_5,USA
4636,15,155,3736,Cat_15,India
4637,24,120,4189,Cat_24,USA
4638,30,108,2670,Cat_30,USA
4639,11,66,3840,Cat_11,USA
4640,19,181,4548,Cat_19,India
4641,24,104,2031,Cat_24,India
4642,3,1,441,Cat_3,India
4643,28,184,1177,Cat_28,USA
4644,29,163,199,Cat_29,China
4645,3,134,1706,Cat_3,India
4646,12,5,2328,Cat_12,China
4647,28,7,2850,Cat_28,China
4648,23,157,3759,Cat_23,USA
4649,7,139,692,Cat_7,China
4650,10,153,735,Cat_10,USA
4651,4,18,1251,Cat_4,USA
4652,25,174,1117,Cat_25,China
4653,20,177,1103,Cat_20,USA
4654,3,76,1624,Cat_3,USA
4655,14,61,428,Cat_14,China
4656,27,12,2951,Cat_27,India
4657,13,27,355,Cat_13,China
4658,15,124,4237,Cat_15,India
4659,22,22,826,Cat_22,India
4660,21,12,4355,Cat_21,India
4661,24,93,2610,Cat_24,USA
4662,20,110,2022,Cat_20,India
4663,7,103,3632,Cat_7,USA
4664,23,48,2864,Cat_23,China
4665,29,85,4118,Cat_29,China
4666,1,77,4212,Cat_1,India
4667,4,136,1067,Cat_4,India
4668,24,90,2997,Cat_24,China
4669,18,189,2353,Cat_18,USA
4670,24,35,898,Cat_24,China
4671,12,53,4200,Cat_12,USA
4672,6,162,293,Cat_6,China
4673,20,65,1520,Cat_20,USA
4674,1,11,1209,Cat_1,China
4675,24,183,4723,Cat_24,USA
4676,28,19,4325,Cat_28,India
4677,28,91,581,Cat_28,India
4678,15,66,1466,Cat_15,USA
4679,20,179,3497,Cat_20,India
4680,5,191,2532,Cat_5,China
4681,7,194,4117,Cat_7,China
4682,23,170,3059,Cat_23,USA
4683,29,175,1378,Cat_29,India
4684,26,185,4420,Cat_26,USA
4685,27,30,1392,Cat_27,India
4686,15,136,4410,Cat_15,India
4687,24,192,2479,Cat_24,USA
4688,6,34,1891,Cat_6,India
4689,3,96,329,Cat_3,USA
4690,14,58,488,Cat_14,India
4691,7,67,4324,Cat_7,China
4692,14,66,1502,Cat_14,USA
4693,9,165,1531,Cat_9,USA
4694,27,191,2345,Cat_27,China
4695,16,103,207,Cat_16,USA
4696,23,101,3957,Cat_23,USA
4697,6,72,2655,Cat_6,China
4698,28,29,2933,Cat_28,India
4699,12,157,556,Cat_12,USA
4700,11,37,4734,Cat_11,China
4701,1,29,4706,Cat_1,India
4702,15,74,1019,Cat_15,USA
4703,9,169,2426,Cat_9,India
4704,23,174,3384,Cat_23,China
4705,12,114,4164,Cat_12,USA
4706,13,4,2077,Cat_13,USA
4707,20,185,3223,Cat_20,USA
4708,27,1,4920,Cat_27,India
4709,6,169,3573,Cat_6,India
4710,10,76,4591,Cat_10,USA
4711,13,167,4165,Cat_13,China
4712,24,65,3004,Cat_24,USA
4713,4,111,4662,Cat_4,India
4714,23,184,1381,Cat_23,USA
4715,21,155,2708,Cat_21,India
4716,22,81,4568,Cat_22,USA
4717,11,22,3943,Cat_11,India
4718,27,165,3141,Cat_27,USA
4719,24,192,2746,Cat_24,USA
4720,7,13,314,Cat_7,USA
4721,23,113,4473,Cat_23,India
4722,11,21,2794,Cat_11,India
4723,9,189,3622,Cat_9,USA
4724,21,117,4619,Cat_21,USA
4725,27,174,141,Cat_27,China
4726,19,160,1679,Cat_19,USA
4727,10,130,3491,Cat_10,USA
4728,21,42,4548,Cat_21,China
4729,12,178,2298,Cat_12,USA
4730,5,63,383,Cat_5,USA
4731,13,142,1923,Cat_13,USA
4732,14,144,3020,Cat_14,China
4733,18,103,3582,Cat_18,USA
4734,7,100,192,Cat_7,USA
4735,10,55,1318,Cat_10,USA
4736,23,169,2314,Cat_23,India
4737,11,124,3810,Cat_11,India
4738,24,49,4190,Cat_24,India
4739,5,57,655,Cat_5,USA
4740,26,160,477,Cat_26,USA
4741,11,170,335,Cat_11,USA
4742,1,44,2636,Cat_1,China
4743,1,63,3541,Cat_1,USA
4744,10,137,4261,Cat_10,USA
4745,9,45,1687,Cat_9,India
4746,20,1,4676,Cat_20,India
4747,4,59,2061,Cat_4,USA
4748,22,185,3372,Cat_22,USA
4749,27,18,1500,Cat_27,USA
4750,11,188,1432,Cat_11,China
4751,10,200,2137,Cat_10,India
4752,8,89,1012,Cat_8,USA
4753,6,120,3688,Cat_6,USA
4754,26,40,2200,Cat_26,USA
4755,20,36,2141,Cat_20,India
4756,14,117,4454,Cat_14,USA
4757,12,7,3297,Cat_12,China
4758,12,127,4135,Cat_12,USA
4759,16,6,4971,Cat_16,India
4760,26,42,4682,Cat_26,China
4761,13,38,2729,Cat_13,China
4762,19,90,3585,Cat_19,China
4763,21,193,2294,Cat_21,China
4764,6,69,4996,Cat_6,China
4765,19,195,3090,Cat_19,USA
4766,4,147,974,Cat_4,China
4767,4,114,4293,Cat_4,USA
4768,30,33,1170,Cat_30,India
4769,13,93,4063,Cat_13,USA
4770,1,47,1842,Cat_1,India
4771,12,42,1573,Cat_12,China
4772,24,129,371,Cat_24,China
4773,26,71,3264,Cat_26,USA
4774,20,66,3721,Cat_20,USA
4775,23,160,1164,Cat_23,USA
4776,9,109,2117,Cat_9,USA
4777,10,162,1351,Cat_10,China
4778,12,131,2382,Cat_12,China
4779,20,40,2802,Cat_20,USA
4780,30,150,1090,Cat_30,USA
4781,5,84,4131,Cat_5,China
4782,12,16,1997,Cat_12,India
4783,8,109,2959,Cat_8,USA
4784,23,144,1981,Cat_23,China
4785,2,6,4484,Cat_2,India
4786,21,21,2749,Cat_21,India
4787,29,42,2065,Cat_29,China
4788,18,49,4200,Cat_18,India
4789,24,6,2101,Cat_24,India
4790,25,173,1476,Cat_25,USA
4791,13,197,1541,Cat_13,USA
4792,5,13,755,Cat_5,USA
4793,8,43,865,Cat_8,USA
4794,8,149,1841,Cat_8,China
4795,30,48,3024,Cat_30,China
4796,15,6,2707,Cat_15,India
4797,3,24,4618,Cat_3,USA
4798,19,2,1940,Cat_19,India
4799,2,99,792,Cat_2,USA
4800,3,110,2538,Cat_3,India
4801,11,64,1755,Cat_11,China
4802,10,165,2092,Cat_10,USA
4803,22,164,656,Cat_22,China
4804,22,157,1588,Cat_22,USA
4805,17,34,3135,Cat_17,India
4806,4,114,4380,Cat_4,USA
4807,19,160,2564,Cat_19,USA
4808,2,94,4807,Cat_2,India
4809,20,100,4600,Cat_20,USA
4810,16,75,4923,Cat_16,India
4811,14,49,4463,Cat_14,India
4812,16,160,4851,Cat_16,USA
4813,16,156,3361,Cat_16,USA
4814,29,66,1480,Cat_29,USA
4815,6,132,3828,Cat_6,China
4816,14,12,2135,Cat_14,India
4817,5,105,4128,Cat_5,India
4818,28,129,2620,Cat_28,China
4819,5,55,1503,Cat_5,USA
4820,18,56,3907,Cat_18,India
4821,4,176,1239,Cat_4,India
4822,22,15,1344,Cat_22,China
4823,6,30,4619,Cat_6,India
4824,20,75,3357,Cat_20,India
4825,29,74,884,Cat_29,USA
4826,29,62,2198,Cat_29,USA
4827,4,138,3628,Cat_4,India
4828,14,69,1969,Cat_14,China
4829,4,72,1035,Cat_4,China
4830,30,186,3399,Cat_30,India
4831,17,76,4316,Cat_17,USA
4832,17,74,4271,Cat_17,USA
4833,27,46,4791,Cat_27,India
4834,28,15,2473,Cat_28,China
4835,10,15,4321,Cat_10,China
4836,17,164,3715,Cat_17,China
4837,10,136,4461,Cat_10,India
4838,14,11,2696,Cat_14,China
4839,28,107,4742,Cat_28,China
4840,22,80,1669,Cat_22,China
4841,12,83,3024,Cat_12,China
4842,26,58,3633,Cat_26,India
4843,10,155,4034,Cat_10,India
4844,4,139,2468,Cat_4,China
4845,27,178,2124,Cat_27,USA
4846,19,38,3396,Cat_19,China
4847,13,120,4943,Cat_13,USA
4848,15,166,2183,Cat_15,USA
4849,8,17,3458,Cat_8,India
4850,5,142,1335,Cat_5,USA
4851,17,8,3586,Cat_17,USA
4852,14,93,3734,Cat_14,USA
4853,24,126,2479,Cat_24,USA
4854,19,142,3353,Cat_19,USA
4855,7,112,3635,Cat_7,China
4856,16,184,670,Cat_16,USA
4857,15,147,2732,Cat_15,China
4858,10,79,159,Cat_10,USA
4859,23,6,4830,Cat_23,India
4860,26,64,1251,Cat_26,China
4861,9,163,4168,Cat_9,China
4862,28,74,2333,Cat_28,USA
4863,24,164,1071,Cat_24,China
4864,14,118,4616,Cat_14,USA
4865,25,120,3948,Cat_25,USA
4866,17,153,4197,Cat_17,USA
4867,26,196,2279,Cat_26,India
4868,15,170,868,Cat_15,USA
4869,21,20,3337,Cat_21,India
4870,5,84,468,Cat_5,China
4871,25,110,4215,Cat_25,India
4872,1,34,210,Cat_1,India
4873,9,2,3424,Cat_9,India
4874,16,56,2031,Cat_16,India
4875,8,89,825,Cat_8,USA
4876,1,185,3987,Cat_1,USA
4877,29,125,1578,Cat_29,China
4878,2,76,3802,Cat_2,USA
4879,21,32,1437,Cat_21,China
4880,15,68,1189,Cat_15,China
4881,29,130,2908,Cat_29,USA
4882,30,171,271,Cat_30,China
4883,26,179,795,Cat_26,India
4884,12,90,3539,Cat_12,China
4885,4,138,959,Cat_4,India
4886,3,44,2721,Cat_3,China
4887,5,48,2032,Cat_5,China
4888,24,23,1498,Cat_24,USA
4889,5,200,1160,Cat_5,India
4890,9,28,1073,Cat_9,USA
4891,16,154,581,Cat_16,China
4892,9,141,1403,Cat_9,China
4893,18,104,860,Cat_18,India
4894,29,132,4282,Cat_29,China
4895,30,53,3256,Cat_30,USA
4896,16,163,2611,Cat_16,China
4897,23,141,3727,Cat_23,China
4898,2,58,1260,Cat_2,India
4899,4,83,3958,Cat_4,China
4900,2,107,3021,Cat_2,China
4901,2,16,1583,Cat_2,India
4902,18,144,4692,Cat_18,China
4903,18,104,2388,Cat_18,India
4904,9,166,1509,Cat_9,USA
4905,22,93,1198,Cat_22,USA
4906,6,157,3266,Cat_6,USA
4907,4,128,3487,Cat_4,China
4908,15,125,2607,Cat_15,China
4909,30,157,674,Cat_30,USA
4910,2,196,3818,Cat_2,India
4911,26,78,3858,Cat_26,India
4912,17,112,4763,Cat_17,China
4913,19,120,4049,Cat_19,USA
4914,3,188,4412,Cat_3,China
4915,12,79,894,Cat_12,USA
4916,22,111,375,Cat_22,India
4917,21,96,783,Cat_21,USA
4918,20,94,3807,Cat_20,India
4919,6,189,217,Cat_6,USA
4920,29,183,3343,Cat_29,USA
4921,23,63,4757,Cat_23,USA
4922,9,199,3296,Cat_9,USA
4923,10,9,2241,Cat_10,USA
4924,13,128,3787,Cat_13,China
4925,17,109,1014,Cat_17,USA
4926,26,140,1008,Cat_26,India
4927,6,165,3703,Cat_6,USA
4928,12,124,2620,Cat_12,India
4929,25,89,2135,Cat_25,USA
4930,8,65,964,Cat_8,USA
4931,5,74,303,Cat_5,USA
4932,24,74,4995,Cat_24,USA
4933,4,107,1657,Cat_4,China
4934,26,165,822,Cat_26,USA
4935,3,141,2042,Cat_3,China
4936,4,188,2861,Cat_4,China
4937,17,73,657,Cat_17,China
4938,3,198,3900,Cat_3,China
4939,16,176,1382,Cat_16,India
4940,15,13,615,Cat_15,USA
4941,13,84,3565,Cat_13,China
4942,4,157,4343,Cat_4,USA
4943,28,158,2406,Cat_28,China
4944,12,78,1614,Cat_12,India
4945,23,97,1754,Cat_23,USA
4946,25,155,1222,Cat_25,India
4947,11,101,1590,Cat_11,USA
4948,6,34,1822,Cat_6,India
4949,23,126,790,Cat_23,USA
4950,26,186,1440,Cat_26,India
4951,27,65,1824,Cat_27,USA
4952,7,198,1339,Cat_7,China
4953,23,107,2622,Cat_23,China
4954,5,173,3308,Cat_5,USA
4955,19,46,3951,Cat_19,India
4956,8,193,2806,Cat_8,China
4957,11,5,603,Cat_11,China
4958,28,97,523,Cat_28,USA
4959,11,188,2528,Cat_11,China
4960,30,162,4203,Cat_30,China
4961,11,67,1037,Cat_11,China
4962,29,164,4454,Cat_29,China
4963,8,167,4911,Cat_8,China
4964,30,169,3556,Cat_30,India
4965,26,20,1210,Cat_26,India
4966,23,145,3770,Cat_23,India
4967,18,23,1999,Cat_18,USA
4968,22,34,4090,Cat_22,India
4969,29,87,4953,Cat_29,India
4970,19,8,1103,Cat_19,USA
4971,10,150,1898,Cat_10,USA
4972,3,51,2882,Cat_3,China
4973,9,72,4716,Cat_9,China
4974,15,139,4351,Cat_15,China
4975,7,6,3069,Cat_7,India
4976,6,93,2703,Cat_6,USA
4977,3,79,4581,Cat_3,USA
4978,1,78,3616,Cat_1,India
4979,23,141,2672,Cat_23,China
4980,30,38,1843,Cat_30,China
4981,20,129,3825,Cat_20,China
4982,30,104,2869,Cat_30,India
4983,29,187,3352,Cat_29,India
4984,5,187,1906,Cat_5,India
4985,21,92,591,Cat_21,USA
4986,3,120,1498,Cat_3,USA
4987,27,64,3224,Cat_27,China
4988,20,81,258,Cat_20,USA
4989,15,64,3773,Cat_15,China
4990,26,49,2366,Cat_26,India
4991,19,93,1218,Cat_19,USA
4992,1,194,4438,Cat_1,China
4993,18,124,2770,Cat_18,India
4994,20,167,4799,Cat_20,China
4995,26,74,2757,Cat_26,USA
4996,24,65,3807,Cat_24,USA
4997,17,63,1636,Cat_17,USA
4998,13,151,1240,Cat_13,India
4999,12,133,1439,Cat_12,India
5000,27,179,4286,Cat_27,India
5001,1,148,1407,Cat_1,China
5002,23,58,1778,Cat_23,India
5003,17,11,1473,Cat_17,China
5004,3,39,733,Cat_3,China
5005,9,74,4272,Cat_9,USA
5006,23,107,3888,Cat_23,China
5007,30,29,911,Cat_30,India
5008,20,31,3591,Cat_20,China
5009,6,59,3720,Cat_6,USA
5010,2,98,619,Cat_2,USA
5011,4,181,415,Cat_4,India
5012,12,7,4585,Cat_12,China
5013,1,54,4621,Cat_1,USA
5014,29,165,1498,Cat_29,USA
5015,10,56,1906,Cat_10,India
5016,22,116,1566,Cat_22,India
5017,9,147,4582,Cat_9,China
5018,15,77,871,Cat_15,India
5019,16,8,4742,Cat_16,USA
5020,21,175,3409,Cat_21,India
5021,27,168,2758,Cat_27,China
5022,27,50,1952,Cat_27,China
5023,6,17,2915,Cat_6,India
5024,7,129,659,Cat_7,China
5025,18,44,4803,Cat_18,China
5026,14,137,2725,Cat_14,USA
5027,23,92,2376,Cat_23,USA
5028,28,92,2533,Cat_28,USA
5029,24,174,2490,Cat_24,China
5030,2,184,4199,Cat_2,USA
5031,11,193,4242,Cat_11,China
5032,28,162,4509,Cat_28,China
5033,10,151,1931,Cat_10,India
5034,9,144,642,Cat_9,China
5035,11,183,4649,Cat_11,USA
5036,9,131,1271,Cat_9,China
5037,20,101,2316,Cat_20,USA
5038,27,26,4980,Cat_27,China
5039,28,24,1472,Cat_28,USA
5040,22,79,3555,Cat_22,USA
5041,8,196,1248,Cat_8,India
5042,19,46,2423,Cat_19,India
5043,24,179,3548,Cat_24,India
5044,15,176,1513,Cat_15,India
5045,11,76,2206,Cat_11,USA
5046,13,19,2412,Cat_13,India
5047,27,111,1584,Cat_27,India
5048,8,179,1463,Cat_8,India
5049,26,48,478,Cat_26,China
5050,25,148,1179,Cat_25,China
5051,28,120,3128,Cat_28,USA
5052,22,34,4614,Cat_22,India
5053,21,157,4233,Cat_21,USA
5054,9,145,1987,Cat_9,India
5055,14,14,850,Cat_14,China
5056,25,191,2261,Cat_25,China
5057,27,147,4298,Cat_27,China
5058,27,157,4727,Cat_27,USA
5059,3,5,1961,Cat_3,China
5060,11,25,4884,Cat_11,India
5061,11,84,1207,Cat_11,China
5062,2,120,4453,Cat_2,USA
5063,25,181,2984,Cat_25,India
5064,11,13,4446,Cat_11,USA
5065,1,27,2136,Cat_1,China
5066,26,11,4929,Cat_26,China
5067,8,3,3628,Cat_8,India
5068,2,175,753,Cat_2,India
5069,20,74,3673,Cat_20,USA
5070,28,72,2694,Cat_28,China
5071,1,68,760,Cat_1,China
5072,1,38,1817,Cat_1,China
5073,16,15,2502,Cat_16,China
5074,18,1,2428,Cat_18,India
5075,23,192,1139,Cat_23,USA
5076,27,88,2329,Cat_27,India
5077,5,28,445,Cat_5,USA
5078,1,54,4019,Cat_1,USA
5079,10,119,3614,Cat_10,China
5080,28,3,4980,Cat_28,India
5081,6,168,2051,Cat_6,China
5082,5,59,2428,Cat_5,USA
5083,7,62,3397,Cat_7,USA
5084,9,155,4664,Cat_9,India
5085,24,101,2645,Cat_24,USA
5086,18,121,3966,Cat_18,USA
5087,13,188,2527,Cat_13,China
5088,3,160,3189,Cat_3,USA
5089,4,70,727,Cat_4,India
5090,25,165,1464,Cat_25,USA
5091,26,7,4890,Cat_26,China
5092,11,83,2843,Cat_11,China
5093,27,93,4247,Cat_27,USA
5094,16,149,3495,Cat_16,China
5095,17,30,4319,Cat_17,India
5096,3,108,303,Cat_3,USA
5097,29,90,1475,Cat_29,China
5098,18,45,1926,Cat_18,India
5099,4,114,4623,Cat_4,USA
5100,18,91,3297,Cat_18,India
5101,10,137,3554,Cat_10,USA
5102,4,195,1576,Cat_4,USA
5103,29,23,2501,Cat_29,USA
5104,23,107,4381,Cat_23,China
5105,3,163,1928,Cat_3,China
5106,8,20,203,Cat_8,India
5107,14,107,1207,Cat_14,China
5108,18,58,141,Cat_18,India
5109,15,104,1995,Cat_15,India
5110,12,44,3647,Cat_12,China
5111,8,124,1241,Cat_8,India
5112,17,133,361,Cat_17,India
5113,21,42,1281,Cat_21,China
5114,23,50,855,Cat_23,China
5115,17,167,1484,Cat_17,China
5116,29,168,1821,Cat_29,China
5117,11,170,2290,Cat_11,USA
5118,26,190,2572,Cat_26,China
5119,9,186,1352,Cat_9,India
5120,4,144,3084,Cat_4,China
5121,16,196,3059,Cat_16,India
5122,9,13,3818,Cat_9,USA
5123,15,17,1458,Cat_15,India
5124,16,119,3456,Cat_16,China
5125,22,125,2842,Cat_22,China
5126,12,162,1361,Cat_12,China
5127,24,114,2543,Cat_24,USA
5128,5,165,1034,Cat_5,USA
5129,15,99,1710,Cat_15,USA
5130,18,24,1228,Cat_18,USA
5131,5,125,1805,Cat_5,China
5132,24,106,3949,Cat_24,China
5133,17,191,4618,Cat_17,China
5134,16,44,2462,Cat_16,China
5135,9,194,2709,Cat_9,China
5136,27,59,3632,Cat_27,USA
5137,9,155,577,Cat_9,India
5138,29,135,2254,Cat_29,China
5139,3,146,1698,Cat_3,USA
5140,16,140,4904,Cat_16,India
5141,18,142,285,Cat_18,USA
5142,9,142,4893,Cat_9,USA
5143,23,85,783,Cat_23,China
5144,16,13,3216,Cat_16,USA
5145,6,148,991,Cat_6,China
5146,26,132,1873,Cat_26,China
5147,5,160,3254,Cat_5,USA
5148,6,88,2278,Cat_6,India
5149,11,11,585,Cat_11,China
5150,22,72,3557,Cat_22,China
5151,27,162,1603,Cat_27,China
5152,29,91,2910,Cat_29,India
5153,17,39,3690,Cat_17,China
5154,2,175,3419,Cat_2,India
5155,30,101,2832,Cat_30,USA
5156,8,82,4914,Cat_8,USA
5157,23,119,2688,Cat_23,China
5158,5,7,4604,Cat_5,China
5159,25,190,3531,Cat_25,China
5160,30,45,4791,Cat_30,India
5161,9,24,4511,Cat_9,USA
5162,29,99,3296,Cat_29,USA
5163,5,70,3952,Cat_5,India
5164,21,152,4926,Cat_21,India
5165,30,72,756,Cat_30,China
5166,20,52,1163,Cat_20,India
5167,10,100,713,Cat_10,USA
5168,11,106,3547,Cat_11,China
5169,13,167,903,Cat_13,China
5170,18,172,1819,Cat_18,USA
5171,4,198,4678,Cat_4,China
5172,29,105,3261,Cat_29,India
5173,20,179,1084,Cat_20,India
5174,4,180,1894,Cat_4,USA
5175,21,88,362,Cat_21,India
5176,15,145,3507,Cat_15,India
5177,27,173,2262,Cat_27,USA
5178,13,1,1316,Cat_13,India
5179,22,166,4800,Cat_22,USA
5180,30,11,347,Cat_30,China
5181,17,84,4139,Cat_17,China
5182,29,50,4852,Cat_29,China
5183,8,196,3146,Cat_8,India
5184,12,144,3941,Cat_12,China
5185,12,79,4603,Cat_12,USA
5186,25,163,993,Cat_25,China
5187,26,173,3748,Cat_26,USA
5188,10,180,4830,Cat_10,USA
5189,10,151,4898,Cat_10,India
5190,7,103,4775,Cat_7,USA
5191,12,167,4517,Cat_12,China
5192,18,84,3097,Cat_18,China
5193,27,131,761,Cat_27,China
5194,21,43,2465,Cat_21,USA
5195,26,30,2966,Cat_26,India
5196,21,142,691,Cat_21,USA
5197,9,112,3958,Cat_9,China
5198,13,171,1676,Cat_13,China
5199,29,109,2897,Cat_29,USA
5200,12,175,2353,Cat_12,India
5201,4,74,2380,Cat_4,USA
5202,28,33,2147,Cat_28,India
5203,17,96,2563,Cat_17,USA
5204,14,68,3300,Cat_14,China
5205,27,21,255,Cat_27,India
5206,28,99,4196,Cat_28,USA
5207,2,50,4206,Cat_2,China
5208,10,25,4828,Cat_10,India
5209,22,112,3808,Cat_22,China
5210,29,166,2304,Cat_29,USA
5211,5,18,1660,Cat_5,USA
5212,19,21,2216,Cat_19,India
5213,30,181,4561,Cat_30,India
5214,23,3,4199,Cat_23,India
5215,16,154,4306,Cat_16,China
5216,13,93,3391,Cat_13,USA
5217,27,65,2380,Cat_27,USA
5218,8,180,2865,Cat_8,USA
5219,12,30,4397,Cat_12,India
5220,3,113,2113,Cat_3,India
5221,11,76,159,Cat_11,USA
5222,18,102,1846,Cat_18,USA
5223,29,175,2140,Cat_29,India
5224,18,40,2682,Cat_18,USA
5225,18,95,2245,Cat_18,China
5226,8,79,2066,Cat_8,USA
5227,27,97,3680,Cat_27,USA
5228,7,56,2728,Cat_7,India
5229,24,79,4073,Cat_24,USA
5230,1,177,853,Cat_1,USA
5231,16,158,921,Cat_16,China
5232,30,102,134,Cat_30,USA
5233,1,140,362,Cat_1,India
5234,5,54,1869,Cat_5,USA
5235,30,105,193,Cat_30,India
5236,3,131,2445,Cat_3,China
5237,7,112,1118,Cat_7,China
5238,30,16,3289,Cat_30,India
5239,21,30,421,Cat_21,India
5240,3,14,3695,Cat_3,China
5241,3,173,3157,Cat_3,USA
5242,9,82,972,Cat_9,USA
5243,20,84,1994,Cat_20,China
5244,6,153,1040,Cat_6,USA
5245,14,9,3554,Cat_14,USA
5246,26,19,1156,Cat_26,India
5247,11,37,3046,Cat_11,China
5248,23,91,1622,Cat_23,India
5249,7,128,2421,Cat_7,China
5250,26,7,3372,Cat_26,China
5251,3,149,577,Cat_3,China
5252,7,52,267,Cat_7,India
5253,10,44,3159,Cat_10,China
5254,6,144,3464,Cat_6,China
5255,9,56,4762,Cat_9,India
5256,11,27,981,Cat_11,China
5257,14,107,2465,Cat_14,China
5258,22,96,253,Cat_22,USA
5259,20,186,4685,Cat_20,India
5260,8,58,3618,Cat_8,India
5261,11,118,4804,Cat_11,USA
5262,7,92,4368,Cat_7,USA
5263,29,71,4039,Cat_29,USA
5264,13,136,2478,Cat_13,India
5265,9,93,1930,Cat_9,USA
5266,26,139,4533,Cat_26,China
5267,4,122,3840,Cat_4,India
5268,26,18,1543,Cat_26,USA
5269,22,171,2650,Cat_22,China
5270,30,22,672,Cat_30,India
5271,9,118,966,Cat_9,USA
5272,28,177,1880,Cat_28,USA
5273,19,54,2719,Cat_19,USA
5274,11,183,2100,Cat_11,USA
5275,21,156,124,Cat_21,USA
5276,11,70,4928,Cat_11,India
5277,15,63,3809,Cat_15,USA
5278,5,99,2511,Cat_5,USA
5279,29,116,2326,Cat_29,India
5280,21,195,2620,Cat_21,USA
5281,7,111,2238,Cat_7,India
5282,6,69,4901,Cat_6,China
5283,30,30,1141,Cat_30,India
5284,8,61,4190,Cat_8,China
5285,15,133,4943,Cat_15,India
5286,13,149,3965,Cat_13,China
5287,23,3,2677,Cat_23,India
5288,28,174,1041,Cat_28,China
5289,4,123,1954,Cat_4,USA
5290,29,133,493,Cat_29,India
5291,28,123,2598,Cat_28,USA
5292,15,52,2366,Cat_15,India
5293,26,61,1566,Cat_26,China
5294,25,27,982,Cat_25,China
5295,19,134,2988,Cat_19,India
5296,11,125,3584,Cat_11,China
5297,19,110,1404,Cat_19,India
5298,26,167,1286,Cat_26,China
5299,26,13,107,Cat_26,USA
5300,17,112,4684,Cat_17,China
5301,29,126,478,Cat_29,USA
5302,22,166,1049,Cat_22,USA
5303,10,84,3115,Cat_10,China
5304,14,39,966,Cat_14,China
5305,26,34,1566,Cat_26,India
5306,8,172,812,Cat_8,USA
5307,26,60,4530,Cat_26,USA
5308,4,8,1737,Cat_4,USA
5309,23,168,776,Cat_23,China
5310,7,44,4341,Cat_7,China
5311,10,51,3651,Cat_10,China
5312,22,132,3100,Cat_22,China
5313,18,183,3828,Cat_18,USA
5314,4,42,700,Cat_4,China
5315,11,97,1308,Cat_11,USA
5316,6,188,3400,Cat_6,China
5317,19,183,136,Cat_19,USA
5318,5,177,614,Cat_5,USA
5319,27,72,3695,Cat_27,China
5320,8,68,1510,Cat_8,China
5321,27,165,2607,Cat_27,USA
5322,7,127,1534,Cat_7,USA
5323,27,7,593,Cat_27,China
5324,15,55,2362,Cat_15,USA
5325,18,166,1510,Cat_18,USA
5326,16,4,3248,Cat_16,USA
5327,25,24,1369,Cat_25,USA
5328,28,77,3484,Cat_28,India
5329,24,49,4454,Cat_24,India
5330,6,52,1363,Cat_6,India
5331,12,63,1337,Cat_12,USA
5332,6,170,3782,Cat_6,USA
5333,7,61,348,Cat_7,China
5334,18,56,1764,Cat_18,India
5335,2,163,4924,Cat_2,China
5336,2,146,4416,Cat_2,USA
5337,8,65,2120,Cat_8,USA
5338,18,10,2343,Cat_18,USA
5339,18,179,1977,Cat_18,India
5340,8,112,3147,Cat_8,China
5341,12,56,4214,Cat_12,India
5342,8,169,4725,Cat_8,India
5343,16,152,1142,Cat_16,India
5344,22,39,1586,Cat_22,China
5345,17,115,4239,Cat_17,China
5346,8,6,3377,Cat_8,India
5347,19,59,2079,Cat_19,USA
5348,8,125,552,Cat_8,China
5349,13,168,589,Cat_13,China
5350,12,149,1397,Cat_12,China
5351,11,169,2817,Cat_11,India
5352,23,197,1634,Cat_23,USA
5353,12,183,2165,Cat_12,USA
5354,2,14,1790,Cat_2,China
5355,19,68,3780,Cat_19,China
5356,13,37,1311,Cat_13,China
5357,30,100,4041,Cat_30,USA
5358,6,199,3400,Cat_6,USA
5359,8,150,4225,Cat_8,USA
5360,6,125,2990,Cat_6,China
5361,17,32,2673,Cat_17,China
5362,20,76,2986,Cat_20,USA
5363,9,186,3359,Cat_9,India
5364,12,180,1506,Cat_12,USA
5365,25,122,2308,Cat_25,India
5366,11,34,2572,Cat_11,India
5367,10,152,1061,Cat_10,India
5368,19,86,3366,Cat_19,USA
5369,6,111,904,Cat_6,India
5370,5,134,662,Cat_5,India
5371,30,124,4362,Cat_30,India
5372,15,7,3025,Cat_15,China
5373,11,119,1894,Cat_11,China
5374,26,21,2448,Cat_26,India
5375,28,35,3795,Cat_28,China
5376,7,128,2839,Cat_7,China
5377,19,87,787,Cat_19,India
5378,23,133,274,Cat_23,India
5379,9,21,514,Cat_9,India
5380,3,137,3905,Cat_3,USA
5381,18,150,1966,Cat_18,USA
5382,25,62,3085,Cat_25,USA
5383,25,31,3226,Cat_25,China
5384,29,28,2351,Cat_29,USA
5385,24,1,2283,Cat_24,India
5386,14,2,1776,Cat_14,India
5387,8,112,4864,Cat_8,China
5388,18,100,2308,Cat_18,USA
5389,13,96,2024,Cat_13,USA
5390,17,91,2549,Cat_17,India
5391,12,80,2537,Cat_12,China
5392,22,158,3756,Cat_22,China
5393,12,148,1889,Cat_12,China
5394,2,50,1267,Cat_2,China
5395,24,61,1731,Cat_24,China
5396,6,67,1141,Cat_6,China
5397,14,196,4847,Cat_14,India
5398,28,30,482,Cat_28,India
5399,26,125,3586,Cat_26,China
5400,4,196,3917,Cat_4,India
5401,7,141,1982,Cat_7,China
5402,28,11,4722,Cat_28,China
5403,18,5,973,Cat_18,China
5404,30,104,1509,Cat_30,India
5405,9,140,3558,Cat_9,India
5406,11,181,4797,Cat_11,India
5407,4,157,4996,Cat_4,USA
5408,6,165,211,Cat_6,USA
5409,26,148,563,Cat_26,China
5410,14,96,1033,Cat_14,USA
5411,11,113,4391,Cat_11,India
5412,14,81,4906,Cat_14,USA
5413,18,195,3512,Cat_18,USA
5414,2,198,423,Cat_2,China
5415,2,76,3678,Cat_2,USA
5416,10,26,443,Cat_10,China
5417,24,45,4440,Cat_24,India
5418,27,50,2409,Cat_27,China
5419,25,196,2076,Cat_25,India
5420,6,60,4957,Cat_6,USA
5421,27,95,4473,Cat_27,China
5422,26,130,1810,Cat_26,USA
5423,17,8,3651,Cat_17,USA
5424,30,156,4609,Cat_30,USA
5425,7,170,1902,Cat_7,USA
5426,9,76,4188,Cat_9,USA
5427,24,100,209,Cat_24,USA
5428,27,57,3825,Cat_27,USA
5429,14,45,4550,Cat_14,India
5430,6,122,3494,Cat_6,India
5431,7,58,4348,Cat_7,India
5432,17,126,1094,Cat_17,USA
5433,26,27,3586,Cat_26,China
5434,10,38,969,Cat_10,China
5435,25,48,412,Cat_25,China
5436,6,150,1312,Cat_6,USA
5437,12,137,351,Cat_12,USA
5438,5,74,1833,Cat_5,USA
5439,1,34,464,Cat_1,India
5440,12,96,3148,Cat_12,USA
5441,12,8,556,Cat_12,USA
5442,30,27,1370,Cat_30,China
5443,12,51,3908,Cat_12,China
5444,20,185,3670,Cat_20,USA
5445,1,115,2779,Cat_1,China
5446,16,123,1632,Cat_16,USA
5447,20,119,1018,Cat_20,China
5448,28,61,3320,Cat_28,China
5449,4,159,772,Cat_4,India
5450,25,160,1931,Cat_25,USA
5451,14,4,991,Cat_14,USA
5452,10,107,4697,Cat_10,China
5453,10,149,1840,Cat_10,China
5454,5,106,2025,Cat_5,China
5455,10,67,3506,Cat_10,China
5456,13,57,355,Cat_13,USA
5457,1,107,4527,Cat_1,China
5458,15,182,4229,Cat_15,India
5459,9,61,314,Cat_9,China
5460,28,137,1668,Cat_28,USA
5461,6,50,1928,Cat_6,China
5462,1,22,3043,Cat_1,India
5463,15,155,1688,Cat_15,India
5464,29,198,4866,Cat_29,China
5465,16,109,3196,Cat_16,USA
5466,10,113,559,Cat_10,India
5467,16,197,4699,Cat_16,USA
5468,27,126,3032,Cat_27,USA
5469,22,184,1317,Cat_22,USA
5470,5,159,4351,Cat_5,India
5471,10,200,3360,Cat_10,India
5472,7,72,584,Cat_7,China
5473,12,109,2974,Cat_12,USA
5474,26,8,1159,Cat_26,USA
5475,5,162,4521,Cat_5,China
5476,20,117,3297,Cat_20,USA
5477,21,6,3342,Cat_21,India
5478,16,5,1070,Cat_16,China
5479,9,170,3809,Cat_9,USA
5480,6,155,4394,Cat_6,India
5481,3,200,755,Cat_3,India
5482,5,137,1702,Cat_5,USA
5483,29,96,2538,Cat_29,USA
5484,18,130,1866,Cat_18,USA
5485,13,94,432,Cat_13,India
5486,19,98,139,Cat_19,USA
5487,21,123,988,Cat_21,USA
5488,10,184,2838,Cat_10,USA
5489,26,179,4458,Cat_26,India
5490,21,84,817,Cat_21,China
5491,18,82,4534,Cat_18,USA
5492,20,44,964,Cat_20,China
5493,22,146,3804,Cat_22,USA
5494,22,168,695,Cat_22,China
5495,17,66,147,Cat_17,USA
5496,15,142,4317,Cat_15,USA
5497,13,19,263,Cat_13,India
5498,26,58,1525,Cat_26,India
5499,20,89,4221,Cat_20,USA
5500,22,8,1056,Cat_22,USA
5501,5,96,151,Cat_5,USA
5502,2,104,2654,Cat_2,India
5503,8,70,4918,Cat_8,India
5504,25,57,764,Cat_25,USA
5505,20,134,1880,Cat_20,India
5506,1,24,1207,Cat_1,USA
5507,1,166,3282,Cat_1,USA
5508,18,172,200,Cat_18,USA
5509,20,150,3133,Cat_20,USA
5510,8,143,2720,Cat_8,USA
5511,15,19,4655,Cat_15,India
5512,17,183,122,Cat_17,USA
5513,13,120,1962,Cat_13,USA
5514,4,13,2698,Cat_4,USA
5515,23,74,407,Cat_23,USA
5516,13,108,4000,Cat_13,USA
5517,17,198,4413,Cat_17,China
5518,13,3,3775,Cat_13,India
5519,5,2,2760,Cat_5,India
5520,14,116,1201,Cat_14,India
5521,25,161,4365,Cat_25,China
5522,6,26,3872,Cat_6,China
5523,23,120,4639,Cat_23,USA
5524,30,56,1515,Cat_30,India
5525,7,53,4489,Cat_7,USA
5526,14,116,4474,Cat_14,India
5527,2,176,1012,Cat_2,India
5528,12,182,2385,Cat_12,India
5529,24,165,588,Cat_24,USA
5530,24,85,1894,Cat_24,China
5531,4,107,4718,Cat_4,China
5532,20,8,262,Cat_20,USA
5533,21,139,3288,Cat_21,China
5534,1,149,2401,Cat_1,China
5535,30,166,3932,Cat_30,USA
5536,8,166,3660,Cat_8,USA
5537,15,149,3262,Cat_15,China
5538,29,161,2565,Cat_29,China
5539,21,18,1413,Cat_21,USA
5540,15,123,3609,Cat_15,USA
5541,18,147,3581,Cat_18,China
5542,8,27,3291,Cat_8,China
5543,6,188,621,Cat_6,China
5544,16,126,4386,Cat_16,USA
5545,26,64,3235,Cat_26,China
5546,9,116,2606,Cat_9,India
5547,2,39,1183,Cat_2,China
5548,8,86,2614,Cat_8,USA
5549,10,156,1362,Cat_10,USA
5550,27,94,1577,Cat_27,India
5551,14,15,2757,Cat_14,China
5552,30,10,2301,Cat_30,USA
5553,8,196,1828,Cat_8,India
5554,2,25,2042,Cat_2,India
5555,30,94,1229,Cat_30,India
5556,21,145,3061,Cat_21,India
5557,22,192,4805,Cat_22,USA
5558,13,96,995,Cat_13,USA
5559,6,57,4465,Cat_6,USA
5560,7,73,2850,Cat_7,China
5561,2,56,2691,Cat_2,India
5562,27,39,4181,Cat_27,China
5563,7,94,246,Cat_7,India
5564,3,152,3887,Cat_3,India
5565,24,143,4534,Cat_24,USA
5566,26,163,701,Cat_26,China
5567,13,3,3019,Cat_13,India
5568,6,80,1784,Cat_6,China
5569,11,200,1949,Cat_11,India
5570,16,109,2696,Cat_16,USA
5571,15,41,3747,Cat_15,India
5572,23,131,4449,Cat_23,China
5573,9,168,1216,Cat_9,China
5574,24,49,3067,Cat_24,India
5575,26,12,2849,Cat_26,India
5576,16,162,1730,Cat_16,China
5577,5,15,2444,Cat_5,China
5578,12,164,3391,Cat_12,China
5579,25,102,4053,Cat_25,USA
5580,20,104,1194,Cat_20,India
5581,16,168,1241,Cat_16,China
5582,3,157,2199,Cat_3,USA
5583,9,34,4715,Cat_9,India
5584,8,49,273,Cat_8,India
5585,25,137,3631,Cat_25,USA
5586,26,197,1562,Cat_26,USA
5587,29,73,3240,Cat_29,China
5588,18,135,1878,Cat_18,China
5589,1,108,859,Cat_1,USA
5590,12,129,2980,Cat_12,China
5591,4,6,3037,Cat_4,India
5592,7,158,868,Cat_7,China
5593,3,13,2140,Cat_3,USA
5594,10,180,3323,Cat_10,USA
5595,11,140,1767,Cat_11,India
5596,20,55,754,Cat_20,USA
5597,25,67,2010,Cat_25,China
5598,17,62,2948,Cat_17,USA
5599,30,129,2090,Cat_30,China
5600,14,128,2938,Cat_14,China
5601,2,16,2453,Cat_2,India
5602,14,60,2089,Cat_14,USA
5603,24,168,1235,Cat_24,China
5604,11,171,4271,Cat_11,China
5605,24,39,4131,Cat_24,China
5606,27,183,4223,Cat_27,USA
5607,22,96,1183,Cat_22,USA
5608,25,85,3718,Cat_25,China
5609,26,190,1711,Cat_26,China
5610,4,158,3049,Cat_4,China
5611,16,141,1999,Cat_16,China
5612,13,19,3821,Cat_13,India
5613,5,30,473,Cat_5,India
5614,7,4,3420,Cat_7,USA
5615,21,11,1386,Cat_21,China
5616,2,56,3577,Cat_2,India
5617,5,67,2157,Cat_5,China
5618,13,23,342,Cat_13,USA
5619,24,73,1737,Cat_24,China
5620,7,132,1923,Cat_7,China
5621,20,31,818,Cat_20,China
5622,3,199,2930,Cat_3,USA
5623,15,80,4041,Cat_15,China
5624,10,145,932,Cat_10,India
5625,27,9,1119,Cat_27,USA
5626,8,129,3971,Cat_8,China
5627,24,152,3491,Cat_24,India
5628,29,86,529,Cat_29,USA
5629,20,156,1346,Cat_20,USA
5630,8,12,3513,Cat_8,India
5631,28,78,2897,Cat_28,India
5632,14,177,1576,Cat_14,USA
5633,14,50,2010,Cat_14,China
5634,21,198,4815,Cat_21,China
5635,3,174,3362,Cat_3,China
5636,26,85,2743,Cat_26,China
5637,7,153,179,Cat_7,USA
5638,8,157,4302,Cat_8,USA
5639,11,177,4347,Cat_11,USA
5640,16,166,1938,Cat_16,USA
5641,30,6,1581,Cat_30,India
5642,17,101,2116,Cat_17,USA
5643,14,113,1679,Cat_14,India
5644,1,196,1238,Cat_1,India
5645,22,163,1470,Cat_22,China
5646,6,113,2232,Cat_6,India
5647,26,158,519,Cat_26,China
5648,7,145,4457,Cat_7,India
5649,7,153,4293,Cat_7,USA
5650,19,67,671,Cat_19,China
5651,12,73,3149,Cat_12,China
5652,20,44,3230,Cat_20,China
5653,4,188,1370,Cat_4,China
5654,12,181,3835,Cat_12,India
5655,22,159,2078,Cat_22,India
5656,13,35,918,Cat_13,China
5657,24,45,3673,Cat_24,India
5658,2,100,167,Cat_2,USA
5659,3,139,3998,Cat_3,China
5660,26,23,1713,Cat_26,USA
5661,26,165,2138,Cat_26,USA
5662,14,151,1536,Cat_14,India
5663,17,40,4420,Cat_17,USA
5664,30,125,1087,Cat_30,China
5665,28,129,1676,Cat_28,China
5666,8,199,1397,Cat_8,USA
5667,13,1,3346,Cat_13,India
5668,29,64,3486,Cat_29,China
5669,29,48,4467,Cat_29,China
5670,13,141,1730,Cat_13,China
5671,3,182,2589,Cat_3,India
5672,20,62,3107,Cat_20,USA
5673,8,150,227,Cat_8,USA
5674,10,32,2959,Cat_10,China
5675,15,107,2983,Cat_15,China
5676,30,137,4099,Cat_30,USA
5677,26,170,4672,Cat_26,USA
5678,4,68,2033,Cat_4,China
5679,11,136,3267,Cat_11,India
5680,1,146,4312,Cat_1,USA
5681,15,171,1266,Cat_15,China
5682,4,50,2881,Cat_4,China
5683,16,106,2808,Cat_16,China
5684,7,4,1529,Cat_7,USA
5685,2,192,4333,Cat_2,USA
5686,2,118,3246,Cat_2,USA
5687,14,123,3422,Cat_14,USA
5688,5,177,3908,Cat_5,USA
5689,22,114,2338,Cat_22,USA
5690,22,166,1367,Cat_22,USA
5691,11,119,1575,Cat_11,China
5692,24,20,1375,Cat_24,India
5693,20,12,912,Cat_20,India
5694,20,103,4831,Cat_20,USA
5695,1,157,2998,Cat_1,USA
5696,21,87,3912,Cat_21,India
5697,3,70,2882,Cat_3,India
5698,26,65,2379,Cat_26,USA
5699,1,34,3906,Cat_1,India
5700,27,93,2709,Cat_27,USA
5701,9,1,3139,Cat_9,India
5702,21,43,2827,Cat_21,USA
5703,20,45,4716,Cat_20,India
5704,18,115,497,Cat_18,China
5705,14,75,1490,Cat_14,India
5706,30,152,3057,Cat_30,India
5707,19,164,1250,Cat_19,China
5708,10,87,508,Cat_10,India
5709,7,194,4206,Cat_7,China
5710,26,95,2764,Cat_26,China
5711,17,65,3768,Cat_17,USA
5712,1,106,2572,Cat_1,China
5713,8,24,2865,Cat_8,USA
5714,30,167,1247,Cat_30,China
5715,10,189,3703,Cat_10,USA
5716,1,150,2564,Cat_1,USA
5717,1,55,881,Cat_1,USA
5718,24,16,299,Cat_24,India
5719,2,18,138,Cat_2,USA
5720,30,79,3062,Cat_30,USA
5721,2,196,3908,Cat_2,India
5722,8,44,3042,Cat_8,China
5723,10,11,4675,Cat_10,China
5724,8,191,628,Cat_8,China
5725,7,55,4198,Cat_7,USA
5726,4,121,4575,Cat_4,USA
5727,23,149,4345,Cat_23,China
5728,7,1,489,Cat_7,India
5729,3,103,4457,Cat_3,USA
5730,24,48,938,Cat_24,China
5731,25,150,4358,Cat_25,USA
5732,1,102,2559,Cat_1,USA
5733,8,9,4422,Cat_8,USA
5734,8,168,4304,Cat_8,China
5735,29,150,1062,Cat_29,USA
5736,13,189,1408,Cat_13,USA
5737,11,71,112,Cat_11,USA
5738,16,45,1458,Cat_16,India
5739,1,92,4824,Cat_1,USA
5740,12,165,2510,Cat_12,USA
5741,9,158,4977,Cat_9,China
5742,18,62,2818,Cat_18,USA
5743,3,190,2709,Cat_3,China
5744,13,119,257,Cat_13,China
5745,25,119,2118,Cat_25,China
5746,26,156,1169,Cat_26,USA
5747,28,133,3461,Cat_28,India
5748,28,111,3467,Cat_28,India
5749,1,84,1241,Cat_1,China
5750,18,2,1864,Cat_18,India
5751,10,14,4005,Cat_10,China
5752,3,16,872,Cat_3,India
5753,4,132,1979,Cat_4,China
5754,19,194,3678,Cat_19,China
5755,10,104,1284,Cat_10,India
5756,26,71,1230,Cat_26,USA
5757,8,183,3879,Cat_8,USA
5758,9,55,1985,Cat_9,USA
5759,17,71,256,Cat_17,USA
5760,30,192,1653,Cat_30,USA
5761,23,140,2310,Cat_23,India
5762,21,126,4787,Cat_21,USA
5763,1,63,1564,Cat_1,USA
5764,29,165,295,Cat_29,USA
5765,1,29,1797,Cat_1,India
5766,13,6,3999,Cat_13,India
5767,14,76,1269,Cat_14,USA
5768,17,198,1501,Cat_17,China
5769,12,46,3848,Cat_12,India
5770,24,22,3827,Cat_24,India
5771,13,80,3975,Cat_13,China
5772,10,136,356,Cat_10,India
5773,6,93,2224,Cat_6,USA
5774,30,160,1607,Cat_30,USA
5775,29,64,3240,Cat_29,China
5776,7,93,1736,Cat_7,USA
5777,27,103,1267,Cat_27,USA
5778,23,137,2867,Cat_23,USA
5779,1,66,3888,Cat_1,USA
5780,17,132,4371,Cat_17,China
5781,2,82,3995,Cat_2,USA
5782,26,144,2778,Cat_26,China
5783,2,132,3503,Cat_2,China
5784,4,73,579,Cat_4,China
5785,7,112,626,Cat_7,China
5786,20,154,986,Cat_20,China
5787,1,69,3901,Cat_1,China
5788,13,68,2067,Cat_13,China
5789,23,100,3666,Cat_23,USA
5790,18,126,3005,Cat_18,USA
5791,24,148,556,Cat_24,China
5792,30,139,1135,Cat_30,China
5793,25,59,4463,Cat_25,USA
5794,9,46,4099,Cat_9,India
5795,6,18,1342,Cat_6,USA
5796,28,123,3246,Cat_28,USA
5797,29,110,1472,Cat_29,India
5798,15,64,3337,Cat_15,China
5799,3,167,3589,Cat_3,China
5800,6,81,1460,Cat_6,USA
5801,17,135,1352,Cat_17,China
5802,17,83,577,Cat_17,China
5803,9,167,664,Cat_9,China
5804,29,52,4776,Cat_29,India
5805,14,85,2210,Cat_14,China
5806,19,6,2188,Cat_19,India
5807,25,12,2082,Cat_25,India
5808,23,138,745,Cat_23,India
5809,5,140,2167,Cat_5,India
5810,13,138,4300,Cat_13,India
5811,9,183,1828,Cat_9,USA
5812,16,62,336,Cat_16,USA
5813,23,124,178,Cat_23,India
5814,4,60,3618,Cat_4,USA
5815,28,60,1258,Cat_28,USA
5816,6,155,780,Cat_6,India
5817,29,140,3405,Cat_29,India
5818,2,36,1143,Cat_2,India
5819,23,134,3153,Cat_23,India
5820,8,155,1128,Cat_8,India
5821,2,2,440,Cat_2,India
5822,14,77,2359,Cat_14,India
5823,2,34,4096,Cat_2,India
5824,6,164,431,Cat_6,China
5825,4,123,3989,Cat_4,USA
5826,27,108,3433,Cat_27,USA
5827,28,43,3670,Cat_28,USA
5828,6,37,372,Cat_6,China
5829,6,18,2809,Cat_6,USA
5830,27,151,913,Cat_27,India
5831,5,189,3555,Cat_5,USA
5832,14,108,325,Cat_14,USA
5833,21,126,3250,Cat_21,USA
5834,30,103,3542,Cat_30,USA
5835,1,158,3434,Cat_1,China
5836,10,109,4032,Cat_10,USA
5837,11,147,4893,Cat_11,China
5838,10,200,3308,Cat_10,India
5839,3,133,1902,Cat_3,India
5840,22,93,4818,Cat_22,USA
5841,4,18,2086,Cat_4,USA
5842,14,101,2733,Cat_14,USA
5843,28,110,3960,Cat_28,India
5844,2,70,912,Cat_2,India
5845,20,106,3719,Cat_20,China
5846,26,54,2554,Cat_26,USA
5847,29,165,1579,Cat_29,USA
5848,8,47,869,Cat_8,India
5849,5,66,1396,Cat_5,USA
5850,9,158,3693,Cat_9,China
5851,21,18,723,Cat_21,USA
5852,23,142,479,Cat_23,USA
5853,22,141,2582,Cat_22,China
5854,4,76,213,Cat_4,USA
5855,17,21,1381,Cat_17,India
5856,6,55,1723,Cat_6,USA
5857,5,134,1548,Cat_5,India
5858,18,37,3420,Cat_18,China
5859,27,47,2514,Cat_27,India
5860,1,181,1993,Cat_1,India
5861,27,167,1077,Cat_27,China
5862,5,174,3327,Cat_5,China
5863,29,45,3831,Cat_29,India
5864,8,86,2055,Cat_8,USA
5865,17,97,3568,Cat_17,USA
5866,23,141,706,Cat_23,China
5867,16,198,1063,Cat_16,China
5868,15,31,2190,Cat_15,China
5869,3,71,376,Cat_3,USA
5870,18,37,2832,Cat_18,China
5871,6,72,3534,Cat_6,China
5872,26,71,123,Cat_26,USA
5873,1,113,736,Cat_1,India
5874,17,78,893,Cat_17,India
5875,8,144,1753,Cat_8,China
5876,1,170,3672,Cat_1,USA
5877,16,86,561,Cat_16,USA
5878,23,106,2986,Cat_23,China
5879,28,128,2553,Cat_28,China
5880,3,91,240,Cat_3,India
5881,6,13,2754,Cat_6,USA
5882,4,29,4871,Cat_4,India
5883,2,119,1853,Cat_2,China
5884,5,125,2425,Cat_5,China
5885,29,157,2794,Cat_29,USA
5886,23,83,4882,Cat_23,China
5887,26,124,2378,Cat_26,India
5888,18,20,2932,Cat_18,India
5889,21,29,3345,Cat_21,India
5890,21,9,351,Cat_21,USA
5891,6,121,2678,Cat_6,USA
5892,13,116,2514,Cat_13,India
5893,28,38,2022,Cat_28,China
5894,22,163,2222,Cat_22,China
5895,2,95,4864,Cat_2,China
5896,29,147,744,Cat_29,China
5897,19,192,2126,Cat_19,USA
5898,21,34,549,Cat_21,India
5899,19,182,1429,Cat_19,India
5900,20,93,4175,Cat_20,USA
5901,29,187,1792,Cat_29,India
5902,20,77,4705,Cat_20,India
5903,12,31,4826,Cat_12,China
5904,14,166,358,Cat_14,USA
5905,2,101,4655,Cat_2,USA
5906,30,33,4177,Cat_30,India
5907,3,29,4877,Cat_3,India
5908,24,44,3191,Cat_24,China
5909,23,71,4896,Cat_23,USA
5910,15,143,4407,Cat_15,USA
5911,30,167,3432,Cat_30,China
5912,29,114,4188,Cat_29,USA
5913,11,96,2557,Cat_11,USA
5914,2,127,4768,Cat_2,USA
5915,27,112,651,Cat_27,China
5916,25,53,2226,Cat_25,USA
5917,18,109,1678,Cat_18,USA
5918,24,100,506,Cat_24,USA
5919,20,9,3851,Cat_20,USA
5920,22,129,103,Cat_22,China
5921,28,12,2732,Cat_28,India
5922,12,14,764,Cat_12,China
5923,6,84,4188,Cat_6,China
5924,14,150,2517,Cat_14,USA
5925,18,127,853,Cat_18,USA
5926,29,194,1876,Cat_29,China
5927,1,32,2905,Cat_1,China
5928,20,2,3791,Cat_20,India
5929,26,90,1615,Cat_26,China
5930,11,29,483,Cat_11,India
5931,23,49,2016,Cat_23,India
5932,19,44,3234,Cat_19,China
5933,7,56,453,Cat_7,India
5934,3,95,4697,Cat_3,China
5935,27,9,388,Cat_27,USA
5936,26,168,641,Cat_26,China
5937,30,162,383,Cat_30,China
5938,11,52,2408,Cat_11,India
5939,29,158,1914,Cat_29,China
5940,20,85,2927,Cat_20,China
5941,20,112,1088,Cat_20,China
5942,13,73,4177,Cat_13,China
5943,2,168,3124,Cat_2,China
5944,18,167,4262,Cat_18,China
5945,16,114,1774,Cat_16,USA
5946,20,26,3643,Cat_20,China
5947,1,106,2991,Cat_1,China
5948,11,35,1145,Cat_11,China
5949,20,147,1772,Cat_20,China
5950,5,48,194,Cat_5,China
5951,9,118,3365,Cat_9,USA
5952,16,61,3687,Cat_16,China
5953,26,49,3835,Cat_26,India
5954,9,56,4702,Cat_9,India
5955,28,149,760,Cat_28,China
5956,27,10,2216,Cat_27,USA
5957,12,80,3159,Cat_12,China
5958,7,40,913,Cat_7,USA
5959,21,180,2488,Cat_21,USA
5960,9,115,4980,Cat_9,China
5961,26,154,1699,Cat_26,China
5962,11,133,3002,Cat_11,India
5963,24,180,1747,Cat_24,USA
5964,25,160,4336,Cat_25,USA
5965,2,168,3491,Cat_2,China
5966,1,69,246,Cat_1,China
5967,15,35,3546,Cat_15,China
5968,10,11,3201,Cat_10,China
5969,27,166,809,Cat_27,USA
5970,21,52,3625,Cat_21,India
5971,29,47,2905,Cat_29,India
5972,6,53,605,Cat_6,USA
5973,19,128,401,Cat_19,China
5974,5,163,3460,Cat_5,China
5975,1,83,3721,Cat_1,China
5976,28,198,4014,Cat_28,China
5977,10,129,2474,Cat_10,China
5978,21,60,718,Cat_21,USA
5979,30,34,768,Cat_30,India
5980,17,166,4509,Cat_17,USA
5981,28,62,4107,Cat_28,USA
5982,11,91,2975,Cat_11,India
5983,23,140,2601,Cat_23,India
5984,25,45,1969,Cat_25,India
5985,10,97,3387,Cat_10,USA
5986,11,81,2573,Cat_11,USA
5987,12,43,4230,Cat_12,USA
5988,8,97,3327,Cat_8,USA
5989,20,91,4204,Cat_20,India
5990,22,13,3503,Cat_22,USA
5991,1,136,453,Cat_1,India
5992,26,177,4327,Cat_26,USA
5993,20,190,1193,Cat_20,China
5994,9,38,3776,Cat_9,China
5995,23,23,1262,Cat_23,USA
5996,8,107,4119,Cat_8,China
5997,27,44,943,Cat_27,China
5998,4,103,3125,Cat_4,USA
5999,12,119,1986,Cat_12,China
6000,18,156,3109,Cat_18,USA
6001,22,148,116,Cat_22,China
6002,7,193,2298,Cat_7,China
6003,5,200,4275,Cat_5,India
6004,28,144,2492,Cat_28,China
6005,29,117,2832,Cat_29,USA
6006,13,91,1423,Cat_13,India
6007,8,64,3911,Cat_8,China
6008,21,36,3543,Cat_21,India
6009,8,196,3194,Cat_8,India
6010,23,170,398,Cat_23,USA
6011,22,78,3217,Cat_22,India
6012,16,2,523,Cat_16,India
6013,30,172,4843,Cat_30,USA
6014,29,129,3290,Cat_29,China
6015,30,152,1986,Cat_30,India
6016,3,110,208,Cat_3,India
6017,16,103,1581,Cat_16,USA
6018,24,197,2077,Cat_24,USA
6019,15,55,3244,Cat_15,USA
6020,17,195,1103,Cat_17,USA
6021,18,193,3608,Cat_18,China
6022,8,149,1213,Cat_8,China
6023,25,48,4323,Cat_25,China
6024,13,142,3496,Cat_13,USA
6025,16,100,1444,Cat_16,USA
6026,7,25,776,Cat_7,India
6027,11,65,3844,Cat_11,USA
6028,1,64,3195,Cat_1,China
6029,20,31,2668,Cat_20,China
6030,29,15,2778,Cat_29,China
6031,3,195,3968,Cat_3,USA
6032,5,116,368,Cat_5,India
6033,20,26,1847,Cat_20,China
6034,24,46,4254,Cat_24,India
6035,2,173,3711,Cat_2,USA
6036,8,192,4334,Cat_8,USA
6037,14,78,2692,Cat_14,India
6038,14,41,3678,Cat_14,India
6039,21,178,2579,Cat_21,USA
6040,22,24,3498,Cat_22,USA
6041,16,145,4241,Cat_16,India
6042,20,68,1261,Cat_20,China
6043,4,153,2698,Cat_4,USA
6044,11,148,1276,Cat_11,China
6045,8,137,2063,Cat_8,USA
6046,15,108,2464,Cat_15,USA
6047,2,102,1119,Cat_2,USA
6048,10,171,4624,Cat_10,China
6049,6,147,4793,Cat_6,China
6050,27,76,4897,Cat_27,USA
6051,16,186,4984,Cat_16,India
6052,13,83,2236,Cat_13,China
6053,17,167,1986,Cat_17,China
6054,14,22,114,Cat_14,India
6055,15,188,444,Cat_15,China
6056,2,175,255,Cat_2,India
6057,8,58,4601,Cat_8,India
6058,7,30,3394,Cat_7,India
6059,17,93,4359,Cat_17,USA
6060,13,145,4322,Cat_13,India
6061,5,46,4615,Cat_5,India
6062,24,64,718,Cat_24,China
6063,7,34,2381,Cat_7,India
6064,11,164,2133,Cat_11,China
6065,21,29,734,Cat_21,India
6066,17,6,2897,Cat_17,India
6067,12,70,932,Cat_12,India
6068,16,178,4171,Cat_16,USA
6069,17,79,4625,Cat_17,USA
6070,13,159,2265,Cat_13,India
6071,10,125,3204,Cat_10,China
6072,7,66,4294,Cat_7,USA
6073,23,5,246,Cat_23,China
6074,25,48,463,Cat_25,China
6075,8,171,526,Cat_8,China
6076,22,162,4291,Cat_22,China
6077,27,94,1290,Cat_27,India
6078,13,105,2723,Cat_13,India
6079,30,8,3950,Cat_30,USA
6080,7,76,1550,Cat_7,USA
6081,25,137,4403,Cat_25,USA
6082,3,153,4712,Cat_3,USA
6083,21,1,3305,Cat_21,India
6084,3,37,1316,Cat_3,China
6085,29,145,1135,Cat_29,India
6086,13,34,3421,Cat_13,India
6087,11,44,2759,Cat_11,China
6088,18,44,4885,Cat_18,China
6089,22,140,252,Cat_22,India
6090,3,186,1329,Cat_3,India
6091,2,195,3282,Cat_2,USA
6092,12,22,4808,Cat_12,India
6093,15,105,3378,Cat_15,India
6094,25,170,4648,Cat_25,USA
6095,15,189,3333,Cat_15,USA
6096,15,59,3598,Cat_15,USA
6097,23,176,4984,Cat_23,India
6098,9,30,3225,Cat_9,India
6099,9,98,206,Cat_9,USA
6100,23,163,3564,Cat_23,China
6101,8,184,916,Cat_8,USA
6102,6,197,1728,Cat_6,USA
6103,18,92,1059,Cat_18,USA
6104,13,124,919,Cat_13,India
6105,23,69,4841,Cat_23,China
6106,26,87,2732,Cat_26,India
6107,23,6,137,Cat_23,India
6108,28,60,2008,Cat_28,USA
6109,29,61,1746,Cat_29,China
6110,12,13,3704,Cat_12,USA
6111,19,55,1096,Cat_19,USA
6112,12,171,3001,Cat_12,China
6113,20,155,1229,Cat_20,India
6114,12,107,721,Cat_12,China
6115,27,116,4156,Cat_27,India
6116,27,35,4040,Cat_27,China
6117,27,147,2826,Cat_27,China
6118,23,74,1456,Cat_23,USA
6119,5,81,4803,Cat_5,USA
6120,15,35,3749,Cat_15,China
6121,16,102,3531,Cat_16,USA
6122,11,52,2598,Cat_11,India
6123,19,36,548,Cat_19,India
6124,29,19,2441,Cat_29,India
6125,3,105,691,Cat_3,India
6126,7,76,3576,Cat_7,USA
6127,3,147,4106,Cat_3,China
6128,27,126,4468,Cat_27,USA
6129,11,197,453,Cat_11,USA
6130,14,186,4489,Cat_14,India
6131,14,14,4682,Cat_14,China
6132,8,173,4723,Cat_8,USA
6133,11,143,2732,Cat_11,USA
6134,14,94,1412,Cat_14,India
6135,6,21,4593,Cat_6,India
6136,12,116,746,Cat_12,India
6137,23,138,4980,Cat_23,India
6138,28,115,2259,Cat_28,China
6139,5,196,4754,Cat_5,India
6140,13,1,2203,Cat_13,India
6141,24,101,4241,Cat_24,USA
6142,10,137,2152,Cat_10,USA
6143,5,107,1105,Cat_5,China
6144,28,113,2788,Cat_28,India
6145,2,114,612,Cat_2,USA
6146,1,74,4514,Cat_1,USA
6147,20,53,700,Cat_20,USA
6148,30,86,2562,Cat_30,USA
6149,17,38,864,Cat_17,China
6150,3,32,4744,Cat_3,China
6151,12,72,1668,Cat_12,China
6152,25,87,1144,Cat_25,India
6153,20,87,4646,Cat_20,India
6154,27,84,3307,Cat_27,China
6155,13,136,3988,Cat_13,India
6156,18,130,3163,Cat_18,USA
6157,27,162,456,Cat_27,China
6158,2,8,2820,Cat_2,USA
6159,6,103,589,Cat_6,USA
6160,27,78,519,Cat_27,India
6161,18,177,158,Cat_18,USA
6162,29,136,4773,Cat_29,India
6163,25,127,3640,Cat_25,USA
6164,9,14,1840,Cat_9,China
6165,13,35,1996,Cat_13,China
6166,27,44,2530,Cat_27,China
6167,21,38,3946,Cat_21,China
6168,25,20,3736,Cat_25,India
6169,18,110,290,Cat_18,India
6170,7,95,2446,Cat_7,China
6171,24,60,678,Cat_24,USA
6172,15,125,3962,Cat_15,China
6173,21,59,1653,Cat_21,USA
6174,19,55,1944,Cat_19,USA
6175,22,78,4964,Cat_22,India
6176,26,157,1715,Cat_26,USA
6177,27,126,4518,Cat_27,USA
6178,26,36,1514,Cat_26,India
6179,14,30,3205,Cat_14,India
6180,21,93,4699,Cat_21,USA
6181,15,11,2175,Cat_15,China
6182,3,52,2666,Cat_3,India
6183,3,25,1961,Cat_3,India
6184,18,109,4758,Cat_18,USA
6185,6,107,1089,Cat_6,China
6186,11,114,4895,Cat_11,USA
6187,16,66,1726,Cat_16,USA
6188,1,63,1983,Cat_1,USA
6189,24,19,1656,Cat_24,India
6190,21,133,3227,Cat_21,India
6191,12,85,2327,Cat_12,China
6192,6,23,731,Cat_6,USA
6193,18,171,4487,Cat_18,China
6194,30,67,3701,Cat_30,China
6195,10,52,311,Cat_10,India
6196,21,177,3252,Cat_21,USA
6197,28,22,2648,Cat_28,India
6198,3,20,1576,Cat_3,India
6199,15,43,2670,Cat_15,USA
6200,29,74,751,Cat_29,USA
6201,3,43,4360,Cat_3,USA
6202,29,141,1041,Cat_29,China
6203,8,165,4513,Cat_8,USA
6204,28,130,2270,Cat_28,USA
6205,3,109,2458,Cat_3,USA
6206,1,42,382,Cat_1,China
6207,16,55,4911,Cat_16,USA
6208,22,132,2957,Cat_22,China
6209,2,113,4059,Cat_2,India
6210,28,178,4223,Cat_28,USA
6211,28,47,3748,Cat_28,India
6212,9,15,4778,Cat_9,China
6213,12,67,919,Cat_12,China
6214,28,115,4618,Cat_28,China
6215,12,130,2706,Cat_12,USA
6216,17,54,3909,Cat_17,USA
6217,18,9,1537,Cat_18,USA
6218,17,54,1966,Cat_17,USA
6219,30,172,186,Cat_30,USA
6220,13,164,2001,Cat_13,China
6221,14,11,4421,Cat_14,China
6222,7,154,3848,Cat_7,China
6223,13,63,159,Cat_13,USA
6224,15,158,3417,Cat_15,China
6225,12,12,2710,Cat_12,India
6226,26,200,4249,Cat_26,India
6227,23,157,3998,Cat_23,USA
6228,4,179,1714,Cat_4,India
6229,17,109,795,Cat_17,USA
6230,11,149,1689,Cat_11,China
6231,10,185,4400,Cat_10,USA
6232,27,141,4670,Cat_27,China
6233,13,99,251,Cat_13,USA
6234,12,56,1170,Cat_12,India
6235,24,171,1818,Cat_24,China
6236,15,61,1403,Cat_15,China
6237,29,59,4342,Cat_29,USA
6238,24,48,527,Cat_24,China
6239,29,146,1986,Cat_29,USA
6240,18,182,1813,Cat_18,India
6241,21,127,510,Cat_21,USA
6242,11,68,3279,Cat_11,China
6243,11,188,4719,Cat_11,China
6244,18,189,1025,Cat_18,USA
6245,28,135,4308,Cat_28,China
6246,23,55,1381,Cat_23,USA
6247,15,36,2661,Cat_15,India
6248,30,60,372,Cat_30,USA
6249,5,198,1271,Cat_5,China
6250,14,37,2958,Cat_14,China
6251,28,167,3553,Cat_28,China
6252,5,106,912,Cat_5,China
6253,4,190,1771,Cat_4,China
6254,19,199,4864,Cat_19,USA
6255,6,101,2329,Cat_6,USA
6256,3,108,1645,Cat_3,USA
6257,20,189,4562,Cat_20,USA
6258,1,197,1312,Cat_1,USA
6259,12,81,3759,Cat_12,USA
6260,12,165,4973,Cat_12,USA
6261,5,113,2685,Cat_5,India
6262,11,70,3895,Cat_11,India
6263,13,184,1276,Cat_13,USA
6264,17,109,3593,Cat_17,USA
6265,14,188,2580,Cat_14,China
6266,19,150,4798,Cat_19,USA
6267,30,44,623,Cat_30,China
6268,26,32,2957,Cat_26,China
6269,15,41,550,Cat_15,India
6270,25,19,3681,Cat_25,India
6271,20,131,1439,Cat_20,China
6272,1,92,3497,Cat_1,USA
6273,19,177,3813,Cat_19,USA
6274,25,68,2838,Cat_25,China
6275,1,49,3775,Cat_1,India
6276,13,65,3766,Cat_13,USA
6277,8,195,2974,Cat_8,USA
6278,16,74,4116,Cat_16,USA
6279,9,113,187,Cat_9,India
6280,13,73,714,Cat_13,China
6281,5,60,3442,Cat_5,USA
6282,30,134,331,Cat_30,India
6283,6,163,1263,Cat_6,China
6284,12,118,1615,Cat_12,USA
6285,18,94,3077,Cat_18,India
6286,21,15,4525,Cat_21,China
6287,27,199,4967,Cat_27,USA
6288,15,37,3458,Cat_15,China
6289,23,197,4774,Cat_23,USA
6290,17,77,2172,Cat_17,India
6291,12,106,1846,Cat_12,China
6292,26,109,4466,Cat_26,USA
6293,10,117,230,Cat_10,USA
6294,26,151,2899,Cat_26,India
6295,3,123,4912,Cat_3,USA
6296,29,19,1639,Cat_29,India
6297,11,198,3145,Cat_11,China
6298,14,195,1302,Cat_14,USA
6299,8,107,3075,Cat_8,China
6300,23,112,221,Cat_23,China
6301,8,165,3559,Cat_8,USA
6302,10,126,671,Cat_10,USA
6303,30,107,4383,Cat_30,China
6304,28,69,4160,Cat_28,China
6305,12,84,2072,Cat_12,China
6306,10,22,3228,Cat_10,India
6307,20,22,304,Cat_20,India
6308,20,192,277,Cat_20,USA
6309,14,76,4550,Cat_14,USA
6310,22,189,1453,Cat_22,USA
6311,23,89,1955,Cat_23,USA
6312,20,167,2281,Cat_20,China
6313,17,25,943,Cat_17,India
6314,4,182,1039,Cat_4,India
6315,20,200,2530,Cat_20,India
6316,30,197,722,Cat_30,USA
6317,3,198,1632,Cat_3,China
6318,29,41,2188,Cat_29,India
6319,30,116,1620,Cat_30,India
6320,8,122,4559,Cat_8,India
6321,2,78,197,Cat_2,India
6322,23,17,128,Cat_23,India
6323,24,102,1688,Cat_24,USA
6324,12,160,1741,Cat_12,USA
6325,20,73,2896,Cat_20,China
6326,4,149,2094,Cat_4,China
6327,2,192,3588,Cat_2,USA
6328,28,174,3730,Cat_28,China
6329,12,130,919,Cat_12,USA
6330,28,126,4861,Cat_28,USA
6331,21,70,520,Cat_21,India
6332,21,187,3175,Cat_21,India
6333,15,138,1074,Cat_15,India
6334,28,187,388,Cat_28,India
6335,14,147,2247,Cat_14,China
6336,8,11,857,Cat_8,China
6337,7,191,623,Cat_7,China
6338,4,46,319,Cat_4,India
6339,27,58,2272,Cat_27,India
6340,22,122,2938,Cat_22,India
6341,11,121,2809,Cat_11,USA
6342,30,11,3106,Cat_30,China
6343,5,28,4257,Cat_5,USA
6344,22,185,2990,Cat_22,USA
6345,19,172,3635,Cat_19,USA
6346,16,139,4036,Cat_16,China
6347,9,1,3689,Cat_9,India
6348,10,125,4805,Cat_10,China
6349,12,125,2530,Cat_12,China
6350,7,174,1247,Cat_7,China
6351,11,4,4929,Cat_11,USA
6352,14,19,2939,Cat_14,India
6353,27,39,1026,Cat_27,China
6354,16,32,4820,Cat_16,China
6355,26,51,754,Cat_26,China
6356,12,47,3983,Cat_12,India
6357,17,117,1591,Cat_17,USA
6358,10,126,3572,Cat_10,USA
6359,13,199,983,Cat_13,USA
6360,20,184,3636,Cat_20,USA
6361,3,125,2249,Cat_3,China
6362,12,78,4327,Cat_12,India
6363,17,18,1145,Cat_17,USA
6364,22,81,399,Cat_22,USA
6365,16,190,1809,Cat_16,China
6366,6,70,1759,Cat_6,India
6367,16,65,2619,Cat_16,USA
6368,2,125,4767,Cat_2,China
6369,17,140,3347,Cat_17,India
6370,22,20,2900,Cat_22,India
6371,5,166,2773,Cat_5,USA
6372,9,68,4159,Cat_9,China
6373,8,86,3366,Cat_8,USA
6374,17,185,3964,Cat_17,USA
6375,23,146,1702,Cat_23,USA
6376,22,89,1625,Cat_22,USA
6377,11,92,689,Cat_11,USA
6378,9,57,926,Cat_9,USA
6379,13,185,1644,Cat_13,USA
6380,11,98,4208,Cat_11,USA
6381,11,124,3613,Cat_11,India
6382,5,19,4084,Cat_5,India
6383,10,143,4485,Cat_10,USA
6384,2,189,2311,Cat_2,USA
6385,18,174,915,Cat_18,China
6386,26,32,1865,Cat_26,China
6387,4,181,157,Cat_4,India
6388,16,39,4594,Cat_16,China
6389,5,22,2411,Cat_5,India
6390,29,199,306,Cat_29,USA
6391,22,150,1083,Cat_22,USA
6392,3,111,3524,Cat_3,India
6393,7,88,2948,Cat_7,India
6394,27,176,4769,Cat_27,India
6395,17,54,1288,Cat_17,USA
6396,6,16,1207,Cat_6,India
6397,3,72,773,Cat_3,China
6398,10,83,3117,Cat_10,China
6399,14,175,4855,Cat_14,India
6400,18,194,3416,Cat_18,China
6401,29,156,686,Cat_29,USA
6402,6,127,4470,Cat_6,USA
6403,8,100,1109,Cat_8,USA
6404,3,38,737,Cat_3,China
6405,9,176,3237,Cat_9,India
6406,3,152,3831,Cat_3,India
6407,4,46,1631,Cat_4,India
6408,7,55,1864,Cat_7,USA
6409,4,191,4819,Cat_4,China
6410,18,178,1096,Cat_18,USA
6411,6,150,4380,Cat_6,USA
6412,5,133,2667,Cat_5,India
6413,16,159,4282,Cat_16,India
6414,3,10,784,Cat_3,USA
6415,9,92,1043,Cat_9,USA
6416,24,87,929,Cat_24,India
6417,29,6,1597,Cat_29,India
6418,16,149,3026,Cat_16,China
6419,8,199,838,Cat_8,USA
6420,9,7,670,Cat_9,China
6421,23,19,4925,Cat_23,India
6422,22,135,1349,Cat_22,China
6423,13,199,1109,Cat_13,USA
6424,29,28,2382,Cat_29,USA
6425,3,165,3697,Cat_3,USA
6426,4,79,1812,Cat_4,USA
6427,14,27,2104,Cat_14,China
6428,10,100,4817,Cat_10,USA
6429,20,9,945,Cat_20,USA
6430,23,30,1888,Cat_23,India
6431,7,17,2964,Cat_7,India
6432,12,166,4974,Cat_12,USA
6433,8,50,3915,Cat_8,China
6434,16,159,287,Cat_16,India
6435,4,191,1776,Cat_4,China
6436,14,114,367,Cat_14,USA
6437,29,83,3238,Cat_29,China
6438,6,134,408,Cat_6,India
6439,25,189,2976,Cat_25,USA
6440,17,60,1399,Cat_17,USA
6441,18,11,2427,Cat_18,China
6442,23,45,3801,Cat_23,India
6443,23,92,797,Cat_23,USA
6444,12,122,1415,Cat_12,India
6445,14,166,819,Cat_14,USA
6446,21,142,1866,Cat_21,USA
6447,22,118,1974,Cat_22,USA
6448,6,54,663,Cat_6,USA
6449,11,101,237,Cat_11,USA
6450,24,41,929,Cat_24,India
6451,3,85,3110,Cat_3,China
6452,14,6,2205,Cat_14,India
6453,30,58,2107,Cat_30,India
6454,16,152,402,Cat_16,India
6455,25,159,3135,Cat_25,India
6456,13,90,963,Cat_13,China
6457,24,109,2148,Cat_24,USA
6458,18,51,4732,Cat_18,China
6459,11,130,888,Cat_11,USA
6460,21,137,3480,Cat_21,USA
6461,6,130,3884,Cat_6,USA
6462,27,110,581,Cat_27,India
6463,9,168,3069,Cat_9,China
6464,29,92,4791,Cat_29,USA
6465,26,65,3363,Cat_26,USA
6466,13,41,1869,Cat_13,India
6467,13,52,4149,Cat_13,India
6468,7,6,4144,Cat_7,India
6469,15,62,3786,Cat_15,USA
6470,8,107,4398,Cat_8,China
6471,21,116,1429,Cat_21,India
6472,17,18,4502,Cat_17,USA
6473,13,134,736,Cat_13,India
6474,9,77,3472,Cat_9,India
6475,30,1,1367,Cat_30,India
6476,23,71,4928,Cat_23,USA
6477,22,108,1167,Cat_22,USA
6478,25,5,422,Cat_25,China
6479,3,109,483,Cat_3,USA
6480,15,200,3876,Cat_15,India
6481,28,53,3914,Cat_28,USA
6482,29,2,4711,Cat_29,India
6483,27,63,3186,Cat_27,USA
6484,11,67,2664,Cat_11,China
6485,10,140,2551,Cat_10,India
6486,11,53,3802,Cat_11,USA
6487,17,82,140,Cat_17,USA
6488,24,31,3273,Cat_24,China
6489,12,114,4591,Cat_12,USA
6490,10,88,1245,Cat_10,India
6491,29,108,3738,Cat_29,USA
6492,25,136,2720,Cat_25,India
6493,14,199,3882,Cat_14,USA
6494,2,119,2934,Cat_2,China
6495,4,59,2191,Cat_4,USA
6496,11,87,2984,Cat_11,India
6497,30,3,3363,Cat_30,India
6498,22,3,3956,Cat_22,India
6499,21,23,2838,Cat_21,USA
6500,4,100,2324,Cat_4,USA
6501,16,137,1930,Cat_16,USA
6502,30,164,1995,Cat_30,China
6503,8,85,2222,Cat_8,China
6504,3,129,4227,Cat_3,China
6505,16,111,4390,Cat_16,India
6506,11,66,2759,Cat_11,USA
6507,6,195,4023,Cat_6,USA
6508,8,50,1359,Cat_8,China
6509,23,193,132,Cat_23,China
6510,17,198,4782,Cat_17,China
6511,17,105,4732,Cat_17,India
6512,4,4,2918,Cat_4,USA
6513,13,29,2749,Cat_13,India
6514,28,193,2603,Cat_28,China
6515,4,131,3722,Cat_4,China
6516,19,2,2425,Cat_19,India
6517,23,144,4031,Cat_23,China
6518,19,100,4220,Cat_19,USA
6519,12,115,188,Cat_12,China
6520,6,41,2029,Cat_6,India
6521,24,96,4512,Cat_24,USA
6522,12,104,2242,Cat_12,India
6523,10,117,1589,Cat_10,USA
6524,15,6,2352,Cat_15,India
6525,24,87,325,Cat_24,India
6526,14,171,393,Cat_14,China
6527,2,74,1664,Cat_2,USA
6528,12,97,1734,Cat_12,USA
6529,11,167,1137,Cat_11,China
6530,22,131,2973,Cat_22,China
6531,20,173,1172,Cat_20,USA
6532,20,63,1153,Cat_20,USA
6533,3,49,4112,Cat_3,India
6534,5,33,3157,Cat_5,India
6535,24,13,2968,Cat_24,USA
6536,29,29,2771,Cat_29,India
6537,25,89,1903,Cat_25,USA
6538,9,101,4090,Cat_9,USA
6539,2,113,1923,Cat_2,India
6540,13,152,1073,Cat_13,India
6541,10,20,3966,Cat_10,India
6542,26,46,3957,Cat_26,India
6543,25,186,1960,Cat_25,India
6544,17,190,666,Cat_17,China
6545,24,34,3386,Cat_24,India
6546,8,190,1083,Cat_8,China
6547,17,21,4472,Cat_17,India
6548,4,129,668,Cat_4,China
6549,13,160,1788,Cat_13,USA
6550,6,52,1810,Cat_6,India
6551,7,111,3292,Cat_7,India
6552,14,18,2944,Cat_14,USA
6553,1,115,1049,Cat_1,China
6554,9,128,3074,Cat_9,China
6555,7,107,357,Cat_7,China
6556,5,66,3444,Cat_5,USA
6557,12,33,2549,Cat_12,India
6558,3,128,4824,Cat_3,China
6559,6,189,4324,Cat_6,USA
6560,25,18,4932,Cat_25,USA
6561,26,193,528,Cat_26,China
6562,19,58,4013,Cat_19,India
6563,28,182,4360,Cat_28,India
6564,16,16,2150,Cat_16,India
6565,8,190,4174,Cat_8,China
6566,30,195,401,Cat_30,USA
6567,18,114,3686,Cat_18,USA
6568,7,62,3234,Cat_7,USA
6569,27,46,2230,Cat_27,India
6570,14,27,756,Cat_14,China
6571,18,172,1288,Cat_18,USA
6572,1,129,3910,Cat_1,China
6573,1,168,2889,Cat_1,China
6574,24,191,1316,Cat_24,China
6575,1,20,4563,Cat_1,India
6576,11,1,1266,Cat_11,India
6577,9,86,4760,Cat_9,USA
6578,15,100,138,Cat_15,USA
6579,26,43,3119,Cat_26,USA
6580,30,195,4109,Cat_30,USA
6581,13,11,3751,Cat_13,China
6582,21,92,3859,Cat_21,USA
6583,18,96,1072,Cat_18,USA
6584,24,63,3581,Cat_24,USA
6585,13,100,4321,Cat_13,USA
6586,24,171,3608,Cat_24,China
6587,13,191,3744,Cat_13,China
6588,26,62,1742,Cat_26,USA
6589,24,99,1636,Cat_24,USA
6590,2,145,4188,Cat_2,India
6591,4,122,1236,Cat_4,India
6592,10,181,3866,Cat_10,India
6593,25,122,3191,Cat_25,India
6594,3,87,1053,Cat_3,India
6595,27,43,2597,Cat_27,USA
6596,12,38,4930,Cat_12,China
6597,24,30,678,Cat_24,India
6598,3,30,4387,Cat_3,India
6599,29,50,2136,Cat_29,China
6600,3,109,2944,Cat_3,USA
6601,9,113,3203,Cat_9,India
6602,13,74,4999,Cat_13,USA
6603,21,161,1022,Cat_21,China
6604,3,22,960,Cat_3,India
6605,27,119,1119,Cat_27,China
6606,17,164,4915,Cat_17,China
6607,24,119,2189,Cat_24,China
6608,16,170,1430,Cat_16,USA
6609,5,105,549,Cat_5,India
6610,18,71,1143,Cat_18,USA
6611,3,13,2615,Cat_3,USA
6612,28,73,3308,Cat_28,China
6613,9,53,3186,Cat_9,USA
6614,2,162,4276,Cat_2,China
6615,17,36,3827,Cat_17,India
6616,18,176,371,Cat_18,India
6617,17,142,2039,Cat_17,USA
6618,19,76,904,Cat_19,USA
6619,18,100,1226,Cat_18,USA
6620,18,175,2734,Cat_18,India
6621,30,79,2305,Cat_30,USA
6622,5,39,4565,Cat_5,China
6623,12,121,733,Cat_12,USA
6624,13,161,899,Cat_13,China
6625,29,187,1067,Cat_29,India
6626,29,128,388,Cat_29,China
6627,24,109,2417,Cat_24,USA
6628,24,141,933,Cat_24,China
6629,16,183,2238,Cat_16,USA
6630,11,161,1305,Cat_11,China
6631,13,21,3062,Cat_13,India
6632,13,120,1493,Cat_13,USA
6633,18,121,1120,Cat_18,USA
6634,26,12,174,Cat_26,India
6635,30,194,1976,Cat_30,China
6636,25,149,1255,Cat_25,China
6637,27,121,2106,Cat_27,USA
6638,14,70,932,Cat_14,India
6639,1,177,3280,Cat_1,USA
6640,17,106,2411,Cat_17,China
6641,19,194,1571,Cat_19,China
6642,12,15,2391,Cat_12,China
6643,2,50,4118,Cat_2,China
6644,9,88,2140,Cat_9,India
6645,22,80,979,Cat_22,China
6646,17,180,1401,Cat_17,USA
6647,17,102,277,Cat_17,USA
6648,28,20,2401,Cat_28,India
6649,16,123,1562,Cat_16,USA
6650,14,102,3656,Cat_14,USA
6651,9,52,4647,Cat_9,India
6652,21,19,729,Cat_21,India
6653,5,130,1225,Cat_5,USA
6654,12,195,1529,Cat_12,USA
6655,27,104,209,Cat_27,India
6656,2,127,3029,Cat_2,USA
6657,7,20,4074,Cat_7,India
6658,9,113,1682,Cat_9,India
6659,8,178,4877,Cat_8,USA
6660,26,11,732,Cat_26,China
6661,9,14,3426,Cat_9,China
6662,3,100,822,Cat_3,USA
6663,30,104,4623,Cat_30,India
6664,5,159,3134,Cat_5,India
6665,4,65,538,Cat_4,USA
6666,27,137,773,Cat_27,USA
6667,29,46,835,Cat_29,India
6668,5,191,1578,Cat_5,China
6669,6,23,1912,Cat_6,USA
6670,22,113,2642,Cat_22,India
6671,22,78,1560,Cat_22,India
6672,25,185,2938,Cat_25,USA
6673,18,117,2642,Cat_18,USA
6674,21,23,1433,Cat_21,USA
6675,13,150,3679,Cat_13,USA
6676,1,187,4325,Cat_1,India
6677,11,169,4025,Cat_11,India
6678,16,27,3857,Cat_16,China
6679,5,101,2359,Cat_5,USA
6680,19,200,786,Cat_19,India
6681,3,85,2297,Cat_3,China
6682,27,54,2730,Cat_27,USA
6683,12,146,2893,Cat_12,USA
6684,3,109,2073,Cat_3,USA
6685,6,7,3804,Cat_6,China
6686,9,192,4119,Cat_9,USA
6687,19,124,2496,Cat_19,India
6688,5,60,4631,Cat_5,USA
6689,18,124,3543,Cat_18,India
6690,29,170,1614,Cat_29,USA
6691,17,64,4623,Cat_17,China
6692,22,3,3848,Cat_22,India
6693,4,10,2054,Cat_4,USA
6694,30,19,4715,Cat_30,India
6695,13,131,2291,Cat_13,China
6696,12,69,4547,Cat_12,China
6697,19,175,2661,Cat_19,India
6698,28,153,3158,Cat_28,USA
6699,28,162,3506,Cat_28,China
6700,17,59,949,Cat_17,USA
6701,5,38,3596,Cat_5,China
6702,6,48,2867,Cat_6,China
6703,29,199,1089,Cat_29,USA
6704,21,14,2779,Cat_21,China
6705,16,121,2026,Cat_16,USA
6706,24,88,4316,Cat_24,India
6707,30,90,2283,Cat_30,China
6708,8,81,435,Cat_8,USA
6709,4,82,331,Cat_4,USA
6710,29,159,2301,Cat_29,India
6711,21,12,1310,Cat_21,India
6712,10,172,4317,Cat_10,USA
6713,29,59,1059,Cat_29,USA
6714,28,119,412,Cat_28,China
6715,21,165,665,Cat_21,USA
6716,23,108,283,Cat_23,USA
6717,29,151,2794,Cat_29,India
6718,16,48,477,Cat_16,China
6719,12,43,1709,Cat_12,USA
6720,28,170,992,Cat_28,USA
6721,23,37,3311,Cat_23,China
6722,30,128,3720,Cat_30,China
6723,14,77,4103,Cat_14,India
6724,9,162,1071,Cat_9,China
6725,15,120,845,Cat_15,USA
6726,26,120,336,Cat_26,USA
6727,30,32,1884,Cat_30,China
6728,8,12,3863,Cat_8,India
6729,3,49,2077,Cat_3,India
6730,7,149,536,Cat_7,China
6731,8,102,3990,Cat_8,USA
6732,22,195,3072,Cat_22,USA
6733,27,134,1756,Cat_27,India
6734,19,4,997,Cat_19,USA
6735,23,19,3131,Cat_23,India
6736,24,176,1146,Cat_24,India
6737,15,151,1156,Cat_15,India
6738,4,58,217,Cat_4,India
6739,16,158,3832,Cat_16,China
6740,5,82,1752,Cat_5,USA
6741,11,164,4795,Cat_11,China
6742,22,179,244,Cat_22,India
6743,16,200,1315,Cat_16,India
6744,22,8,4778,Cat_22,USA
6745,19,134,599,Cat_19,India
6746,18,197,448,Cat_18,USA
6747,2,1,2343,Cat_2,India
6748,25,92,4527,Cat_25,USA
6749,12,130,3207,Cat_12,USA
6750,19,126,243,Cat_19,USA
6751,20,74,4567,Cat_20,USA
6752,25,56,1797,Cat_25,India
6753,18,10,3576,Cat_18,USA
6754,15,111,2094,Cat_15,India
6755,9,143,4695,Cat_9,USA
6756,24,184,4266,Cat_24,USA
6757,9,75,2899,Cat_9,India
6758,20,49,4613,Cat_20,India
6759,13,46,3441,Cat_13,India
6760,24,126,172,Cat_24,USA
6761,16,133,4220,Cat_16,India
6762,6,171,4568,Cat_6,China
6763,10,179,3362,Cat_10,India
6764,15,23,2614,Cat_15,USA
6765,17,60,385,Cat_17,USA
6766,16,9,1040,Cat_16,USA
6767,16,71,148,Cat_16,USA
6768,12,48,3304,Cat_12,China
6769,11,91,580,Cat_11,India
6770,21,61,2294,Cat_21,China
6771,18,131,1073,Cat_18,China
6772,25,44,4482,Cat_25,China
6773,3,72,3306,Cat_3,China
6774,22,75,1970,Cat_22,India
6775,1,59,583,Cat_1,USA
6776,29,60,1357,Cat_29,USA
6777,7,149,4187,Cat_7,China
6778,8,178,710,Cat_8,USA
6779,26,50,314,Cat_26,China
6780,21,185,916,Cat_21,USA
6781,28,63,153,Cat_28,USA
6782,18,6,4176,Cat_18,India
6783,7,101,4042,Cat_7,USA
6784,3,100,1456,Cat_3,USA
6785,26,116,106,Cat_26,India
6786,10,21,4328,Cat_10,India
6787,23,138,1348,Cat_23,India
6788,6,181,2346,Cat_6,India
6789,19,155,1128,Cat_19,India
6790,12,137,778,Cat_12,USA
6791,7,111,2243,Cat_7,India
6792,11,175,499,Cat_11,India
6793,14,175,3539,Cat_14,India
6794,19,30,3172,Cat_19,India
6795,13,157,3694,Cat_13,USA
6796,29,196,1974,Cat_29,India
6797,4,51,2626,Cat_4,China
6798,2,196,2064,Cat_2,India
6799,18,47,4936,Cat_18,India
6800,19,73,4464,Cat_19,China
6801,10,3,2306,Cat_10,India
6802,20,194,4084,Cat_20,China
6803,15,96,2884,Cat_15,USA
6804,9,129,1385,Cat_9,China
6805,1,177,4239,Cat_1,USA
6806,6,107,621,Cat_6,China
6807,18,22,3756,Cat_18,India
6808,7,171,3759,Cat_7,China
6809,17,185,1524,Cat_17,USA
6810,2,124,3935,Cat_2,India
6811,3,130,2887,Cat_3,USA
6812,7,187,2832,Cat_7,India
6813,30,171,2497,Cat_30,China
6814,1,49,4673,Cat_1,India
6815,13,153,1039,Cat_13,USA
6816,5,31,4722,Cat_5,China
6817,16,112,3391,Cat_16,China
6818,28,65,4984,Cat_28,USA
6819,17,91,3165,Cat_17,India
6820,5,54,3658,Cat_5,USA
6821,15,139,995,Cat_15,China
6822,26,139,2749,Cat_26,China
6823,23,77,928,Cat_23,India
6824,22,46,2526,Cat_22,India
6825,1,5,241,Cat_1,China
6826,12,9,1946,Cat_12,USA
6827,2,125,1140,Cat_2,China
6828,12,119,2262,Cat_12,China
6829,7,131,4363,Cat_7,China
6830,30,33,2012,Cat_30,India
6831,11,24,2611,Cat_11,USA
6832,2,104,2417,Cat_2,India
6833,27,42,3970,Cat_27,China
6834,20,5,4269,Cat_20,China
6835,3,6,1024,Cat_3,India
6836,28,58,1049,Cat_28,India
6837,22,197,1653,Cat_22,USA
6838,13,19,1833,Cat_13,India
6839,26,164,3874,Cat_26,China
6840,11,153,972,Cat_11,USA
6841,17,81,1965,Cat_17,USA
6842,28,110,4881,Cat_28,India
6843,10,189,954,Cat_10,USA
6844,15,157,1458,Cat_15,USA
6845,5,98,2568,Cat_5,USA
6846,3,195,1763,Cat_3,USA
6847,8,144,4557,Cat_8,China
6848,2,175,1345,Cat_2,India
6849,16,81,1123,Cat_16,USA
6850,2,199,1069,Cat_2,USA
6851,15,116,974,Cat_15,India
6852,28,154,4172,Cat_28,China
6853,9,80,2527,Cat_9,China
6854,30,38,3139,Cat_30,China
6855,6,186,4939,Cat_6,India
6856,23,65,3190,Cat_23,USA
6857,14,130,3371,Cat_14,USA
6858,14,38,1388,Cat_14,China
6859,8,50,1625,Cat_8,China
6860,18,52,2395,Cat_18,India
6861,25,149,936,Cat_25,China
6862,18,13,2424,Cat_18,USA
6863,10,151,1830,Cat_10,India
6864,25,88,3667,Cat_25,India
6865,15,88,4852,Cat_15,India
6866,26,89,172,Cat_26,USA
6867,4,170,1743,Cat_4,USA
6868,8,178,1662,Cat_8,USA
6869,23,171,2632,Cat_23,China
6870,5,193,4941,Cat_5,China
6871,25,116,3686,Cat_25,India
6872,16,75,3329,Cat_16,India
6873,17,101,1367,Cat_17,USA
6874,1,86,3252,Cat_1,USA
6875,15,147,4721,Cat_15,China
6876,30,119,4981,Cat_30,China
6877,9,81,4247,Cat_9,USA
6878,17,75,2899,Cat_17,India
6879,4,37,3533,Cat_4,China
6880,1,59,4556,Cat_1,USA
6881,6,59,3994,Cat_6,USA
6882,12,134,4786,Cat_12,India
6883,5,42,3559,Cat_5,China
6884,18,144,1699,Cat_18,China
6885,12,110,147,Cat_12,India
6886,15,4,3724,Cat_15,USA
6887,17,96,1897,Cat_17,USA
6888,1,163,3211,Cat_1,China
6889,9,126,461,Cat_9,USA
6890,30,38,387,Cat_30,China
6891,25,11,4756,Cat_25,China
6892,11,85,4660,Cat_11,China
6893,26,142,4306,Cat_26,USA
6894,9,96,3690,Cat_9,USA
6895,17,75,1212,Cat_17,India
6896,8,116,2314,Cat_8,India
6897,3,178,4384,Cat_3,USA
6898,26,123,4468,Cat_26,USA
6899,2,17,3004,Cat_2,India
6900,22,67,3699,Cat_22,China
6901,11,117,2921,Cat_11,USA
6902,12,176,4436,Cat_12,India
6903,16,76,4705,Cat_16,USA
6904,30,118,1617,Cat_30,USA
6905,30,102,4320,Cat_30,USA
6906,16,37,232,Cat_16,China
6907,13,76,2923,Cat_13,USA
6908,16,15,3507,Cat_16,China
6909,30,169,840,Cat_30,India
6910,5,11,1093,Cat_5,China
6911,26,140,3977,Cat_26,India
6912,15,184,3728,Cat_15,USA
6913,4,44,1981,Cat_4,China
6914,7,160,2616,Cat_7,USA
6915,24,193,1554,Cat_24,China
6916,21,139,791,Cat_21,China
6917,4,12,4303,Cat_4,India
6918,30,167,587,Cat_30,China
6919,22,75,327,Cat_22,India
6920,26,170,687,Cat_26,USA
6921,6,106,511,Cat_6,China
6922,30,92,4623,Cat_30,USA
6923,20,173,953,Cat_20,USA
6924,12,38,2175,Cat_12,China
6925,25,100,1892,Cat_25,USA
6926,20,182,1656,Cat_20,India
6927,25,135,1904,Cat_25,China
6928,16,148,1240,Cat_16,China
6929,19,10,3966,Cat_19,USA
6930,8,35,3228,Cat_8,China
6931,23,74,969,Cat_23,USA
6932,2,139,4452,Cat_2,China
6933,6,164,100,Cat_6,China
6934,27,115,3489,Cat_27,China
6935,10,53,2759,Cat_10,USA
6936,5,190,655,Cat_5,China
6937,12,31,1902,Cat_12,China
6938,18,28,3052,Cat_18,USA
6939,15,13,232,Cat_15,USA
6940,27,48,4715,Cat_27,China
6941,27,91,1419,Cat_27,India
6942,9,60,251,Cat_9,USA
6943,15,200,4188,Cat_15,India
6944,9,62,3600,Cat_9,USA
6945,20,149,2112,Cat_20,China
6946,22,87,1383,Cat_22,India
6947,12,180,4576,Cat_12,USA
6948,17,169,1177,Cat_17,India
6949,15,107,1573,Cat_15,China
6950,27,49,2652,Cat_27,India
6951,10,91,3434,Cat_10,India
6952,15,29,239,Cat_15,India
6953,21,52,1657,Cat_21,India
6954,13,92,340,Cat_13,USA
6955,26,172,4584,Cat_26,USA
6956,3,181,3494,Cat_3,India
6957,20,141,1970,Cat_20,China
6958,23,193,2124,Cat_23,China
6959,24,35,1900,Cat_24,China
6960,1,137,1232,Cat_1,USA
6961,24,55,2750,Cat_24,USA
6962,1,78,1328,Cat_1,India
6963,17,166,4728,Cat_17,USA
6964,28,40,3895,Cat_28,USA
6965,13,139,2676,Cat_13,China
6966,21,140,4482,Cat_21,India
6967,13,4,2631,Cat_13,USA
6968,18,106,2345,Cat_18,China
6969,18,28,3327,Cat_18,USA
6970,10,58,4059,Cat_10,India
6971,28,48,3617,Cat_28,China
6972,14,14,1849,Cat_14,China
6973,17,59,1714,Cat_17,USA
6974,6,172,232,Cat_6,USA
6975,12,39,1687,Cat_12,China
6976,25,75,3535,Cat_25,India
6977,9,165,1382,Cat_9,USA
6978,10,137,3383,Cat_10,USA
6979,25,40,521,Cat_25,USA
6980,17,118,393,Cat_17,USA
6981,11,84,3689,Cat_11,China
6982,9,16,3936,Cat_9,India
6983,13,189,1263,Cat_13,USA
6984,18,158,475,Cat_18,China
6985,28,36,643,Cat_28,India
6986,19,66,2274,Cat_19,USA
6987,10,96,3616,Cat_10,USA
6988,25,167,3274,Cat_25,China
6989,27,143,2747,Cat_27,USA
6990,28,65,1872,Cat_28,USA
6991,7,25,3557,Cat_7,India
6992,18,64,602,Cat_18,China
6993,14,107,4787,Cat_14,China
6994,3,183,1094,Cat_3,USA
6995,13,4,1235,Cat_13,USA
6996,26,2,4596,Cat_26,India
6997,6,108,4868,Cat_6,USA
6998,24,27,4803,Cat_24,China
6999,28,36,4146,Cat_28,India
7000,8,170,1429,Cat_8,USA
7001,21,55,2019,Cat_21,USA
7002,5,87,762,Cat_5,India
7003,17,27,4834,Cat_17,China
7004,23,62,863,Cat_23,USA
7005,15,71,4855,Cat_15,USA
7006,21,162,1136,Cat_21,China
7007,5,196,3790,Cat_5,India
7008,2,11,1080,Cat_2,China
7009,28,168,1608,Cat_28,China
7010,8,87,4758,Cat_8,India
7011,7,193,3384,Cat_7,China
7012,26,14,1916,Cat_26,China
7013,19,141,1279,Cat_19,China
7014,16,151,4084,Cat_16,India
7015,5,105,4502,Cat_5,India
7016,25,57,245,Cat_25,USA
7017,28,27,2056,Cat_28,China
7018,30,125,1119,Cat_30,China
7019,4,17,2392,Cat_4,India
7020,9,130,2778,Cat_9,USA
7021,16,134,2791,Cat_16,India
7022,12,160,2187,Cat_12,USA
7023,20,10,4978,Cat_20,USA
7024,24,186,348,Cat_24,India
7025,3,197,3229,Cat_3,USA
7026,7,146,3196,Cat_7,USA
7027,29,38,3140,Cat_29,China
7028,15,32,1133,Cat_15,China
7029,29,18,540,Cat_29,USA
7030,4,152,2256,Cat_4,India
7031,26,175,638,Cat_26,India
7032,26,147,2156,Cat_26,China
7033,24,90,2110,Cat_24,China
7034,10,195,1859,Cat_10,USA
7035,15,113,672,Cat_15,India
7036,12,164,2480,Cat_12,China
7037,8,52,3848,Cat_8,India
7038,28,49,3465,Cat_28,India
7039,1,70,184,Cat_1,India
7040,28,142,3922,Cat_28,USA
7041,12,93,938,Cat_12,USA
7042,4,127,2116,Cat_4,USA
7043,2,119,725,Cat_2,China
7044,14,113,3850,Cat_14,India
7045,7,95,4653,Cat_7,China
7046,24,137,129,Cat_24,USA
7047,12,103,2765,Cat_12,USA
7048,27,103,3733,Cat_27,USA
7049,11,107,3213,Cat_11,China
7050,12,89,4771,Cat_12,USA
7051,4,88,4453,Cat_4,India
7052,27,140,2524,Cat_27,India
7053,8,124,2113,Cat_8,India
7054,16,82,4521,Cat_16,USA
7055,6,191,3358,Cat_6,China
7056,26,98,1991,Cat_26,USA
7057,14,67,2615,Cat_14,China
7058,15,197,3050,Cat_15,USA
7059,25,43,1332,Cat_25,USA
7060,4,175,4730,Cat_4,India
7061,12,17,1750,Cat_12,India
7062,2,15,2823,Cat_2,China
7063,25,2,3807,Cat_25,India
7064,27,32,2155,Cat_27,China
7065,2,111,4513,Cat_2,India
7066,17,79,4353,Cat_17,USA
7067,16,122,2966,Cat_16,India
7068,11,73,3290,Cat_11,China
7069,26,29,2033,Cat_26,India
7070,1,126,2109,Cat_1,USA
7071,6,138,4218,Cat_6,India
7072,16,23,1665,Cat_16,USA
7073,7,197,3238,Cat_7,USA
7074,15,162,2455,Cat_15,China
7075,10,118,929,Cat_10,USA
7076,10,76,201,Cat_10,USA
7077,28,139,4103,Cat_28,China
7078,8,183,3508,Cat_8,USA
7079,24,171,4525,Cat_24,China
7080,21,136,1324,Cat_21,India
7081,24,103,2530,Cat_24,USA
7082,15,84,1769,Cat_15,China
7083,4,135,3888,Cat_4,China
7084,8,148,3802,Cat_8,China
7085,20,84,4498,Cat_20,China
7086,27,35,1082,Cat_27,China
7087,24,146,628,Cat_24,USA
7088,22,137,3051,Cat_22,USA
7089,16,176,363,Cat_16,India
7090,6,93,149,Cat_6,USA
7091,21,71,2674,Cat_21,USA
7092,6,34,4537,Cat_6,India
7093,3,151,3219,Cat_3,India
7094,15,82,3900,Cat_15,USA
7095,2,172,2387,Cat_2,USA
7096,22,142,4648,Cat_22,USA
7097,25,28,3740,Cat_25,USA
7098,25,178,3459,Cat_25,USA
7099,7,29,4497,Cat_7,India
7100,16,68,890,Cat_16,China
7101,11,126,4835,Cat_11,USA
7102,21,52,2544,Cat_21,India
7103,25,115,1303,Cat_25,China
7104,15,149,1649,Cat_15,China
7105,28,199,1356,Cat_28,USA
7106,19,98,3277,Cat_19,USA
7107,24,103,560,Cat_24,USA
7108,27,84,1605,Cat_27,China
7109,9,171,1154,Cat_9,China
7110,15,116,2904,Cat_15,India
7111,9,75,2177,Cat_9,India
7112,30,183,2238,Cat_30,USA
7113,30,111,565,Cat_30,India
7114,15,58,411,Cat_15,India
7115,19,159,4798,Cat_19,India
7116,6,24,2851,Cat_6,USA
7117,10,178,2004,Cat_10,USA
7118,25,166,2661,Cat_25,USA
7119,12,151,214,Cat_12,India
7120,13,186,3600,Cat_13,India
7121,23,37,3063,Cat_23,China
7122,23,136,142,Cat_23,India
7123,14,194,4719,Cat_14,China
7124,28,191,2236,Cat_28,China
7125,14,178,1919,Cat_14,USA
7126,22,46,2516,Cat_22,India
7127,26,151,4124,Cat_26,India
7128,20,140,3179,Cat_20,India
7129,3,134,4135,Cat_3,India
7130,9,101,2707,Cat_9,USA
7131,5,20,2413,Cat_5,India
7132,28,36,4231,Cat_28,India
7133,24,140,3279,Cat_24,India
7134,14,86,252,Cat_14,USA
7135,24,168,4544,Cat_24,China
7136,1,92,4031,Cat_1,USA
7137,7,114,1726,Cat_7,USA
7138,14,49,2563,Cat_14,India
7139,3,185,644,Cat_3,USA
7140,21,14,1678,Cat_21,China
7141,13,17,1986,Cat_13,India
7142,23,74,3856,Cat_23,USA
7143,3,153,2712,Cat_3,USA
7144,19,20,1285,Cat_19,India
7145,16,106,3994,Cat_16,China
7146,28,197,706,Cat_28,USA
7147,8,19,1248,Cat_8,India
7148,2,3,1497,Cat_2,India
7149,11,67,4984,Cat_11,China
7150,21,24,2316,Cat_21,USA
7151,28,70,1549,Cat_28,India
7152,11,40,4747,Cat_11,USA
7153,18,163,4053,Cat_18,China
7154,12,150,2535,Cat_12,USA
7155,10,92,3118,Cat_10,USA
7156,19,187,4198,Cat_19,India
7157,27,6,1089,Cat_27,India
7158,27,157,2563,Cat_27,USA
7159,23,139,4858,Cat_23,China
7160,7,76,2631,Cat_7,USA
7161,11,73,4023,Cat_11,China
7162,22,199,835,Cat_22,USA
7163,12,166,4435,Cat_12,USA
7164,14,78,3459,Cat_14,India
7165,27,69,279,Cat_27,China
7166,11,187,716,Cat_11,India
7167,25,109,272,Cat_25,USA
7168,6,130,1802,Cat_6,USA
7169,29,197,2622,Cat_29,USA
7170,3,20,925,Cat_3,India
7171,26,49,619,Cat_26,India
7172,23,33,109,Cat_23,India
7173,13,36,3096,Cat_13,India
7174,28,20,1062,Cat_28,India
7175,8,133,3060,Cat_8,India
7176,25,11,508,Cat_25,China
7177,9,99,1705,Cat_9,USA
7178,17,28,3271,Cat_17,USA
7179,27,80,4289,Cat_27,China
7180,28,63,3330,Cat_28,USA
7181,19,114,2594,Cat_19,USA
7182,16,92,1100,Cat_16,USA
7183,13,170,2316,Cat_13,USA
7184,26,148,785,Cat_26,China
7185,13,25,2082,Cat_13,India
7186,28,110,4675,Cat_28,India
7187,14,188,4642,Cat_14,China
7188,22,64,924,Cat_22,China
7189,23,70,801,Cat_23,India
7190,26,172,3131,Cat_26,USA
7191,26,42,3480,Cat_26,China
7192,22,190,1767,Cat_22,China
7193,12,153,4815,Cat_12,USA
7194,19,188,3908,Cat_19,China
7195,4,162,4012,Cat_4,China
7196,24,40,1896,Cat_24,USA
7197,29,14,4933,Cat_29,China
7198,28,52,1574,Cat_28,India
7199,25,180,1631,Cat_25,USA
7200,28,17,4266,Cat_28,India
7201,25,82,2785,Cat_25,USA
7202,16,10,4883,Cat_16,USA
7203,27,72,4030,Cat_27,China
7204,26,117,3890,Cat_26,USA
7205,26,17,617,Cat_26,India
7206,23,158,3085,Cat_23,China
7207,10,2,2252,Cat_10,India
7208,12,47,573,Cat_12,India
7209,27,46,4243,Cat_27,India
7210,3,111,2892,Cat_3,India
7211,27,150,4306,Cat_27,USA
7212,4,38,1874,Cat_4,China
7213,30,186,4076,Cat_30,India
7214,26,108,1154,Cat_26,USA
7215,21,126,4862,Cat_21,USA
7216,16,60,4648,Cat_16,USA
7217,16,42,3612,Cat_16,China
7218,24,33,2982,Cat_24,India
7219,18,10,3543,Cat_18,USA
7220,1,23,3421,Cat_1,USA
7221,24,150,1571,Cat_24,USA
7222,7,47,4448,Cat_7,India
7223,19,184,4880,Cat_19,USA
7224,5,57,4154,Cat_5,USA
7225,17,179,3832,Cat_17,India
7226,3,150,302,Cat_3,USA
7227,20,134,2830,Cat_20,India
7228,9,198,2520,Cat_9,China
7229,24,187,801,Cat_24,India
7230,17,17,1349,Cat_17,India
7231,25,110,662,Cat_25,India
7232,7,144,2745,Cat_7,China
7233,13,92,4680,Cat_13,USA
7234,24,65,1457,Cat_24,USA
7235,2,200,3025,Cat_2,India
7236,30,19,1704,Cat_30,India
7237,19,194,3148,Cat_19,China
7238,11,25,3071,Cat_11,India
7239,13,8,1788,Cat_13,USA
7240,19,92,1430,Cat_19,USA
7241,2,108,4453,Cat_2,USA
7242,11,93,1144,Cat_11,USA
7243,12,67,2033,Cat_12,China
7244,20,143,1710,Cat_20,USA
7245,25,129,3262,Cat_25,China
7246,14,76,683,Cat_14,USA
7247,26,17,668,Cat_26,India
7248,25,121,2350,Cat_25,USA
7249,27,102,1240,Cat_27,USA
7250,14,127,2690,Cat_14,USA
7251,25,193,314,Cat_25,China
7252,21,14,548,Cat_21,China
7253,8,130,667,Cat_8,USA
7254,1,15,849,Cat_1,China
7255,29,153,3616,Cat_29,USA
7256,8,174,4475,Cat_8,China
7257,24,188,1885,Cat_24,China
7258,20,68,4185,Cat_20,China
7259,13,68,3618,Cat_13,China
7260,28,133,3218,Cat_28,India
7261,26,17,199,Cat_26,India
7262,5,139,1509,Cat_5,China
7263,8,56,3969,Cat_8,India
7264,8,172,380,Cat_8,USA
7265,9,31,4665,Cat_9,China
7266,14,151,1262,Cat_14,India
7267,10,43,1327,Cat_10,USA
7268,23,142,369,Cat_23,USA
7269,3,35,4680,Cat_3,China
7270,11,55,1742,Cat_11,USA
7271,1,191,1372,Cat_1,China
7272,20,159,1745,Cat_20,India
7273,21,61,4469,Cat_21,China
7274,8,6,2736,Cat_8,India
7275,11,18,4287,Cat_11,USA
7276,21,162,3943,Cat_21,China
7277,30,196,496,Cat_30,India
7278,21,135,3645,Cat_21,China
7279,5,130,3608,Cat_5,USA
7280,24,52,2972,Cat_24,India
7281,22,196,1645,Cat_22,India
7282,14,156,2750,Cat_14,USA
7283,5,70,4440,Cat_5,India
7284,4,163,264,Cat_4,China
7285,3,94,942,Cat_3,India
7286,11,39,2660,Cat_11,China
7287,1,156,337,Cat_1,USA
7288,17,98,1065,Cat_17,USA
7289,14,38,4419,Cat_14,China
7290,1,2,2103,Cat_1,India
7291,20,86,2581,Cat_20,USA
7292,22,104,4380,Cat_22,India
7293,25,27,3910,Cat_25,China
7294,4,17,1853,Cat_4,India
7295,8,8,3078,Cat_8,USA
7296,21,67,518,Cat_21,China
7297,1,108,1978,Cat_1,USA
7298,9,175,3708,Cat_9,India
7299,8,146,773,Cat_8,USA
7300,18,69,2932,Cat_18,China
7301,12,94,2499,Cat_12,India
7302,15,55,1389,Cat_15,USA
7303,18,53,2597,Cat_18,USA
7304,6,60,2133,Cat_6,USA
7305,18,26,2692,Cat_18,China
7306,27,76,2400,Cat_27,USA
7307,6,20,4126,Cat_6,India
7308,16,5,2346,Cat_16,China
7309,24,193,4512,Cat_24,China
7310,19,65,1544,Cat_19,USA
7311,19,175,121,Cat_19,India
7312,17,13,392,Cat_17,USA
7313,21,55,2119,Cat_21,USA
7314,9,159,3442,Cat_9,India
7315,17,103,3450,Cat_17,USA
7316,22,16,3532,Cat_22,India
7317,8,72,358,Cat_8,China
7318,11,140,3736,Cat_11,India
7319,1,5,4522,Cat_1,China
7320,9,22,3984,Cat_9,India
7321,8,141,4302,Cat_8,China
7322,23,117,351,Cat_23,USA
7323,22,108,1453,Cat_22,USA
7324,10,83,2470,Cat_10,China
7325,29,125,2524,Cat_29,China
7326,26,72,1470,Cat_26,China
7327,29,105,222,Cat_29,India
7328,10,137,3807,Cat_10,USA
7329,2,116,2448,Cat_2,India
7330,2,144,761,Cat_2,China
7331,17,142,2733,Cat_17,USA
7332,12,132,1550,Cat_12,China
7333,23,148,1633,Cat_23,China
7334,13,145,2358,Cat_13,India
7335,28,119,4842,Cat_28,China
7336,29,120,1767,Cat_29,USA
7337,3,72,1961,Cat_3,China
7338,5,104,732,Cat_5,India
7339,22,199,2565,Cat_22,USA
7340,29,127,3528,Cat_29,USA
7341,19,167,579,Cat_19,China
7342,24,116,1252,Cat_24,India
7343,5,92,1573,Cat_5,USA
7344,15,112,1188,Cat_15,China
7345,11,159,1476,Cat_11,India
7346,12,24,2285,Cat_12,USA
7347,9,148,707,Cat_9,China
7348,6,97,2829,Cat_6,USA
7349,2,110,2686,Cat_2,India
7350,10,189,2682,Cat_10,USA
7351,17,172,702,Cat_17,USA
7352,26,153,1509,Cat_26,USA
7353,28,146,2851,Cat_28,USA
7354,12,68,4174,Cat_12,China
7355,6,80,2113,Cat_6,China
7356,1,10,2554,Cat_1,USA
7357,30,20,1237,Cat_30,India
7358,12,176,4664,Cat_12,India
7359,3,192,198,Cat_3,USA
7360,1,174,325,Cat_1,China
7361,21,163,148,Cat_21,China
7362,30,92,2695,Cat_30,USA
7363,21,192,1868,Cat_21,USA
7364,22,77,1928,Cat_22,India
7365,16,68,2681,Cat_16,China
7366,15,192,3028,Cat_15,USA
7367,14,38,2901,Cat_14,China
7368,15,86,2229,Cat_15,USA
7369,12,93,1184,Cat_12,USA
7370,17,122,3023,Cat_17,India
7371,11,37,3149,Cat_11,China
7372,25,195,927,Cat_25,USA
7373,30,185,3264,Cat_30,USA
7374,19,137,2836,Cat_19,USA
7375,25,130,2242,Cat_25,USA
7376,29,200,1529,Cat_29,India
7377,26,125,1028,Cat_26,China
7378,20,26,433,Cat_20,China
7379,25,22,3670,Cat_25,India
7380,9,103,2424,Cat_9,USA
7381,20,196,2106,Cat_20,India
7382,15,41,1353,Cat_15,India
7383,3,31,4314,Cat_3,China
7384,8,18,1232,Cat_8,USA
7385,1,166,2571,Cat_1,USA
7386,2,89,1493,Cat_2,USA
7387,21,71,4995,Cat_21,USA
7388,1,42,3164,Cat_1,China
7389,19,171,3375,Cat_19,China
7390,22,97,2791,Cat_22,USA
7391,2,10,993,Cat_2,USA
7392,15,121,4216,Cat_15,USA
7393,4,38,813,Cat_4,China
7394,1,146,2768,Cat_1,USA
7395,14,152,3766,Cat_14,India
7396,17,108,4202,Cat_17,USA
7397,5,111,552,Cat_5,India
7398,8,66,4629,Cat_8,USA
7399,16,156,1938,Cat_16,USA
7400,1,54,3999,Cat_1,USA
7401,24,160,4195,Cat_24,USA
7402,24,86,3067,Cat_24,USA
7403,3,11,4060,Cat_3,China
7404,2,82,3913,Cat_2,USA
7405,6,112,967,Cat_6,China
7406,11,111,3191,Cat_11,India
7407,20,159,1969,Cat_20,India
7408,11,200,705,Cat_11,India
7409,9,117,1024,Cat_9,USA
7410,11,53,1441,Cat_11,USA
7411,28,68,1979,Cat_28,China
7412,9,9,2432,Cat_9,USA
7413,7,77,4537,Cat_7,India
7414,28,99,1504,Cat_28,USA
7415,10,7,2633,Cat_10,China
7416,28,177,1752,Cat_28,USA
7417,26,154,3619,Cat_26,China
7418,27,151,4948,Cat_27,India
7419,30,62,4824,Cat_30,USA
7420,30,191,2912,Cat_30,China
7421,28,178,4729,Cat_28,USA
7422,7,43,608,Cat_7,USA
7423,16,101,2588,Cat_16,USA
7424,3,120,4710,Cat_3,USA
7425,25,180,4671,Cat_25,USA
7426,12,157,2540,Cat_12,USA
7427,6,23,1216,Cat_6,USA
7428,8,165,1222,Cat_8,USA
7429,13,133,3909,Cat_13,India
7430,12,136,2041,Cat_12,India
7431,21,103,4806,Cat_21,USA
7432,20,145,1750,Cat_20,India
7433,13,68,3513,Cat_13,China
7434,2,99,2812,Cat_2,USA
7435,8,142,388,Cat_8,USA
7436,15,167,2418,Cat_15,China
7437,21,98,497,Cat_21,USA
7438,3,185,3188,Cat_3,USA
7439,10,151,4371,Cat_10,India
7440,5,2,4491,Cat_5,India
7441,17,193,670,Cat_17,China
7442,29,196,4211,Cat_29,India
7443,2,117,2025,Cat_2,USA
7444,26,63,3846,Cat_26,USA
7445,11,3,4708,Cat_11,India
7446,30,143,816,Cat_30,USA
7447,2,182,3566,Cat_2,India
7448,2,149,766,Cat_2,China
7449,20,189,2736,Cat_20,USA
7450,1,120,1739,Cat_1,USA
7451,27,92,1049,Cat_27,USA
7452,12,148,3639,Cat_12,China
7453,24,81,2743,Cat_24,USA
7454,22,104,437,Cat_22,India
7455,29,93,3645,Cat_29,USA
7456,26,172,2753,Cat_26,USA
7457,11,31,1869,Cat_11,China
7458,14,131,4126,Cat_14,China
7459,16,79,3845,Cat_16,USA
7460,13,45,3253,Cat_13,India
7461,5,122,1787,Cat_5,India
7462,8,158,2036,Cat_8,China
7463,16,137,416,Cat_16,USA
7464,12,12,3373,Cat_12,India
7465,11,181,506,Cat_11,India
7466,23,114,1552,Cat_23,USA
7467,4,195,970,Cat_4,USA
7468,30,106,4837,Cat_30,China
7469,24,124,1256,Cat_24,India
7470,20,134,4488,Cat_20,India
7471,22,160,3117,Cat_22,USA
7472,5,178,806,Cat_5,USA
7473,16,153,4359,Cat_16,USA
7474,20,190,618,Cat_20,China
7475,5,25,2081,Cat_5,India
7476,10,144,385,Cat_10,China
7477,10,24,1180,Cat_10,USA
7478,5,83,1724,Cat_5,China
7479,6,63,760,Cat_6,USA
7480,14,101,1915,Cat_14,USA
7481,29,56,3380,Cat_29,India
7482,30,62,2870,Cat_30,USA
7483,22,88,2253,Cat_22,India
7484,22,47,2276,Cat_22,India
7485,21,119,4945,Cat_21,China
7486,10,49,1597,Cat_10,India
7487,1,1,931,Cat_1,India
7488,12,190,1112,Cat_12,China
7489,20,43,4325,Cat_20,USA
7490,13,182,2088,Cat_13,India
7491,24,95,3159,Cat_24,China
7492,21,147,826,Cat_21,China
7493,15,189,2163,Cat_15,USA
7494,5,99,3233,Cat_5,USA
7495,15,113,1528,Cat_15,India
7496,27,10,240,Cat_27,USA
7497,11,191,867,Cat_11,China
7498,5,120,1483,Cat_5,USA
7499,15,193,1022,Cat_15,China
7500,28,87,3857,Cat_28,India
7501,19,69,4144,Cat_19,China
7502,30,19,756,Cat_30,India
7503,30,135,4296,Cat_30,China
7504,6,12,1654,Cat_6,India
7505,17,76,160,Cat_17,USA
7506,8,117,3597,Cat_8,USA
7507,16,25,1217,Cat_16,India
7508,7,70,2967,Cat_7,India
7509,21,170,3600,Cat_21,USA
7510,29,88,4536,Cat_29,India
7511,19,34,4941,Cat_19,India
7512,26,97,1569,Cat_26,USA
7513,1,41,2591,Cat_1,India
7514,25,163,191,Cat_25,China
7515,22,86,3860,Cat_22,USA
7516,7,136,4491,Cat_7,India
7517,22,59,1928,Cat_22,USA
7518,29,197,2602,Cat_29,USA
7519,25,95,488,Cat_25,China
7520,13,14,4447,Cat_13,China
7521,17,20,1677,Cat_17,India
7522,6,189,4858,Cat_6,USA
7523,21,9,2364,Cat_21,USA
7524,4,146,3171,Cat_4,USA
7525,21,94,3299,Cat_21,India
7526,25,192,2547,Cat_25,USA
7527,19,116,583,Cat_19,India
7528,21,48,2347,Cat_21,China
7529,1,172,2623,Cat_1,USA
7530,22,81,3922,Cat_22,USA
7531,17,6,2547,Cat_17,India
7532,6,68,2184,Cat_6,China
7533,1,199,2441,Cat_1,USA
7534,27,126,3135,Cat_27,USA
7535,23,27,521,Cat_23,China
7536,25,87,2780,Cat_25,India
7537,29,69,3794,Cat_29,China
7538,17,27,1336,Cat_17,China
7539,13,136,1025,Cat_13,India
7540,19,97,3338,Cat_19,USA
7541,17,113,3227,Cat_17,India
7542,4,83,1202,Cat_4,China
7543,17,79,4663,Cat_17,USA
7544,19,119,2132,Cat_19,China
7545,25,64,3695,Cat_25,China
7546,12,118,908,Cat_12,USA
7547,9,179,2034,Cat_9,India
7548,1,136,3490,Cat_1,India
7549,9,167,323,Cat_9,China
7550,16,116,2434,Cat_16,India
7551,21,165,3169,Cat_21,USA
7552,4,172,2391,Cat_4,USA
7553,9,10,2550,Cat_9,USA
7554,12,74,629,Cat_12,USA
7555,15,3,1123,Cat_15,India
7556,16,78,4874,Cat_16,India
7557,21,10,2636,Cat_21,USA
7558,23,131,711,Cat_23,China
7559,6,73,3056,Cat_6,China
7560,21,7,421,Cat_21,China
7561,16,29,4689,Cat_16,India
7562,15,11,132,Cat_15,China
7563,12,142,4273,Cat_12,USA
7564,26,13,2524,Cat_26,USA
7565,28,118,2905,Cat_28,USA
7566,11,100,1784,Cat_11,USA
7567,22,14,4916,Cat_22,China
7568,16,117,2868,Cat_16,USA
7569,5,178,4976,Cat_5,USA
7570,7,124,4172,Cat_7,India
7571,13,132,443,Cat_13,China
7572,27,89,2667,Cat_27,USA
7573,9,147,1657,Cat_9,China
7574,1,52,175,Cat_1,India
7575,18,28,4127,Cat_18,USA
7576,17,185,366,Cat_17,USA
7577,12,175,671,Cat_12,India
7578,3,147,3367,Cat_3,China
7579,23,127,3903,Cat_23,USA
7580,12,124,4952,Cat_12,India
7581,16,2,3262,Cat_16,India
7582,2,47,3194,Cat_2,India
7583,21,136,4245,Cat_21,India
7584,17,45,4572,Cat_17,India
7585,2,62,849,Cat_2,USA
7586,4,171,3304,Cat_4,China
7587,13,196,2492,Cat_13,India
7588,12,175,4203,Cat_12,India
7589,23,120,3530,Cat_23,USA
7590,6,83,4979,Cat_6,China
7591,21,147,3898,Cat_21,China
7592,23,16,671,Cat_23,India
7593,8,112,3481,Cat_8,China
7594,2,4,3103,Cat_2,USA
7595,19,131,106,Cat_19,China
7596,2,58,1265,Cat_2,India
7597,14,106,3100,Cat_14,China
7598,26,68,1784,Cat_26,China
7599,5,140,4355,Cat_5,India
7600,20,162,1653,Cat_20,China
7601,20,28,1763,Cat_20,USA
7602,11,188,1268,Cat_11,China
7603,8,78,168,Cat_8,India
7604,10,112,1021,Cat_10,China
7605,10,31,4946,Cat_10,China
7606,24,184,2772,Cat_24,USA
7607,12,61,179,Cat_12,China
7608,15,42,1944,Cat_15,China
7609,1,82,1316,Cat_1,USA
7610,10,1,915,Cat_10,India
7611,11,22,325,Cat_11,India
7612,13,191,2493,Cat_13,China
7613,4,145,3788,Cat_4,India
7614,15,3,3960,Cat_15,India
7615,3,65,4438,Cat_3,USA
7616,10,43,2238,Cat_10,USA
7617,3,108,723,Cat_3,USA
7618,20,61,3291,Cat_20,China
7619,6,66,1490,Cat_6,USA
7620,20,119,2731,Cat_20,China
7621,18,184,4113,Cat_18,USA
7622,8,84,3584,Cat_8,China
7623,21,176,1057,Cat_21,India
7624,28,170,2103,Cat_28,USA
7625,23,193,3983,Cat_23,China
7626,9,121,4343,Cat_9,USA
7627,23,79,1736,Cat_23,USA
7628,7,94,2841,Cat_7,India
7629,12,155,2729,Cat_12,India
7630,22,28,988,Cat_22,USA
7631,7,67,1469,Cat_7,China
7632,16,71,3297,Cat_16,USA
7633,7,91,3633,Cat_7,India
7634,9,181,1078,Cat_9,India
7635,26,9,3152,Cat_26,USA
7636,28,164,4486,Cat_28,China
7637,30,79,2857,Cat_30,USA
7638,10,68,4279,Cat_10,China
7639,9,18,3400,Cat_9,USA
7640,11,84,3411,Cat_11,China
7641,29,41,3274,Cat_29,India
7642,23,95,2992,Cat_23,China
7643,4,185,1993,Cat_4,USA
7644,21,179,1262,Cat_21,India
7645,15,142,2045,Cat_15,USA
7646,16,139,3647,Cat_16,China
7647,13,47,1669,Cat_13,India
7648,3,27,788,Cat_3,China
7649,4,4,2064,Cat_4,USA
7650,16,90,4593,Cat_16,China
7651,13,89,2145,Cat_13,USA
7652,30,173,642,Cat_30,USA
7653,4,137,3366,Cat_4,USA
7654,9,18,4370,Cat_9,USA
7655,8,77,1532,Cat_8,India
7656,5,101,517,Cat_5,USA
7657,3,199,3917,Cat_3,USA
7658,25,96,1389,Cat_25,USA
7659,2,68,518,Cat_2,China
7660,23,110,1856,Cat_23,India
7661,9,156,759,Cat_9,USA
7662,7,132,2773,Cat_7,China
7663,6,35,796,Cat_6,China
7664,19,96,1519,Cat_19,USA
7665,30,99,3310,Cat_30,USA
7666,22,15,3355,Cat_22,China
7667,26,51,215,Cat_26,China
7668,24,120,317,Cat_24,USA
7669,8,30,1466,Cat_8,India
7670,26,183,1160,Cat_26,USA
7671,1,178,468,Cat_1,USA
7672,15,146,4053,Cat_15,USA
7673,18,112,4367,Cat_18,China
7674,24,196,1115,Cat_24,India
7675,16,189,4959,Cat_16,USA
7676,8,29,2661,Cat_8,India
7677,18,15,1823,Cat_18,China
7678,22,81,1575,Cat_22,USA
7679,4,91,229,Cat_4,India
7680,18,92,356,Cat_18,USA
7681,8,159,2292,Cat_8,India
7682,10,200,4129,Cat_10,India
7683,1,69,2567,Cat_1,China
7684,28,96,3377,Cat_28,USA
7685,27,170,1290,Cat_27,USA
7686,11,142,1798,Cat_11,USA
7687,30,195,4806,Cat_30,USA
7688,16,175,3287,Cat_16,India
7689,29,60,1201,Cat_29,USA
7690,25,93,2602,Cat_25,USA
7691,28,43,259,Cat_28,USA
7692,19,187,3800,Cat_19,India
7693,11,66,4413,Cat_11,USA
7694,24,112,2522,Cat_24,China
7695,24,200,3486,Cat_24,India
7696,20,117,2919,Cat_20,USA
7697,11,173,2514,Cat_11,USA
7698,5,179,2129,Cat_5,India
7699,19,15,2772,Cat_19,China
7700,15,164,2101,Cat_15,China
7701,20,107,4063,Cat_20,China
7702,30,134,1429,Cat_30,India
7703,22,42,697,Cat_22,China
7704,25,42,4468,Cat_25,China
7705,3,59,649,Cat_3,USA
7706,21,54,3035,Cat_21,USA
7707,5,7,2867,Cat_5,China
7708,10,84,2313,Cat_10,China
7709,28,192,4674,Cat_28,USA
7710,13,141,1483,Cat_13,China
7711,5,127,2196,Cat_5,USA
7712,28,83,2070,Cat_28,China
7713,23,162,4117,Cat_23,China
7714,3,50,3186,Cat_3,China
7715,9,158,3813,Cat_9,China
7716,17,139,1641,Cat_17,China
7717,18,29,3645,Cat_18,India
7718,7,109,380,Cat_7,USA
7719,4,48,2161,Cat_4,China
7720,24,122,4312,Cat_24,India
7721,16,154,2683,Cat_16,China
7722,29,10,2002,Cat_29,USA
7723,28,23,4112,Cat_28,USA
7724,24,79,3327,Cat_24,USA
7725,16,100,4602,Cat_16,USA
7726,21,43,3925,Cat_21,USA
7727,14,176,906,Cat_14,India
7728,28,59,2139,Cat_28,USA
7729,23,56,4797,Cat_23,India
7730,20,10,3449,Cat_20,USA
7731,25,93,2905,Cat_25,USA
7732,26,2,2706,Cat_26,India
7733,21,130,3971,Cat_21,USA
7734,23,175,2816,Cat_23,India
7735,8,47,2684,Cat_8,India
7736,30,96,701,Cat_30,USA
7737,6,168,3439,Cat_6,China
7738,2,199,1192,Cat_2,USA
7739,26,166,1563,Cat_26,USA
7740,29,151,1177,Cat_29,India
7741,18,100,2771,Cat_18,USA
7742,29,120,4373,Cat_29,USA
7743,11,114,4713,Cat_11,USA
7744,19,140,1199,Cat_19,India
7745,29,142,4936,Cat_29,USA
7746,30,132,2089,Cat_30,China
7747,7,26,1967,Cat_7,China
7748,1,126,3877,Cat_1,USA
7749,16,62,2945,Cat_16,USA
7750,4,112,2096,Cat_4,China
7751,2,106,3953,Cat_2,China
7752,10,91,4075,Cat_10,India
7753,16,156,3395,Cat_16,USA
7754,27,37,678,Cat_27,China
7755,22,115,2684,Cat_22,China
7756,4,28,117,Cat_4,USA
7757,10,182,1663,Cat_10,India
7758,30,178,1295,Cat_30,USA
7759,13,152,208,Cat_13,India
7760,12,104,2567,Cat_12,India
7761,30,71,4531,Cat_30,USA
7762,7,20,932,Cat_7,India
7763,25,167,910,Cat_25,China
7764,12,131,717,Cat_12,China
7765,20,155,4405,Cat_20,India
7766,20,13,2095,Cat_20,USA
7767,19,189,967,Cat_19,USA
7768,1,50,4025,Cat_1,China
7769,9,3,1316,Cat_9,India
7770,11,172,3650,Cat_11,USA
7771,25,129,1277,Cat_25,China
7772,29,33,3251,Cat_29,India
7773,14,146,349,Cat_14,USA
7774,23,5,4463,Cat_23,China
7775,6,50,4872,Cat_6,China
7776,10,38,3843,Cat_10,China
7777,16,81,759,Cat_16,USA
7778,3,181,327,Cat_3,India
7779,12,120,2581,Cat_12,USA
7780,23,68,966,Cat_23,China
7781,23,11,730,Cat_23,China
7782,22,198,4893,Cat_22,China
7783,13,20,3291,Cat_13,India
7784,7,149,3211,Cat_7,China
7785,17,100,2053,Cat_17,USA
7786,6,42,1625,Cat_6,China
7787,30,130,4921,Cat_30,USA
7788,19,115,2252,Cat_19,China
7789,9,24,3662,Cat_9,USA
7790,16,70,921,Cat_16,India
7791,6,20,2379,Cat_6,India
7792,4,92,1140,Cat_4,USA
7793,17,57,1157,Cat_17,USA
7794,15,161,788,Cat_15,China
7795,18,145,2802,Cat_18,India
7796,24,89,2567,Cat_24,USA
7797,2,120,572,Cat_2,USA
7798,24,5,2997,Cat_24,China
7799,18,149,3801,Cat_18,China
7800,21,194,4543,Cat_21,China
7801,6,142,3777,Cat_6,USA
7802,17,52,4576,Cat_17,India
7803,25,152,3389,Cat_25,India
7804,14,40,437,Cat_14,USA
7805,28,102,4075,Cat_28,USA
7806,6,117,3511,Cat_6,USA
7807,16,77,2081,Cat_16,India
7808,25,172,3967,Cat_25,USA
7809,28,178,3417,Cat_28,USA
7810,7,88,2350,Cat_7,India
7811,29,102,2486,Cat_29,USA
7812,14,72,2825,Cat_14,China
7813,2,38,2877,Cat_2,China
7814,28,113,4498,Cat_28,India
7815,29,181,4679,Cat_29,India
7816,18,27,744,Cat_18,China
7817,6,173,647,Cat_6,USA
7818,28,38,4174,Cat_28,China
7819,13,35,3359,Cat_13,China
7820,12,135,3429,Cat_12,China
7821,21,31,596,Cat_21,China
7822,25,84,2661,Cat_25,China
7823,21,156,2714,Cat_21,USA
7824,3,58,4742,Cat_3,India
7825,7,89,849,Cat_7,USA
7826,27,114,4676,Cat_27,USA
7827,5,181,1630,Cat_5,India
7828,8,120,1234,Cat_8,USA
7829,22,83,1860,Cat_22,China
7830,26,77,4085,Cat_26,India
7831,17,57,4980,Cat_17,USA
7832,13,194,1052,Cat_13,China
7833,14,41,263,Cat_14,India
7834,25,121,2946,Cat_25,USA
7835,7,8,3183,Cat_7,USA
7836,20,128,2680,Cat_20,China
7837,9,15,4147,Cat_9,China
7838,20,101,1293,Cat_20,USA
7839,6,198,4474,Cat_6,China
7840,18,103,4735,Cat_18,USA
7841,25,74,3703,Cat_25,USA
7842,30,29,1663,Cat_30,India
7843,26,19,2235,Cat_26,India
7844,11,18,3968,Cat_11,USA
7845,13,150,4976,Cat_13,USA
7846,7,42,2912,Cat_7,China
7847,21,140,2172,Cat_21,India
7848,29,84,2303,Cat_29,China
7849,15,73,3999,Cat_15,China
7850,14,5,1461,Cat_14,China
7851,7,120,2220,Cat_7,USA
7852,29,83,1744,Cat_29,China
7853,29,4,1535,Cat_29,USA
7854,25,181,2562,Cat_25,India
7855,16,157,3886,Cat_16,USA
7856,9,147,2771,Cat_9,China
7857,22,153,3583,Cat_22,USA
7858,15,35,1719,Cat_15,China
7859,28,16,1351,Cat_28,India
7860,27,53,3309,Cat_27,USA
7861,24,119,3793,Cat_24,China
7862,24,78,2436,Cat_24,India
7863,26,191,2910,Cat_26,China
7864,9,34,2810,Cat_9,India
7865,10,133,2843,Cat_10,India
7866,18,66,1429,Cat_18,USA
7867,7,177,3237,Cat_7,USA
7868,28,18,553,Cat_28,USA
7869,9,57,1330,Cat_9,USA
7870,7,28,3511,Cat_7,USA
7871,5,58,4641,Cat_5,India
7872,10,143,2352,Cat_10,USA
7873,13,179,654,Cat_13,India
7874,25,116,4547,Cat_25,India
7875,5,120,4680,Cat_5,USA
7876,19,6,2918,Cat_19,India
7877,14,145,457,Cat_14,India
7878,21,38,4098,Cat_21,China
7879,12,200,4587,Cat_12,India
7880,17,62,2288,Cat_17,USA
7881,29,190,2717,Cat_29,China
7882,15,59,2098,Cat_15,USA
7883,16,27,1474,Cat_16,China
7884,22,102,4369,Cat_22,USA
7885,26,135,3007,Cat_26,China
7886,23,114,668,Cat_23,USA
7887,5,61,3072,Cat_5,China
7888,28,51,220,Cat_28,China
7889,9,200,1048,Cat_9,India
7890,27,103,2571,Cat_27,USA
7891,14,86,2231,Cat_14,USA
7892,9,25,2187,Cat_9,India
7893,16,168,851,Cat_16,China
7894,22,140,822,Cat_22,India
7895,19,153,156,Cat_19,USA
7896,14,143,4383,Cat_14,USA
7897,9,176,232,Cat_9,India
7898,20,40,4897,Cat_20,USA
7899,27,185,2162,Cat_27,USA
7900,26,73,3725,Cat_26,China
7901,8,80,1399,Cat_8,China
7902,8,36,4274,Cat_8,India
7903,21,183,3626,Cat_21,USA
7904,2,86,2410,Cat_2,USA
7905,4,23,511,Cat_4,USA
7906,21,136,4137,Cat_21,India
7907,11,17,3164,Cat_11,India
7908,8,84,4641,Cat_8,China
7909,20,111,4056,Cat_20,India
7910,16,124,406,Cat_16,India
7911,23,122,2019,Cat_23,India
7912,28,42,3956,Cat_28,China
7913,19,115,2657,Cat_19,China
7914,3,66,1166,Cat_3,USA
7915,5,142,4930,Cat_5,USA
7916,20,116,1917,Cat_20,India
7917,4,48,2507,Cat_4,China
7918,8,24,292,Cat_8,USA
7919,23,166,1077,Cat_23,USA
7920,15,63,2997,Cat_15,USA
7921,3,99,4334,Cat_3,USA
7922,22,44,3057,Cat_22,China
7923,18,89,4065,Cat_18,USA
7924,11,142,2947,Cat_11,USA
7925,2,101,4867,Cat_2,USA
7926,27,36,2066,Cat_27,India
7927,8,193,2030,Cat_8,China
7928,1,90,1512,Cat_1,China
7929,17,100,782,Cat_17,USA
7930,15,40,266,Cat_15,USA
7931,8,9,2801,Cat_8,USA
7932,14,176,4313,Cat_14,India
7933,21,173,4181,Cat_21,USA
7934,21,87,2350,Cat_21,India
7935,9,46,675,Cat_9,India
7936,2,43,3177,Cat_2,USA
7937,9,106,2473,Cat_9,China
7938,2,43,2707,Cat_2,USA
7939,8,68,4954,Cat_8,China
7940,16,53,4240,Cat_16,USA
7941,6,187,967,Cat_6,India
7942,9,147,145,Cat_9,China
7943,18,10,576,Cat_18,USA
7944,9,10,3392,Cat_9,USA
7945,13,119,847,Cat_13,China
7946,4,9,3569,Cat_4,USA
7947,13,186,3540,Cat_13,India
7948,17,189,4611,Cat_17,USA
7949,9,74,3190,Cat_9,USA
7950,17,93,2529,Cat_17,USA
7951,23,48,1843,Cat_23,China
7952,12,63,521,Cat_12,USA
7953,30,156,4992,Cat_30,USA
7954,12,111,2763,Cat_12,India
7955,24,53,1013,Cat_24,USA
7956,30,23,484,Cat_30,USA
7957,11,112,4494,Cat_11,China
7958,10,80,801,Cat_10,China
7959,15,122,1649,Cat_15,India
7960,15,58,688,Cat_15,India
7961,15,41,2360,Cat_15,India
7962,14,78,3537,Cat_14,India
7963,19,144,1601,Cat_19,China
7964,23,115,3877,Cat_23,China
7965,23,19,3363,Cat_23,India
7966,26,154,3148,Cat_26,China
7967,3,173,447,Cat_3,USA
7968,14,111,1143,Cat_14,India
7969,2,80,4152,Cat_2,China
7970,21,119,2605,Cat_21,China
7971,23,125,661,Cat_23,China
7972,24,150,3181,Cat_24,USA
7973,21,108,3893,Cat_21,USA
7974,13,71,167,Cat_13,USA
7975,16,125,4292,Cat_16,China
7976,30,101,1045,Cat_30,USA
7977,20,165,3907,Cat_20,USA
7978,20,164,3165,Cat_20,China
7979,17,199,1009,Cat_17,USA
7980,28,83,2739,Cat_28,China
7981,4,58,2586,Cat_4,India
7982,15,73,2955,Cat_15,China
7983,30,49,3020,Cat_30,India
7984,8,74,3089,Cat_8,USA
7985,3,153,2812,Cat_3,USA
7986,17,104,2563,Cat_17,India
7987,12,17,2729,Cat_12,India
7988,5,200,2043,Cat_5,India
7989,26,74,4392,Cat_26,USA
7990,28,103,2269,Cat_28,USA
7991,3,101,4554,Cat_3,USA
7992,5,32,382,Cat_5,China
7993,29,29,3296,Cat_29,India
7994,27,144,3557,Cat_27,China
7995,27,92,2263,Cat_27,USA
7996,11,13,1858,Cat_11,USA
7997,23,36,2573,Cat_23,India
7998,21,22,3324,Cat_21,India
7999,16,32,4786,Cat_16,China
8000,11,170,4097,Cat_11,USA
8001,10,135,3611,Cat_10,China
8002,25,38,4975,Cat_25,China
8003,30,150,746,Cat_30,USA
8004,28,183,1507,Cat_28,USA
8005,22,163,4812,Cat_22,China
8006,2,41,2752,Cat_2,India
8007,13,69,1917,Cat_13,China
8008,3,187,3429,Cat_3,India
8009,29,54,2279,Cat_29,USA
8010,26,92,3610,Cat_26,USA
8011,27,19,3212,Cat_27,India
8012,12,32,4255,Cat_12,China
8013,1,41,2270,Cat_1,India
8014,25,172,622,Cat_25,USA
8015,23,77,4332,Cat_23,India
8016,27,87,4989,Cat_27,India
8017,19,50,510,Cat_19,China
8018,22,183,466,Cat_22,USA
8019,5,60,4246,Cat_5,USA
8020,4,60,3705,Cat_4,USA
8021,25,162,3213,Cat_25,China
8022,3,24,826,Cat_3,USA
8023,2,196,1277,Cat_2,India
8024,22,13,3301,Cat_22,USA
8025,30,58,4855,Cat_30,India
8026,6,143,3272,Cat_6,USA
8027,28,129,556,Cat_28,China
8028,11,66,1850,Cat_11,USA
8029,19,3,4952,Cat_19,India
8030,8,92,3837,Cat_8,USA
8031,15,172,4636,Cat_15,USA
8032,21,94,655,Cat_21,India
8033,28,153,1434,Cat_28,USA
8034,1,198,1691,Cat_1,China
8035,20,130,1909,Cat_20,USA
8036,7,162,4639,Cat_7,China
8037,29,33,350,Cat_29,India
8038,17,9,3649,Cat_17,USA
8039,5,13,609,Cat_5,USA
8040,21,133,3658,Cat_21,India
8041,22,3,1388,Cat_22,India
8042,2,5,188,Cat_2,China
8043,8,152,1763,Cat_8,India
8044,25,120,835,Cat_25,USA
8045,9,121,2627,Cat_9,USA
8046,7,7,1465,Cat_7,China
8047,15,75,1692,Cat_15,India
8048,7,34,4306,Cat_7,India
8049,7,109,4918,Cat_7,USA
8050,28,133,4490,Cat_28,India
8051,11,141,1418,Cat_11,China
8052,21,42,4230,Cat_21,China
8053,21,17,4315,Cat_21,India
8054,18,35,111,Cat_18,China
8055,1,117,1448,Cat_1,USA
8056,22,92,4703,Cat_22,USA
8057,29,186,2937,Cat_29,India
8058,16,197,3440,Cat_16,USA
8059,15,12,673,Cat_15,India
8060,22,34,179,Cat_22,India
8061,28,7,136,Cat_28,China
8062,6,88,604,Cat_6,India
8063,11,33,1256,Cat_11,India
8064,3,125,1968,Cat_3,China
8065,20,56,1714,Cat_20,India
8066,20,133,2458,Cat_20,India
8067,28,40,4247,Cat_28,USA
8068,28,65,4873,Cat_28,USA
8069,6,129,983,Cat_6,China
8070,17,179,2973,Cat_17,India
8071,25,15,3502,Cat_25,China
8072,13,169,3001,Cat_13,India
8073,21,135,3751,Cat_21,China
8074,22,51,1524,Cat_22,China
8075,12,176,2196,Cat_12,India
8076,23,27,3538,Cat_23,China
8077,8,187,3316,Cat_8,India
8078,22,42,2089,Cat_22,China
8079,9,111,635,Cat_9,India
8080,20,57,208,Cat_20,USA
8081,21,21,4405,Cat_21,India
8082,10,148,1649,Cat_10,China
8083,10,172,2265,Cat_10,USA
8084,17,59,2609,Cat_17,USA
8085,8,126,819,Cat_8,USA
8086,21,174,4251,Cat_21,China
8087,30,39,1767,Cat_30,China
8088,22,200,642,Cat_22,India
8089,17,36,3815,Cat_17,India
8090,11,165,1156,Cat_11,USA
8091,22,63,2236,Cat_22,USA
8092,17,140,3022,Cat_17,India
8093,14,196,3922,Cat_14,India
8094,16,105,1741,Cat_16,India
8095,21,158,3317,Cat_21,China
8096,20,5,2551,Cat_20,China
8097,10,180,217,Cat_10,USA
8098,15,13,280,Cat_15,USA
8099,8,168,1729,Cat_8,China
8100,9,27,1004,Cat_9,China
8101,16,146,3292,Cat_16,USA
8102,23,106,3499,Cat_23,China
8103,14,97,3416,Cat_14,USA
8104,28,193,1312,Cat_28,China
8105,23,175,3273,Cat_23,India
8106,13,25,4555,Cat_13,India
8107,15,154,4984,Cat_15,China
8108,16,58,475,Cat_16,India
8109,19,38,466,Cat_19,China
8110,11,133,2600,Cat_11,India
8111,6,20,3422,Cat_6,India
8112,14,174,4324,Cat_14,China
8113,13,152,1557,Cat_13,India
8114,29,169,3224,Cat_29,India
8115,13,175,1724,Cat_13,India
8116,14,183,883,Cat_14,USA
8117,21,18,1238,Cat_21,USA
8118,17,160,3191,Cat_17,USA
8119,27,152,1110,Cat_27,India
8120,30,99,913,Cat_30,USA
8121,17,128,2648,Cat_17,China
8122,24,176,1539,Cat_24,India
8123,15,91,3720,Cat_15,India
8124,8,140,1447,Cat_8,India
8125,12,187,4852,Cat_12,India
8126,8,97,242,Cat_8,USA
8127,28,21,3735,Cat_28,India
8128,17,182,3736,Cat_17,India
8129,6,116,4649,Cat_6,India
8130,16,49,4613,Cat_16,India
8131,14,2,2311,Cat_14,India
8132,11,24,4166,Cat_11,USA
8133,25,159,168,Cat_25,India
8134,25,23,1537,Cat_25,USA
8135,13,168,503,Cat_13,China
8136,19,27,486,Cat_19,China
8137,30,16,1108,Cat_30,India
8138,12,56,4882,Cat_12,India
8139,25,150,3315,Cat_25,USA
8140,20,46,3947,Cat_20,India
8141,29,44,393,Cat_29,China
8142,15,86,4338,Cat_15,USA
8143,6,176,1085,Cat_6,India
8144,13,152,4387,Cat_13,India
8145,11,17,4595,Cat_11,India
8146,4,167,3204,Cat_4,China
8147,29,3,4541,Cat_29,India
8148,5,191,519,Cat_5,China
8149,6,138,1201,Cat_6,India
8150,8,16,4022,Cat_8,India
8151,26,64,3356,Cat_26,China
8152,12,191,4872,Cat_12,China
8153,9,16,3251,Cat_9,India
8154,20,1,4256,Cat_20,India
8155,30,28,3587,Cat_30,USA
8156,12,103,847,Cat_12,USA
8157,3,170,4308,Cat_3,USA
8158,1,1,2502,Cat_1,India
8159,23,180,4750,Cat_23,USA
8160,8,92,2114,Cat_8,USA
8161,8,73,1448,Cat_8,China
8162,30,74,2759,Cat_30,USA
8163,9,68,2025,Cat_9,China
8164,30,48,105,Cat_30,China
8165,24,142,2008,Cat_24,USA
8166,23,129,3176,Cat_23,China
8167,18,196,3569,Cat_18,India
8168,25,4,2334,Cat_25,USA
8169,10,60,3607,Cat_10,USA
8170,19,7,4584,Cat_19,China
8171,22,86,4582,Cat_22,USA
8172,15,197,3252,Cat_15,USA
8173,5,152,4869,Cat_5,India
8174,17,15,3466,Cat_17,China
8175,13,92,3457,Cat_13,USA
8176,27,139,375,Cat_27,China
8177,21,13,2604,Cat_21,USA
8178,28,9,493,Cat_28,USA
8179,15,190,1537,Cat_15,China
8180,15,95,2929,Cat_15,China
8181,29,6,2889,Cat_29,India
8182,27,173,2078,Cat_27,USA
8183,28,73,1321,Cat_28,China
8184,9,89,3073,Cat_9,USA
8185,11,117,3150,Cat_11,USA
8186,4,13,4442,Cat_4,USA
8187,28,149,4721,Cat_28,China
8188,18,6,1703,Cat_18,India
8189,27,119,1672,Cat_27,China
8190,25,26,4805,Cat_25,China
8191,14,9,551,Cat_14,USA
8192,26,115,2802,Cat_26,China
8193,2,116,2080,Cat_2,India
8194,7,29,976,Cat_7,India
8195,5,168,2689,Cat_5,China
8196,28,135,2329,Cat_28,China
8197,12,110,2588,Cat_12,India
8198,7,140,4225,Cat_7,India
8199,6,86,2431,Cat_6,USA
8200,29,91,202,Cat_29,India
8201,23,13,3338,Cat_23,USA
8202,27,83,2505,Cat_27,China
8203,3,169,1362,Cat_3,India
8204,27,121,3420,Cat_27,USA
8205,4,74,3047,Cat_4,USA
8206,5,92,4817,Cat_5,USA
8207,3,8,2159,Cat_3,USA
8208,17,164,4320,Cat_17,China
8209,20,66,4818,Cat_20,USA
8210,24,149,3257,Cat_24,China
8211,15,187,2131,Cat_15,India
8212,4,126,4997,Cat_4,USA
8213,29,169,1265,Cat_29,India
8214,13,104,2519,Cat_13,India
8215,13,5,3264,Cat_13,China
8216,22,55,3633,Cat_22,USA
8217,2,150,4124,Cat_2,USA
8218,11,8,3681,Cat_11,USA
8219,12,40,3936,Cat_12,USA
8220,28,102,164,Cat_28,USA
8221,15,145,4235,Cat_15,India
8222,2,85,4960,Cat_2,China
8223,28,105,1373,Cat_28,India
8224,22,141,1373,Cat_22,China
8225,11,124,836,Cat_11,India
8226,18,120,2978,Cat_18,USA
8227,16,11,2800,Cat_16,China
8228,11,1,282,Cat_11,India
8229,10,1,4974,Cat_10,India
8230,16,85,4152,Cat_16,China
8231,22,53,4621,Cat_22,USA
8232,18,199,1919,Cat_18,USA
8233,15,151,2411,Cat_15,India
8234,16,94,1965,Cat_16,India
8235,17,109,2379,Cat_17,USA
8236,15,168,2006,Cat_15,China
8237,23,14,731,Cat_23,China
8238,22,48,2254,Cat_22,China
8239,4,88,3692,Cat_4,India
8240,3,139,3502,Cat_3,China
8241,14,96,2777,Cat_14,USA
8242,28,21,1431,Cat_28,India
8243,11,168,353,Cat_11,China
8244,10,200,4280,Cat_10,India
8245,4,188,2917,Cat_4,China
8246,10,114,2612,Cat_10,USA
8247,29,72,2515,Cat_29,China
8248,27,167,190,Cat_27,China
8249,29,108,3827,Cat_29,USA
8250,23,168,3685,Cat_23,China
8251,24,107,889,Cat_24,China
8252,7,122,2942,Cat_7,India
8253,18,44,1848,Cat_18,China
8254,20,56,1504,Cat_20,India
8255,29,40,1441,Cat_29,USA
8256,4,71,2498,Cat_4,USA
8257,4,197,4095,Cat_4,USA
8258,15,49,1893,Cat_15,India
8259,9,159,4964,Cat_9,India
8260,24,198,3167,Cat_24,China
8261,14,127,2381,Cat_14,USA
8262,11,78,703,Cat_11,India
8263,6,173,2925,Cat_6,USA
8264,3,82,1322,Cat_3,USA
8265,17,44,4868,Cat_17,China
8266,3,3,1146,Cat_3,India
8267,30,123,3554,Cat_30,USA
8268,8,149,1712,Cat_8,China
8269,15,171,4157,Cat_15,China
8270,7,25,835,Cat_7,India
8271,5,48,1000,Cat_5,China
8272,19,125,4977,Cat_19,China
8273,29,134,2602,Cat_29,India
8274,14,60,4461,Cat_14,USA
8275,24,193,1650,Cat_24,China
8276,25,21,4632,Cat_25,India
8277,5,198,3068,Cat_5,China
8278,4,129,2683,Cat_4,China
8279,11,136,1706,Cat_11,India
8280,7,164,4197,Cat_7,China
8281,27,83,1178,Cat_27,China
8282,23,28,882,Cat_23,USA
8283,28,145,998,Cat_28,India
8284,26,144,421,Cat_26,China
8285,21,142,2214,Cat_21,USA
8286,28,67,2162,Cat_28,China
8287,26,171,335,Cat_26,China
8288,4,139,2414,Cat_4,China
8289,9,104,2110,Cat_9,India
8290,8,105,4888,Cat_8,India
8291,23,154,1810,Cat_23,China
8292,14,47,1634,Cat_14,India
8293,25,156,1331,Cat_25,USA
8294,28,53,2678,Cat_28,USA
8295,9,12,645,Cat_9,India
8296,23,48,1234,Cat_23,China
8297,26,71,3887,Cat_26,USA
8298,30,157,3323,Cat_30,USA
8299,8,10,1254,Cat_8,USA
8300,4,177,1635,Cat_4,USA
8301,9,102,2980,Cat_9,USA
8302,22,180,967,Cat_22,USA
8303,16,187,241,Cat_16,India
8304,27,158,2156,Cat_27,China
8305,11,28,3012,Cat_11,USA
8306,16,183,1377,Cat_16,USA
8307,19,47,1827,Cat_19,India
8308,16,98,466,Cat_16,USA
8309,14,152,3398,Cat_14,India
8310,21,184,1566,Cat_21,USA
8311,11,72,3410,Cat_11,China
8312,6,121,2414,Cat_6,USA
8313,8,20,4245,Cat_8,India
8314,9,94,1918,Cat_9,India
8315,3,11,1440,Cat_3,China
8316,20,39,1982,Cat_20,China
8317,20,17,269,Cat_20,India
8318,28,92,169,Cat_28,USA
8319,6,32,1544,Cat_6,China
8320,8,83,3315,Cat_8,China
8321,5,155,980,Cat_5,India
8322,21,199,2085,Cat_21,USA
8323,5,150,1355,Cat_5,USA
8324,19,75,2463,Cat_19,India
8325,13,45,1223,Cat_13,India
8326,6,38,869,Cat_6,China
8327,23,152,2674,Cat_23,India
8328,2,154,3257,Cat_2,China
8329,18,150,2657,Cat_18,USA
8330,1,9,3772,Cat_1,USA
8331,29,192,762,Cat_29,USA
8332,11,28,2663,Cat_11,USA
8333,7,47,903,Cat_7,India
8334,19,82,169,Cat_19,USA
8335,11,199,610,Cat_11,USA
8336,7,187,976,Cat_7,India
8337,11,181,458,Cat_11,India
8338,21,92,2748,Cat_21,USA
8339,18,31,4677,Cat_18,China
8340,7,73,2231,Cat_7,China
8341,16,150,4835,Cat_16,USA
8342,11,102,4706,Cat_11,USA
8343,29,162,4801,Cat_29,China
8344,14,70,1766,Cat_14,India
8345,11,43,2653,Cat_11,USA
8346,29,156,443,Cat_29,USA
8347,30,41,3134,Cat_30,India
8348,29,22,968,Cat_29,India
8349,15,58,2288,Cat_15,India
8350,2,190,4066,Cat_2,China
8351,18,141,4594,Cat_18,China
8352,19,39,2030,Cat_19,China
8353,26,197,3893,Cat_26,USA
8354,27,64,476,Cat_27,China
8355,18,158,3798,Cat_18,China
8356,3,120,3875,Cat_3,USA
8357,11,139,2383,Cat_11,China
8358,2,188,4211,Cat_2,China
8359,25,150,3523,Cat_25,USA
8360,9,25,2410,Cat_9,India
8361,29,125,1048,Cat_29,China
8362,19,156,557,Cat_19,USA
8363,19,98,638,Cat_19,USA
8364,6,40,410,Cat_6,USA
8365,19,75,676,Cat_19,India
8366,6,130,2883,Cat_6,USA
8367,23,154,1409,Cat_23,China
8368,2,81,388,Cat_2,USA
8369,11,98,1815,Cat_11,USA
8370,3,10,1061,Cat_3,USA
8371,12,196,3069,Cat_12,India
8372,1,21,1880,Cat_1,India
8373,29,107,811,Cat_29,China
8374,5,64,1838,Cat_5,China
8375,24,10,3561,Cat_24,USA
8376,10,176,2629,Cat_10,India
8377,19,154,3731,Cat_19,China
8378,16,31,4412,Cat_16,China
8379,21,128,3550,Cat_21,China
8380,14,131,2156,Cat_14,China
8381,16,141,3097,Cat_16,China
8382,27,13,4287,Cat_27,USA
8383,22,17,2298,Cat_22,India
8384,13,76,3555,Cat_13,USA
8385,19,158,4091,Cat_19,China
8386,10,53,3503,Cat_10,USA
8387,27,25,3879,Cat_27,India
8388,15,70,4767,Cat_15,India
8389,18,69,2449,Cat_18,China
8390,26,176,1649,Cat_26,India
8391,10,127,566,Cat_10,USA
8392,22,67,4957,Cat_22,China
8393,16,128,1117,Cat_16,China
8394,7,165,3350,Cat_7,USA
8395,17,191,339,Cat_17,China
8396,9,147,2449,Cat_9,China
8397,4,11,593,Cat_4,China
8398,19,10,198,Cat_19,USA
8399,17,188,997,Cat_17,China
8400,23,172,4592,Cat_23,USA
8401,18,152,566,Cat_18,India
8402,9,118,2947,Cat_9,USA
8403,18,82,4432,Cat_18,USA
8404,15,186,2669,Cat_15,India
8405,14,21,4211,Cat_14,India
8406,17,59,1022,Cat_17,USA
8407,10,9,588,Cat_10,USA
8408,6,59,3659,Cat_6,USA
8409,18,154,2112,Cat_18,China
8410,9,199,1192,Cat_9,USA
8411,9,176,4102,Cat_9,India
8412,9,165,2596,Cat_9,USA
8413,27,140,1008,Cat_27,India
8414,19,108,4093,Cat_19,USA
8415,23,53,1910,Cat_23,USA
8416,7,73,599,Cat_7,China
8417,30,143,1603,Cat_30,USA
8418,28,109,1587,Cat_28,USA
8419,22,145,1405,Cat_22,India
8420,10,143,1571,Cat_10,USA
8421,23,81,4354,Cat_23,USA
8422,6,130,3134,Cat_6,USA
8423,23,137,4868,Cat_23,USA
8424,3,106,3153,Cat_3,China
8425,15,152,4652,Cat_15,India
8426,23,32,294,Cat_23,China
8427,4,189,3396,Cat_4,USA
8428,1,186,2854,Cat_1,India
8429,27,80,3212,Cat_27,China
8430,10,90,4087,Cat_10,China
8431,25,176,944,Cat_25,India
8432,18,199,4695,Cat_18,USA
8433,1,60,2906,Cat_1,USA
8434,17,122,4978,Cat_17,India
8435,18,160,1580,Cat_18,USA
8436,3,130,4072,Cat_3,USA
8437,26,150,3497,Cat_26,USA
8438,1,31,3314,Cat_1,China
8439,22,80,4409,Cat_22,China
8440,6,176,4724,Cat_6,India
8441,22,103,3200,Cat_22,USA
8442,10,55,3536,Cat_10,USA
8443,30,131,3772,Cat_30,China
8444,14,66,1453,Cat_14,USA
8445,15,166,3315,Cat_15,USA
8446,13,141,641,Cat_13,China
8447,19,19,4033,Cat_19,India
8448,10,115,231,Cat_10,China
8449,3,151,3535,Cat_3,India
8450,18,185,2673,Cat_18,USA
8451,5,155,970,Cat_5,India
8452,7,101,3768,Cat_7,USA
8453,23,185,1400,Cat_23,USA
8454,29,6,1587,Cat_29,India
8455,10,41,1656,Cat_10,India
8456,20,107,550,Cat_20,China
8457,22,108,219,Cat_22,USA
8458,3,133,2213,Cat_3,India
8459,18,192,2190,Cat_18,USA
8460,5,57,1163,Cat_5,USA
8461,21,191,2408,Cat_21,China
8462,14,42,4649,Cat_14,China
8463,7,68,3068,Cat_7,China
8464,5,102,1792,Cat_5,USA
8465,10,111,3435,Cat_10,India
8466,30,139,4498,Cat_30,China
8467,6,33,3409,Cat_6,India
8468,5,164,184,Cat_5,China
8469,6,20,2842,Cat_6,India
8470,4,81,924,Cat_4,USA
8471,24,124,4170,Cat_24,India
8472,11,197,4435,Cat_11,USA
8473,4,47,3849,Cat_4,India
8474,8,106,797,Cat_8,China
8475,21,48,3793,Cat_21,China
8476,12,36,3968,Cat_12,India
8477,13,174,4898,Cat_13,China
8478,26,86,3033,Cat_26,USA
8479,20,17,1780,Cat_20,India
8480,16,162,746,Cat_16,China
8481,4,63,792,Cat_4,USA
8482,3,131,2867,Cat_3,China
8483,13,39,3794,Cat_13,China
8484,19,102,4009,Cat_19,USA
8485,8,182,808,Cat_8,India
8486,20,157,4397,Cat_20,USA
8487,19,86,1146,Cat_19,USA
8488,27,18,3054,Cat_27,USA
8489,24,108,4505,Cat_24,USA
8490,18,103,3331,Cat_18,USA
8491,2,45,3283,Cat_2,India
8492,15,128,3297,Cat_15,China
8493,26,143,3579,Cat_26,USA
8494,26,170,1983,Cat_26,USA
8495,30,169,1520,Cat_30,India
8496,23,11,2650,Cat_23,China
8497,3,113,3679,Cat_3,India
8498,12,72,2878,Cat_12,China
8499,9,99,4152,Cat_9,USA
8500,5,192,681,Cat_5,USA
8501,11,71,4614,Cat_11,USA
8502,28,104,2184,Cat_28,India
8503,5,5,4612,Cat_5,China
8504,14,109,2387,Cat_14,USA
8505,26,67,4979,Cat_26,China
8506,29,125,1427,Cat_29,China
8507,13,123,2248,Cat_13,USA
8508,7,143,377,Cat_7,USA
8509,13,122,3894,Cat_13,India
8510,11,85,2840,Cat_11,China
8511,21,2,2113,Cat_21,India
8512,21,114,4333,Cat_21,USA
8513,21,188,590,Cat_21,China
8514,19,65,813,Cat_19,USA
8515,26,107,203,Cat_26,China
8516,5,92,4198,Cat_5,USA
8517,13,161,4535,Cat_13,China
8518,21,185,4458,Cat_21,USA
8519,11,60,1477,Cat_11,USA
8520,8,91,3987,Cat_8,India
8521,23,86,4003,Cat_23,USA
8522,23,172,2227,Cat_23,USA
8523,23,87,3773,Cat_23,India
8524,24,72,604,Cat_24,China
8525,6,46,3264,Cat_6,India
8526,14,164,3260,Cat_14,China
8527,8,77,367,Cat_8,India
8528,1,13,1528,Cat_1,USA
8529,5,91,285,Cat_5,India
8530,18,91,3457,Cat_18,India
8531,6,83,1580,Cat_6,China
8532,12,15,4124,Cat_12,China
8533,12,138,2781,Cat_12,India
8534,15,102,2467,Cat_15,USA
8535,6,1,3961,Cat_6,India
8536,15,187,1424,Cat_15,India
8537,18,110,2102,Cat_18,India
8538,24,64,941,Cat_24,China
8539,23,9,1343,Cat_23,USA
8540,3,21,3774,Cat_3,India
8541,21,84,3537,Cat_21,China
8542,24,62,1221,Cat_24,USA
8543,18,73,183,Cat_18,China
8544,29,185,2039,Cat_29,USA
8545,6,41,2485,Cat_6,India
8546,17,90,4153,Cat_17,China
8547,18,9,2291,Cat_18,USA
8548,27,105,3047,Cat_27,India
8549,2,67,464,Cat_2,China
8550,21,163,1429,Cat_21,China
8551,14,178,927,Cat_14,USA
8552,27,41,3735,Cat_27,India
8553,20,63,1540,Cat_20,USA
8554,14,133,3616,Cat_14,India
8555,13,34,258,Cat_13,India
8556,18,103,4594,Cat_18,USA
8557,18,7,3641,Cat_18,China
8558,20,198,3724,Cat_20,China
8559,13,145,1024,Cat_13,India
8560,25,122,3763,Cat_25,India
8561,18,18,1821,Cat_18,USA
8562,21,12,294,Cat_21,India
8563,1,195,2664,Cat_1,USA
8564,16,170,4808,Cat_16,USA
8565,29,174,1828,Cat_29,China
8566,8,127,1218,Cat_8,USA
8567,30,49,4372,Cat_30,India
8568,6,80,1623,Cat_6,China
8569,4,84,4796,Cat_4,China
8570,9,83,4377,Cat_9,China
8571,13,103,2259,Cat_13,USA
8572,20,169,1816,Cat_20,India
8573,17,193,4160,Cat_17,China
8574,26,25,3368,Cat_26,India
8575,13,190,2309,Cat_13,China
8576,20,29,163,Cat_20,India
8577,27,68,1641,Cat_27,China
8578,16,118,4321,Cat_16,USA
8579,21,142,1583,Cat_21,USA
8580,28,112,2912,Cat_28,China
8581,4,195,522,Cat_4,USA
8582,25,88,770,Cat_25,India
8583,15,68,1390,Cat_15,China
8584,24,112,1724,Cat_24,China
8585,27,144,3313,Cat_27,China
8586,26,120,3819,Cat_26,USA
8587,25,46,3176,Cat_25,India
8588,27,120,1890,Cat_27,USA
8589,19,68,3931,Cat_19,China
8590,24,123,4415,Cat_24,USA
8591,2,124,4873,Cat_2,India
8592,12,72,3466,Cat_12,China
8593,27,174,3625,Cat_27,China
8594,9,55,4227,Cat_9,USA
8595,28,38,3218,Cat_28,China
8596,10,82,3421,Cat_10,USA
8597,17,91,2306,Cat_17,India
8598,28,65,1566,Cat_28,USA
8599,1,113,146,Cat_1,India
8600,27,67,2121,Cat_27,China
8601,11,148,1153,Cat_11,China
8602,13,183,2820,Cat_13,USA
8603,5,187,3667,Cat_5,India
8604,14,162,4777,Cat_14,China
8605,17,168,4420,Cat_17,China
8606,16,133,656,Cat_16,India
8607,15,37,4459,Cat_15,China
8608,14,128,2016,Cat_14,China
8609,27,119,3053,Cat_27,China
8610,8,60,3665,Cat_8,USA
8611,11,143,2630,Cat_11,USA
8612,22,1,548,Cat_22,India
8613,21,106,1532,Cat_21,China
8614,21,89,301,Cat_21,USA
8615,30,188,1250,Cat_30,China
8616,18,27,2728,Cat_18,China
8617,27,164,3905,Cat_27,China
8618,3,148,792,Cat_3,China
8619,17,25,4508,Cat_17,India
8620,15,41,1982,Cat_15,India
8621,8,7,4749,Cat_8,China
8622,12,136,2063,Cat_12,India
8623,12,66,1495,Cat_12,USA
8624,21,91,3984,Cat_21,India
8625,9,104,327,Cat_9,India
8626,20,108,207,Cat_20,USA
8627,16,68,4494,Cat_16,China
8628,27,83,1323,Cat_27,China
8629,16,160,3117,Cat_16,USA
8630,11,108,3204,Cat_11,USA
8631,3,37,3197,Cat_3,China
8632,23,165,4682,Cat_23,USA
8633,24,116,4715,Cat_24,India
8634,28,200,1624,Cat_28,India
8635,21,7,3468,Cat_21,China
8636,30,120,3865,Cat_30,USA
8637,4,91,1275,Cat_4,India
8638,11,63,2535,Cat_11,USA
8639,10,41,1258,Cat_10,India
8640,30,130,1419,Cat_30,USA
8641,12,176,1134,Cat_12,India
8642,20,194,4685,Cat_20,China
8643,19,50,1046,Cat_19,China
8644,11,85,127,Cat_11,China
8645,25,58,2373,Cat_25,India
8646,26,165,3976,Cat_26,USA
8647,18,27,1696,Cat_18,China
8648,17,145,4807,Cat_17,India
8649,28,96,3901,Cat_28,USA
8650,11,37,1360,Cat_11,China
8651,20,110,1589,Cat_20,India
8652,18,121,1108,Cat_18,USA
8653,23,38,3736,Cat_23,China
8654,21,125,3321,Cat_21,China
8655,19,44,3926,Cat_19,China
8656,18,156,2811,Cat_18,USA
8657,17,158,2772,Cat_17,China
8658,5,63,2040,Cat_5,USA
8659,23,96,2564,Cat_23,USA
8660,22,90,4585,Cat_22,China
8661,21,191,1884,Cat_21,China
8662,11,96,1606,Cat_11,USA
8663,6,55,275,Cat_6,USA
8664,23,123,4185,Cat_23,USA
8665,27,161,731,Cat_27,China
8666,21,129,4305,Cat_21,China
8667,8,93,2839,Cat_8,USA
8668,22,173,1480,Cat_22,USA
8669,8,40,4420,Cat_8,USA
8670,27,154,2651,Cat_27,China
8671,2,29,3980,Cat_2,India
8672,15,65,2834,Cat_15,USA
8673,8,108,3717,Cat_8,USA
8674,24,126,1274,Cat_24,USA
8675,11,150,107,Cat_11,USA
8676,17,21,304,Cat_17,India
8677,12,166,4349,Cat_12,USA
8678,28,190,3944,Cat_28,China
8679,22,105,1828,Cat_22,India
8680,5,83,4920,Cat_5,China
8681,7,27,262,Cat_7,China
8682,29,19,2183,Cat_29,India
8683,13,159,4132,Cat_13,India
8684,16,198,2127,Cat_16,China
8685,25,198,704,Cat_25,China
8686,18,66,2098,Cat_18,USA
8687,7,84,1012,Cat_7,China
8688,29,124,2106,Cat_29,India
8689,6,38,2852,Cat_6,China
8690,16,14,3516,Cat_16,China
8691,4,149,3627,Cat_4,China
8692,27,21,2926,Cat_27,India
8693,4,152,1551,Cat_4,India
8694,17,180,1834,Cat_17,USA
8695,14,51,1610,Cat_14,China
8696,5,134,3179,Cat_5,India
8697,5,72,262,Cat_5,China
8698,27,89,1782,Cat_27,USA
8699,1,138,904,Cat_1,India
8700,18,101,4709,Cat_18,USA
8701,27,121,2576,Cat_27,USA
8702,5,110,3165,Cat_5,India
8703,19,98,408,Cat_19,USA
8704,28,94,261,Cat_28,India
8705,28,69,4942,Cat_28,China
8706,26,186,2129,Cat_26,India
8707,10,86,2868,Cat_10,USA
8708,21,64,1037,Cat_21,China
8709,23,22,1936,Cat_23,India
8710,20,174,256,Cat_20,China
8711,6,79,1111,Cat_6,USA
8712,8,67,1708,Cat_8,China
8713,19,37,964,Cat_19,China
8714,13,10,4602,Cat_13,USA
8715,13,139,3417,Cat_13,China
8716,28,61,1157,Cat_28,China
8717,4,38,1177,Cat_4,China
8718,3,26,3063,Cat_3,China
8719,24,13,2301,Cat_24,USA
8720,17,6,1862,Cat_17,India
8721,17,20,2191,Cat_17,India
8722,10,110,3368,Cat_10,India
8723,16,181,785,Cat_16,India
8724,23,37,629,Cat_23,China
8725,9,150,1337,Cat_9,USA
8726,22,198,2890,Cat_22,China
8727,19,154,1873,Cat_19,China
8728,26,108,2617,Cat_26,USA
8729,7,173,2632,Cat_7,USA
8730,16,102,4101,Cat_16,USA
8731,16,9,4660,Cat_16,USA
8732,6,80,1766,Cat_6,China
8733,3,163,3030,Cat_3,China
8734,7,193,1373,Cat_7,China
8735,5,127,3734,Cat_5,USA
8736,13,141,3258,Cat_13,China
8737,15,186,1533,Cat_15,India
8738,6,119,822,Cat_6,China
8739,8,44,3544,Cat_8,China
8740,2,63,2113,Cat_2,USA
8741,2,168,467,Cat_2,China
8742,14,133,808,Cat_14,India
8743,17,86,2617,Cat_17,USA
8744,17,93,589,Cat_17,USA
8745,20,50,207,Cat_20,China
8746,12,25,4905,Cat_12,India
8747,16,171,2092,Cat_16,China
8748,21,25,4077,Cat_21,India
8749,14,14,2259,Cat_14,China
8750,15,49,1580,Cat_15,India
8751,2,27,462,Cat_2,China
8752,22,129,754,Cat_22,China
8753,30,55,574,Cat_30,USA
8754,15,67,806,Cat_15,China
8755,5,67,1431,Cat_5,China
8756,22,85,236,Cat_22,China
8757,22,51,4391,Cat_22,China
8758,4,84,3855,Cat_4,China
8759,21,165,1495,Cat_21,USA
8760,13,22,1608,Cat_13,India
8761,29,37,3432,Cat_29,China
8762,3,134,3304,Cat_3,India
8763,9,44,3623,Cat_9,China
8764,7,148,3583,Cat_7,China
8765,25,179,3260,Cat_25,India
8766,1,44,4074,Cat_1,China
8767,12,123,2298,Cat_12,USA
8768,28,26,2098,Cat_28,China
8769,14,46,3898,Cat_14,India
8770,18,145,2065,Cat_18,India
8771,20,14,2080,Cat_20,China
8772,30,58,4680,Cat_30,India
8773,2,84,3476,Cat_2,China
8774,6,9,3659,Cat_6,USA
8775,27,117,4301,Cat_27,USA
8776,21,109,3822,Cat_21,USA
8777,21,61,535,Cat_21,China
8778,12,143,4032,Cat_12,USA
8779,8,124,2944,Cat_8,India
8780,8,114,4459,Cat_8,USA
8781,9,73,3509,Cat_9,China
8782,13,124,2842,Cat_13,India
8783,13,147,4082,Cat_13,China
8784,2,62,2580,Cat_2,USA
8785,2,162,379,Cat_2,China
8786,12,75,2014,Cat_12,India
8787,21,76,736,Cat_21,USA
8788,2,105,986,Cat_2,India
8789,18,184,420,Cat_18,USA
8790,3,129,3297,Cat_3,China
8791,1,171,4006,Cat_1,China
8792,17,18,3465,Cat_17,USA
8793,3,43,3822,Cat_3,USA
8794,19,86,3179,Cat_19,USA
8795,25,114,1125,Cat_25,USA
8796,14,138,4790,Cat_14,India
8797,6,124,2662,Cat_6,India
8798,5,90,2258,Cat_5,China
8799,4,80,4680,Cat_4,China
8800,4,32,4577,Cat_4,China
8801,18,82,2456,Cat_18,USA
8802,13,65,1663,Cat_13,USA
8803,15,177,407,Cat_15,USA
8804,12,85,2887,Cat_12,China
8805,28,39,2936,Cat_28,China
8806,10,118,3424,Cat_10,USA
8807,15,95,2327,Cat_15,China
8808,6,24,2348,Cat_6,USA
8809,23,71,1968,Cat_23,USA
8810,25,183,1016,Cat_25,USA
8811,18,167,3841,Cat_18,China
8812,6,112,728,Cat_6,China
8813,12,14,4441,Cat_12,China
8814,17,116,3168,Cat_17,India
8815,10,70,3820,Cat_10,India
8816,22,170,4817,Cat_22,USA
8817,22,145,3204,Cat_22,India
8818,21,179,3533,Cat_21,India
8819,26,197,4951,Cat_26,USA
8820,13,119,4035,Cat_13,China
8821,18,144,532,Cat_18,China
8822,20,27,2572,Cat_20,China
8823,23,180,3551,Cat_23,USA
8824,5,88,4155,Cat_5,India
8825,7,44,2224,Cat_7,China
8826,13,97,3640,Cat_13,USA
8827,11,3,207,Cat_11,India
8828,25,158,1989,Cat_25,China
8829,26,60,3036,Cat_26,USA
8830,19,45,4143,Cat_19,India
8831,13,183,2357,Cat_13,USA
8832,12,129,2218,Cat_12,China
8833,22,113,4372,Cat_22,India
8834,12,21,4335,Cat_12,India
8835,26,13,4576,Cat_26,USA
8836,7,120,1736,Cat_7,USA
8837,14,102,4861,Cat_14,USA
8838,15,22,4488,Cat_15,India
8839,2,19,2417,Cat_2,India
8840,22,87,1519,Cat_22,India
8841,24,112,1220,Cat_24,China
8842,20,151,1164,Cat_20,India
8843,12,12,2614,Cat_12,India
8844,8,190,4520,Cat_8,China
8845,2,82,4635,Cat_2,USA
8846,20,169,2763,Cat_20,India
8847,4,18,2461,Cat_4,USA
8848,2,12,2009,Cat_2,India
8849,16,134,4387,Cat_16,India
8850,30,69,2225,Cat_30,China
8851,10,152,4248,Cat_10,India
8852,16,39,3429,Cat_16,China
8853,20,45,2197,Cat_20,India
8854,16,63,203,Cat_16,USA
8855,7,94,3563,Cat_7,India
8856,3,118,3110,Cat_3,USA
8857,29,160,1351,Cat_29,USA
8858,15,5,4900,Cat_15,China
8859,10,198,3923,Cat_10,China
8860,26,89,1275,Cat_26,USA
8861,3,77,918,Cat_3,India
8862,5,72,3390,Cat_5,China
8863,17,73,4817,Cat_17,China
8864,19,117,1242,Cat_19,USA
8865,6,184,738,Cat_6,USA
8866,8,85,3804,Cat_8,China
8867,6,155,3547,Cat_6,India
8868,25,78,2659,Cat_25,India
8869,21,99,2671,Cat_21,USA
8870,3,117,4433,Cat_3,USA
8871,25,4,1484,Cat_25,USA
8872,12,188,299,Cat_12,China
8873,20,155,1662,Cat_20,India
8874,13,110,2367,Cat_13,India
8875,29,46,1858,Cat_29,India
8876,24,183,3648,Cat_24,USA
8877,12,142,1847,Cat_12,USA
8878,18,48,787,Cat_18,China
8879,21,67,3932,Cat_21,China
8880,15,77,4233,Cat_15,India
8881,21,136,1764,Cat_21,India
8882,2,137,1484,Cat_2,USA
8883,24,105,351,Cat_24,India
8884,2,3,4720,Cat_2,India
8885,1,69,2352,Cat_1,China
8886,21,16,3538,Cat_21,India
8887,1,100,3835,Cat_1,USA
8888,22,24,455,Cat_22,USA
8889,12,9,1808,Cat_12,USA
8890,22,102,1623,Cat_22,USA
8891,7,148,4366,Cat_7,China
8892,13,70,1580,Cat_13,India
8893,13,22,4857,Cat_13,India
8894,7,172,2686,Cat_7,USA
8895,1,100,3812,Cat_1,USA
8896,9,110,4517,Cat_9,India
8897,27,35,252,Cat_27,China
8898,16,35,3713,Cat_16,China
8899,7,165,1433,Cat_7,USA
8900,14,118,2943,Cat_14,USA
8901,2,136,310,Cat_2,India
8902,19,102,4704,Cat_19,USA
8903,16,65,839,Cat_16,USA
8904,7,29,4715,Cat_7,India
8905,29,84,2602,Cat_29,China
8906,30,39,1690,Cat_30,China
8907,5,75,2182,Cat_5,India
8908,9,21,3437,Cat_9,India
8909,3,179,120,Cat_3,India
8910,4,24,3822,Cat_4,USA
8911,12,138,2544,Cat_12,India
8912,26,118,293,Cat_26,USA
8913,3,162,1791,Cat_3,China
8914,28,148,4003,Cat_28,China
8915,19,184,3307,Cat_19,USA
8916,25,109,4990,Cat_25,USA
8917,24,104,3272,Cat_24,India
8918,29,95,1166,Cat_29,China
8919,13,198,2017,Cat_13,China
8920,28,26,4369,Cat_28,China
8921,23,75,2303,Cat_23,India
8922,5,190,4797,Cat_5,China
8923,5,16,1601,Cat_5,India
8924,3,36,221,Cat_3,India
8925,22,120,4831,Cat_22,USA
8926,5,165,3019,Cat_5,USA
8927,20,10,4078,Cat_20,USA
8928,21,31,3804,Cat_21,China
8929,25,60,2466,Cat_25,USA
8930,25,75,622,Cat_25,India
8931,25,43,2166,Cat_25,USA
8932,30,125,2808,Cat_30,China
8933,15,141,3043,Cat_15,China
8934,27,189,3257,Cat_27,USA
8935,4,48,1868,Cat_4,China
8936,26,122,4081,Cat_26,India
8937,10,79,2299,Cat_10,USA
8938,28,114,3346,Cat_28,USA
8939,9,73,3463,Cat_9,China
8940,6,31,300,Cat_6,China
8941,24,57,3126,Cat_24,USA
8942,20,56,1913,Cat_20,India
8943,30,44,3074,Cat_30,China
8944,13,168,2864,Cat_13,China
8945,18,11,2685,Cat_18,China
8946,7,137,470,Cat_7,USA
8947,10,79,3436,Cat_10,USA
8948,3,107,4320,Cat_3,China
8949,6,32,4438,Cat_6,China
8950,6,135,2641,Cat_6,China
8951,10,35,3420,Cat_10,China
8952,19,138,1226,Cat_19,India
8953,22,96,4509,Cat_22,USA
8954,15,8,3359,Cat_15,USA
8955,27,82,1270,Cat_27,USA
8956,19,124,4560,Cat_19,India
8957,25,157,1709,Cat_25,USA
8958,2,47,4038,Cat_2,India
8959,26,74,2807,Cat_26,USA
8960,14,66,650,Cat_14,USA
8961,4,179,3816,Cat_4,India
8962,20,91,3579,Cat_20,India
8963,21,55,684,Cat_21,USA
8964,8,161,4324,Cat_8,China
8965,25,73,426,Cat_25,China
8966,6,37,1320,Cat_6,China
8967,12,165,2877,Cat_12,USA
8968,6,189,1551,Cat_6,USA
8969,17,42,870,Cat_17,China
8970,19,29,1379,Cat_19,India
8971,24,133,3075,Cat_24,India
8972,20,94,4830,Cat_20,India
8973,13,163,3025,Cat_13,China
8974,27,168,2577,Cat_27,China
8975,24,45,2236,Cat_24,India
8976,3,115,2131,Cat_3,China
8977,30,53,2326,Cat_30,USA
8978,2,5,561,Cat_2,China
8979,25,99,2208,Cat_25,USA
8980,26,181,171,Cat_26,India
8981,4,103,4861,Cat_4,USA
8982,25,113,2106,Cat_25,India
8983,1,154,1198,Cat_1,China
8984,26,73,2313,Cat_26,China
8985,1,142,596,Cat_1,USA
8986,7,48,3858,Cat_7,China
8987,4,81,204,Cat_4,USA
8988,11,9,2557,Cat_11,USA
8989,20,98,3887,Cat_20,USA
8990,8,89,4046,Cat_8,USA
8991,24,28,4586,Cat_24,USA
8992,20,1,1952,Cat_20,India
8993,21,45,4024,Cat_21,India
8994,7,95,4422,Cat_7,China
8995,22,1,1603,Cat_22,India
8996,8,76,2981,Cat_8,USA
8997,13,137,3735,Cat_13,USA
8998,23,164,1552,Cat_23,China
8999,30,120,310,Cat_30,USA
9000,16,34,4138,Cat_16,India
9001,24,142,1304,Cat_24,USA
9002,29,8,272,Cat_29,USA
9003,15,90,3907,Cat_15,China
9004,22,55,2079,Cat_22,USA
9005,20,84,1964,Cat_20,China
9006,26,158,2078,Cat_26,China
9007,10,162,286,Cat_10,China
9008,23,8,758,Cat_23,USA
9009,14,11,936,Cat_14,China
9010,8,60,448,Cat_8,USA
9011,19,129,4537,Cat_19,China
9012,8,69,4160,Cat_8,China
9013,18,93,1083,Cat_18,USA
9014,26,68,3379,Cat_26,China
9015,1,149,3080,Cat_1,China
9016,18,26,696,Cat_18,China
9017,2,10,2236,Cat_2,USA
9018,12,43,518,Cat_12,USA
9019,18,144,2095,Cat_18,China
9020,19,94,3547,Cat_19,India
9021,16,78,3392,Cat_16,India
9022,29,48,183,Cat_29,China
9023,11,192,2985,Cat_11,USA
9024,24,127,2717,Cat_24,USA
9025,11,121,4369,Cat_11,USA
9026,29,1,3201,Cat_29,India
9027,6,16,1788,Cat_6,India
9028,30,134,4671,Cat_30,India
9029,30,156,3066,Cat_30,USA
9030,18,22,4537,Cat_18,India
9031,20,187,3276,Cat_20,India
9032,30,167,2790,Cat_30,China
9033,9,129,4003,Cat_9,China
9034,24,90,4214,Cat_24,China
9035,25,85,1048,Cat_25,China
9036,8,11,3100,Cat_8,China
9037,22,118,1170,Cat_22,USA
9038,24,59,408,Cat_24,USA
9039,15,118,2434,Cat_15,USA
9040,3,200,1311,Cat_3,India
9041,22,120,2749,Cat_22,USA
9042,23,101,4714,Cat_23,USA
9043,16,14,3042,Cat_16,China
9044,7,35,4670,Cat_7,China
9045,4,150,3001,Cat_4,USA
9046,9,194,3909,Cat_9,China
9047,24,183,3589,Cat_24,USA
9048,27,157,347,Cat_27,USA
9049,23,68,2226,Cat_23,China
9050,9,89,3900,Cat_9,USA
9051,15,91,1078,Cat_15,India
9052,20,56,1443,Cat_20,India
9053,19,55,1915,Cat_19,USA
9054,5,134,2498,Cat_5,India
9055,4,181,1560,Cat_4,India
9056,14,141,2079,Cat_14,China
9057,25,18,3958,Cat_25,USA
9058,3,37,4064,Cat_3,China
9059,3,47,1240,Cat_3,India
9060,5,50,1143,Cat_5,China
9061,15,2,3339,Cat_15,India
9062,15,29,3070,Cat_15,India
9063,19,128,2664,Cat_19,China
9064,11,200,3700,Cat_11,India
9065,14,126,2879,Cat_14,USA
9066,24,5,2194,Cat_24,China
9067,30,169,3682,Cat_30,India
9068,3,151,2702,Cat_3,India
9069,10,152,1031,Cat_10,India
9070,30,123,4186,Cat_30,USA
9071,4,161,2224,Cat_4,China
9072,5,75,3129,Cat_5,India
9073,9,89,1262,Cat_9,USA
9074,10,9,4995,Cat_10,USA
9075,24,53,653,Cat_24,USA
9076,15,171,4671,Cat_15,China
9077,3,38,1078,Cat_3,China
9078,23,44,402,Cat_23,China
9079,2,41,4096,Cat_2,India
9080,9,198,345,Cat_9,China
9081,5,151,1575,Cat_5,India
9082,25,39,214,Cat_25,China
9083,23,163,1191,Cat_23,China
9084,26,71,725,Cat_26,USA
9085,15,95,2384,Cat_15,China
9086,18,99,3368,Cat_18,USA
9087,25,194,2592,Cat_25,China
9088,8,187,913,Cat_8,India
9089,17,145,3604,Cat_17,India
9090,22,200,2309,Cat_22,India
9091,10,128,1859,Cat_10,China
9092,26,194,297,Cat_26,China
9093,19,117,3614,Cat_19,USA
9094,4,54,368,Cat_4,USA
9095,9,100,4159,Cat_9,USA
9096,22,141,126,Cat_22,China
9097,1,32,470,Cat_1,China
9098,20,200,4716,Cat_20,India
9099,12,97,772,Cat_12,USA
9100,5,59,4409,Cat_5,USA
9101,9,26,1247,Cat_9,China
9102,30,180,1836,Cat_30,USA
9103,15,60,2193,Cat_15,USA
9104,9,66,2978,Cat_9,USA
9105,2,1,4403,Cat_2,India
9106,12,186,878,Cat_12,India
9107,3,1,802,Cat_3,India
9108,6,177,1552,Cat_6,USA
9109,22,191,2632,Cat_22,China
9110,26,114,333,Cat_26,USA
9111,1,177,403,Cat_1,USA
9112,11,84,4708,Cat_11,China
9113,29,98,4155,Cat_29,USA
9114,10,75,3712,Cat_10,India
9115,15,31,3322,Cat_15,China
9116,6,173,948,Cat_6,USA
9117,12,139,1223,Cat_12,China
9118,24,137,3959,Cat_24,USA
9119,20,40,768,Cat_20,USA
9120,27,40,1922,Cat_27,USA
9121,21,155,3347,Cat_21,India
9122,6,105,1443,Cat_6,India
9123,13,33,4608,Cat_13,India
9124,28,10,2042,Cat_28,USA
9125,17,177,4694,Cat_17,USA
9126,18,133,4938,Cat_18,India
9127,10,2,3708,Cat_10,India
9128,8,98,2102,Cat_8,USA
9129,4,58,694,Cat_4,India
9130,18,187,2700,Cat_18,India
9131,29,70,4809,Cat_29,India
9132,15,173,1310,Cat_15,USA
9133,3,77,976,Cat_3,India
9134,13,80,3060,Cat_13,China
9135,8,142,4672,Cat_8,USA
9136,15,139,2121,Cat_15,China
9137,2,116,1301,Cat_2,India
9138,12,13,1680,Cat_12,USA
9139,27,168,2964,Cat_27,China
9140,29,111,207,Cat_29,India
9141,17,45,3542,Cat_17,India
9142,10,165,4405,Cat_10,USA
9143,27,23,3365,Cat_27,USA
9144,4,93,3140,Cat_4,USA
9145,5,6,1056,Cat_5,India
9146,22,35,239,Cat_22,China
9147,15,40,3084,Cat_15,USA
9148,1,73,1394,Cat_1,China
9149,5,184,3644,Cat_5,USA
9150,4,139,3889,Cat_4,China
9151,10,105,2550,Cat_10,India
9152,22,108,1944,Cat_22,USA
9153,25,149,735,Cat_25,China
9154,8,45,678,Cat_8,India
9155,4,186,4941,Cat_4,India
9156,11,191,994,Cat_11,China
9157,18,159,447,Cat_18,India
9158,24,68,2640,Cat_24,China
9159,10,148,3531,Cat_10,China
9160,26,71,3283,Cat_26,USA
9161,28,21,4709,Cat_28,India
9162,26,80,749,Cat_26,China
9163,8,122,533,Cat_8,India
9164,18,193,2694,Cat_18,China
9165,1,105,102,Cat_1,India
9166,29,47,3908,Cat_29,India
9167,14,54,1711,Cat_14,USA
9168,9,21,934,Cat_9,India
9169,27,182,1344,Cat_27,India
9170,26,9,4480,Cat_26,USA
9171,27,188,4463,Cat_27,China
9172,14,141,3528,Cat_14,China
9173,4,177,1234,Cat_4,USA
9174,7,59,4557,Cat_7,USA
9175,13,107,3301,Cat_13,China
9176,14,183,4991,Cat_14,USA
9177,4,143,2341,Cat_4,USA
9178,20,85,770,Cat_20,China
9179,1,120,4466,Cat_1,USA
9180,17,48,4922,Cat_17,China
9181,12,90,3796,Cat_12,China
9182,8,78,2797,Cat_8,India
9183,19,58,738,Cat_19,India
9184,14,82,4374,Cat_14,USA
9185,4,179,2400,Cat_4,India
9186,14,33,2304,Cat_14,India
9187,8,125,699,Cat_8,China
9188,9,97,2601,Cat_9,USA
9189,5,171,3031,Cat_5,China
9190,29,176,2055,Cat_29,India
9191,3,92,3161,Cat_3,USA
9192,7,120,3549,Cat_7,USA
9193,14,126,2044,Cat_14,USA
9194,16,161,4030,Cat_16,China
9195,10,145,3891,Cat_10,India
9196,6,137,1004,Cat_6,USA
9197,17,140,4878,Cat_17,India
9198,2,88,4765,Cat_2,India
9199,2,21,993,Cat_2,India
9200,22,18,2174,Cat_22,USA
9201,19,113,2775,Cat_19,India
9202,12,128,1734,Cat_12,China
9203,14,177,3927,Cat_14,USA
9204,2,83,4309,Cat_2,China
9205,11,166,696,Cat_11,USA
9206,30,149,4543,Cat_30,China
9207,23,18,1062,Cat_23,USA
9208,16,24,1048,Cat_16,USA
9209,14,193,4899,Cat_14,China
9210,18,85,1861,Cat_18,China
9211,9,110,3835,Cat_9,India
9212,16,88,3408,Cat_16,India
9213,7,130,2138,Cat_7,USA
9214,6,22,4244,Cat_6,India
9215,22,161,1074,Cat_22,China
9216,5,95,2678,Cat_5,China
9217,30,39,363,Cat_30,China
9218,30,3,3773,Cat_30,India
9219,29,159,578,Cat_29,India
9220,2,12,4848,Cat_2,India
9221,30,179,1880,Cat_30,India
9222,21,166,1175,Cat_21,USA
9223,2,78,3650,Cat_2,India
9224,3,178,2322,Cat_3,USA
9225,26,20,4291,Cat_26,India
9226,22,63,3246,Cat_22,USA
9227,20,22,186,Cat_20,India
9228,8,5,1103,Cat_8,China
9229,9,67,1680,Cat_9,China
9230,5,9,4355,Cat_5,USA
9231,15,158,3215,Cat_15,China
9232,11,116,3763,Cat_11,India
9233,17,122,1899,Cat_17,India
9234,17,85,2641,Cat_17,China
9235,1,42,2642,Cat_1,China
9236,1,131,4691,Cat_1,China
9237,14,33,2999,Cat_14,India
9238,12,25,2333,Cat_12,India
9239,14,154,3249,Cat_14,China
9240,17,167,1391,Cat_17,China
9241,4,21,4722,Cat_4,India
9242,26,99,3593,Cat_26,USA
9243,11,33,2254,Cat_11,India
9244,28,200,2109,Cat_28,India
9245,28,185,4515,Cat_28,USA
9246,5,100,2576,Cat_5,USA
9247,19,155,3972,Cat_19,India
9248,16,15,3407,Cat_16,China
9249,16,71,4990,Cat_16,USA
9250,5,179,540,Cat_5,India
9251,29,52,3283,Cat_29,India
9252,12,147,975,Cat_12,China
9253,9,178,2886,Cat_9,USA
9254,8,122,688,Cat_8,India
9255,9,147,3583,Cat_9,China
9256,5,141,1677,Cat_5,China
9257,7,126,358,Cat_7,USA
9258,1,191,1460,Cat_1,China
9259,10,149,4627,Cat_10,China
9260,23,107,325,Cat_23,China
9261,2,99,3719,Cat_2,USA
9262,21,7,2507,Cat_21,China
9263,18,43,3666,Cat_18,USA
9264,2,196,3604,Cat_2,India
9265,9,78,4884,Cat_9,India
9266,6,191,4236,Cat_6,China
9267,26,125,3788,Cat_26,China
9268,8,75,3523,Cat_8,India
9269,26,163,3877,Cat_26,China
9270,23,108,2034,Cat_23,USA
9271,6,97,2928,Cat_6,USA
9272,10,17,883,Cat_10,India
9273,20,113,4109,Cat_20,India
9274,19,81,1503,Cat_19,USA
9275,14,22,1432,Cat_14,India
9276,4,7,928,Cat_4,China
9277,25,149,4620,Cat_25,China
9278,26,34,2113,Cat_26,India
9279,19,27,4756,Cat_19,China
9280,2,18,4783,Cat_2,USA
9281,8,58,189,Cat_8,India
9282,20,21,2899,Cat_20,India
9283,26,107,2201,Cat_26,China
9284,3,117,1387,Cat_3,USA
9285,11,40,3408,Cat_11,USA
9286,28,138,3702,Cat_28,India
9287,9,140,3331,Cat_9,India
9288,11,150,2540,Cat_11,USA
9289,13,66,3143,Cat_13,USA
9290,12,186,4700,Cat_12,India
9291,3,26,3525,Cat_3,China
9292,9,95,355,Cat_9,China
9293,16,88,3586,Cat_16,India
9294,15,11,4811,Cat_15,China
9295,7,19,4078,Cat_7,India
9296,16,197,624,Cat_16,USA
9297,10,64,1510,Cat_10,China
9298,10,123,4126,Cat_10,USA
9299,25,15,1551,Cat_25,China
9300,25,103,551,Cat_25,USA
9301,22,20,3286,Cat_22,India
9302,3,36,3467,Cat_3,India
9303,16,35,252,Cat_16,China
9304,5,162,1740,Cat_5,China
9305,23,104,2853,Cat_23,India
9306,28,97,4019,Cat_28,USA
9307,8,165,2523,Cat_8,USA
9308,3,179,3133,Cat_3,India
9309,6,112,1176,Cat_6,China
9310,11,139,4663,Cat_11,China
9311,13,167,328,Cat_13,China
9312,8,87,4678,Cat_8,India
9313,27,70,2826,Cat_27,India
9314,24,116,1926,Cat_24,India
9315,6,93,964,Cat_6,USA
9316,9,188,2183,Cat_9,China
9317,7,7,4848,Cat_7,China
9318,5,158,4128,Cat_5,China
9319,9,119,3991,Cat_9,China
9320,5,131,3231,Cat_5,China
9321,7,198,1800,Cat_7,China
9322,18,200,2147,Cat_18,India
9323,19,67,3849,Cat_19,China
9324,24,32,4016,Cat_24,China
9325,22,5,485,Cat_22,China
9326,5,185,4501,Cat_5,USA
9327,27,3,269,Cat_27,India
9328,19,149,3190,Cat_19,China
9329,29,51,814,Cat_29,China
9330,14,118,2688,Cat_14,USA
9331,7,125,4270,Cat_7,China
9332,30,20,112,Cat_30,India
9333,13,108,2711,Cat_13,USA
9334,13,26,1568,Cat_13,China
9335,16,112,4556,Cat_16,China
9336,2,17,4289,Cat_2,India
9337,26,34,1641,Cat_26,India
9338,8,11,1692,Cat_8,China
9339,16,65,3961,Cat_16,USA
9340,8,40,1101,Cat_8,USA
9341,7,28,1301,Cat_7,USA
9342,16,130,771,Cat_16,USA
9343,11,196,3217,Cat_11,India
9344,29,131,4314,Cat_29,China
9345,11,77,4322,Cat_11,India
9346,25,40,4537,Cat_25,USA
9347,1,81,3886,Cat_1,USA
9348,8,69,3564,Cat_8,China
9349,30,156,120,Cat_30,USA
9350,5,7,3828,Cat_5,China
9351,25,38,2523,Cat_25,China
9352,17,148,595,Cat_17,China
9353,25,13,4916,Cat_25,USA
9354,8,144,370,Cat_8,China
9355,15,170,2226,Cat_15,USA
9356,30,72,4496,Cat_30,China
9357,10,89,4731,Cat_10,USA
9358,13,119,1513,Cat_13,China
9359,30,198,3894,Cat_30,China
9360,27,30,2626,Cat_27,India
9361,25,184,2556,Cat_25,USA
9362,4,82,4160,Cat_4,USA
9363,15,61,3491,Cat_15,China
9364,22,94,4406,Cat_22,India
9365,18,132,3365,Cat_18,China
9366,25,21,1658,Cat_25,India
9367,11,43,4677,Cat_11,USA
9368,2,67,4429,Cat_2,China
9369,20,96,3892,Cat_20,USA
9370,30,14,3083,Cat_30,China
9371,19,193,3017,Cat_19,China
9372,9,106,4218,Cat_9,China
9373,25,4,1356,Cat_25,USA
9374,13,51,4556,Cat_13,China
9375,10,109,4739,Cat_10,USA
9376,2,122,3779,Cat_2,India
9377,3,123,930,Cat_3,USA
9378,6,192,1687,Cat_6,USA
9379,15,179,3899,Cat_15,India
9380,8,102,2647,Cat_8,USA
9381,8,47,1295,Cat_8,India
9382,16,50,4732,Cat_16,China
9383,16,195,1136,Cat_16,USA
9384,29,20,2302,Cat_29,India
9385,26,114,4075,Cat_26,USA
9386,9,157,931,Cat_9,USA
9387,22,165,478,Cat_22,USA
9388,13,64,3232,Cat_13,China
9389,2,55,4263,Cat_2,USA
9390,10,181,2715,Cat_10,India
9391,2,36,1203,Cat_2,India
9392,15,68,3606,Cat_15,China
9393,24,86,790,Cat_24,USA
9394,26,105,1481,Cat_26,India
9395,5,34,4294,Cat_5,India
9396,12,199,1221,Cat_12,USA
9397,19,8,4117,Cat_19,USA
9398,25,197,2072,Cat_25,USA
9399,5,97,4651,Cat_5,USA
9400,15,24,3498,Cat_15,USA
9401,19,124,3307,Cat_19,India
9402,9,197,1976,Cat_9,USA
9403,30,182,2765,Cat_30,India
9404,12,157,2725,Cat_12,USA
9405,18,188,3097,Cat_18,China
9406,2,37,2731,Cat_2,China
9407,23,137,2481,Cat_23,USA
9408,29,1,4469,Cat_29,India
9409,5,69,320,Cat_5,China
9410,16,155,1362,Cat_16,India
9411,25,8,3494,Cat_25,USA
9412,25,16,3209,Cat_25,India
9413,10,47,2088,Cat_10,India
9414,7,82,3517,Cat_7,USA
9415,14,90,2639,Cat_14,China
9416,7,18,328,Cat_7,USA
9417,27,189,2914,Cat_27,USA
9418,10,46,1276,Cat_10,India
9419,5,147,3080,Cat_5,China
9420,6,127,3547,Cat_6,USA
9421,19,186,3059,Cat_19,India
9422,18,130,4406,Cat_18,USA
9423,14,69,818,Cat_14,China
9424,28,66,2690,Cat_28,USA
9425,13,130,4085,Cat_13,USA
9426,17,84,707,Cat_17,China
9427,13,88,2894,Cat_13,India
9428,7,57,1841,Cat_7,USA
9429,19,30,802,Cat_19,India
9430,3,95,4271,Cat_3,China
9431,11,19,2961,Cat_11,India
9432,19,24,4031,Cat_19,USA
9433,17,173,587,Cat_17,USA
9434,11,152,3642,Cat_11,India
9435,20,67,3578,Cat_20,China
9436,4,56,2579,Cat_4,India
9437,28,6,4483,Cat_28,India
9438,16,77,3518,Cat_16,India
9439,22,125,2397,Cat_22,China
9440,12,4,1111,Cat_12,USA
9441,24,167,2242,Cat_24,China
9442,20,24,4997,Cat_20,USA
9443,28,4,1852,Cat_28,USA
9444,10,112,3420,Cat_10,China
9445,15,59,670,Cat_15,USA
9446,28,125,3309,Cat_28,China
9447,18,120,424,Cat_18,USA
9448,14,142,603,Cat_14,USA
9449,24,193,2531,Cat_24,China
9450,29,26,2054,Cat_29,China
9451,13,18,3040,Cat_13,USA
9452,16,175,1780,Cat_16,India
9453,9,49,2955,Cat_9,India
9454,20,46,1284,Cat_20,India
9455,5,147,3130,Cat_5,China
9456,30,135,2063,Cat_30,China
9457,24,130,3025,Cat_24,USA
9458,7,40,585,Cat_7,USA
9459,20,199,728,Cat_20,USA
9460,9,110,3276,Cat_9,India
9461,9,106,3828,Cat_9,China
9462,5,35,1864,Cat_5,China
9463,30,194,2526,Cat_30,China
9464,2,5,3348,Cat_2,China
9465,7,194,3730,Cat_7,China
9466,2,59,2989,Cat_2,USA
9467,11,50,4121,Cat_11,China
9468,7,117,3090,Cat_7,USA
9469,22,21,3810,Cat_22,India
9470,15,101,3538,Cat_15,USA
9471,4,92,2193,Cat_4,USA
9472,6,5,1963,Cat_6,China
9473,12,57,4060,Cat_12,USA
9474,4,28,4932,Cat_4,USA
9475,1,94,4633,Cat_1,India
9476,18,152,4742,Cat_18,India
9477,21,21,1858,Cat_21,India
9478,26,148,2290,Cat_26,China
9479,9,174,4779,Cat_9,China
9480,4,63,3036,Cat_4,USA
9481,21,115,2537,Cat_21,China
9482,6,104,730,Cat_6,India
9483,12,7,4452,Cat_12,China
9484,6,32,567,Cat_6,China
9485,13,17,892,Cat_13,India
9486,30,84,4317,Cat_30,China
9487,5,98,1547,Cat_5,USA
9488,29,99,2018,Cat_29,USA
9489,28,10,1279,Cat_28,USA
9490,23,42,883,Cat_23,China
9491,8,191,4580,Cat_8,China
9492,14,199,4053,Cat_14,USA
9493,4,195,308,Cat_4,USA
9494,23,173,2873,Cat_23,USA
9495,25,141,835,Cat_25,China
9496,29,94,2617,Cat_29,India
9497,19,40,230,Cat_19,USA
9498,2,184,4280,Cat_2,USA
9499,6,17,2149,Cat_6,India
9500,7,142,2697,Cat_7,USA
9501,28,127,1913,Cat_28,USA
9502,21,57,4170,Cat_21,USA
9503,7,44,790,Cat_7,China
9504,12,33,556,Cat_12,India
9505,5,169,1512,Cat_5,India
9506,29,151,3105,Cat_29,India
9507,9,109,678,Cat_9,USA
9508,22,154,4416,Cat_22,China
9509,13,183,1524,Cat_13,USA
9510,3,142,3179,Cat_3,USA
9511,30,79,1676,Cat_30,USA
9512,25,151,2962,Cat_25,India
9513,28,51,3934,Cat_28,China
9514,16,18,3317,Cat_16,USA
9515,2,98,317,Cat_2,USA
9516,29,66,3009,Cat_29,USA
9517,11,182,2811,Cat_11,India
9518,29,57,2375,Cat_29,USA
9519,23,161,4697,Cat_23,China
9520,17,171,707,Cat_17,China
9521,13,149,2825,Cat_13,China
9522,24,40,4371,Cat_24,USA
9523,11,63,651,Cat_11,USA
9524,3,17,3657,Cat_3,India
9525,23,107,3254,Cat_23,China
9526,27,13,1945,Cat_27,USA
9527,30,5,4953,Cat_30,China
9528,21,11,4677,Cat_21,China
9529,12,172,4151,Cat_12,USA
9530,9,106,1994,Cat_9,China
9531,6,11,3530,Cat_6,China
9532,24,37,2019,Cat_24,China
9533,30,139,1813,Cat_30,China
9534,8,137,1296,Cat_8,USA
9535,15,170,4445,Cat_15,USA
9536,17,167,2668,Cat_17,China
9537,24,189,2526,Cat_24,USA
9538,16,125,4410,Cat_16,China
9539,2,90,787,Cat_2,China
9540,5,68,2982,Cat_5,China
9541,7,43,1202,Cat_7,USA
9542,1,38,2091,Cat_1,China
9543,21,64,4943,Cat_21,China
9544,21,200,2726,Cat_21,India
9545,30,45,1643,Cat_30,India
9546,20,195,3973,Cat_20,USA
9547,27,102,3533,Cat_27,USA
9548,6,40,3833,Cat_6,USA
9549,16,100,336,Cat_16,USA
9550,4,130,4988,Cat_4,USA
9551,9,27,2805,Cat_9,China
9552,8,131,4599,Cat_8,China
9553,1,56,4027,Cat_1,India
9554,24,56,226,Cat_24,India
9555,8,141,3804,Cat_8,China
9556,16,106,4871,Cat_16,China
9557,21,58,4439,Cat_21,India
9558,8,138,1062,Cat_8,India
9559,11,88,4934,Cat_11,India
9560,28,27,4715,Cat_28,China
9561,27,173,733,Cat_27,USA
9562,22,178,3393,Cat_22,USA
9563,5,121,1774,Cat_5,USA
9564,13,27,1256,Cat_13,China
9565,15,156,910,Cat_15,USA
9566,27,22,2139,Cat_27,India
9567,25,54,4868,Cat_25,USA
9568,23,196,409,Cat_23,India
9569,20,17,4474,Cat_20,India
9570,11,51,3733,Cat_11,China
9571,3,77,4533,Cat_3,India
9572,5,188,887,Cat_5,China
9573,26,17,3631,Cat_26,India
9574,25,84,4472,Cat_25,China
9575,8,160,697,Cat_8,USA
9576,16,51,1016,Cat_16,China
9577,8,116,2023,Cat_8,India
9578,17,8,1261,Cat_17,USA
9579,9,42,1974,Cat_9,China
9580,30,11,200,Cat_30,China
9581,2,20,3324,Cat_2,India
9582,10,36,2865,Cat_10,India
9583,24,73,4520,Cat_24,China
9584,18,111,4236,Cat_18,India
9585,27,2,2995,Cat_27,India
9586,17,173,151,Cat_17,USA
9587,7,139,2076,Cat_7,China
9588,7,177,902,Cat_7,USA
9589,2,62,4937,Cat_2,USA
9590,27,173,1994,Cat_27,USA
9591,26,109,3939,Cat_26,USA
9592,23,63,4597,Cat_23,USA
9593,28,135,3958,Cat_28,China
9594,3,125,3146,Cat_3,China
9595,8,115,1330,Cat_8,China
9596,18,177,1576,Cat_18,USA
9597,5,125,4023,Cat_5,China
9598,16,149,2287,Cat_16,China
9599,29,143,4525,Cat_29,USA
9600,11,165,2482,Cat_11,USA
9601,23,22,3139,Cat_23,India
9602,12,48,308,Cat_12,China
9603,25,27,2178,Cat_25,China
9604,23,119,2432,Cat_23,China
9605,4,1,3194,Cat_4,India
9606,4,159,247,Cat_4,India
9607,13,191,4181,Cat_13,China
9608,16,107,3140,Cat_16,China
9609,22,112,2582,Cat_22,China
9610,3,142,4029,Cat_3,USA
9611,29,15,2132,Cat_29,China
9612,22,74,1284,Cat_22,USA
9613,19,94,4070,Cat_19,India
9614,26,1,3266,Cat_26,India
9615,18,51,945,Cat_18,China
9616,26,39,357,Cat_26,China
9617,27,121,4884,Cat_27,USA
9618,22,187,212,Cat_22,India
9619,21,60,3657,Cat_21,USA
9620,28,193,1594,Cat_28,China
9621,6,86,1742,Cat_6,USA
9622,17,105,1719,Cat_17,India
9623,13,136,2919,Cat_13,India
9624,17,18,2001,Cat_17,USA
9625,29,166,2913,Cat_29,USA
9626,22,34,1717,Cat_22,India
9627,6,102,1676,Cat_6,USA
9628,5,91,2057,Cat_5,India
9629,17,181,748,Cat_17,India
9630,6,17,3898,Cat_6,India
9631,1,26,1924,Cat_1,China
9632,3,45,3600,Cat_3,India
9633,27,56,4654,Cat_27,India
9634,27,47,4953,Cat_27,India
9635,19,112,976,Cat_19,China
9636,6,123,1563,Cat_6,USA
9637,9,197,1157,Cat_9,USA
9638,19,111,2692,Cat_19,India
9639,10,189,4977,Cat_10,USA
9640,28,93,1966,Cat_28,USA
9641,17,109,2544,Cat_17,USA
9642,17,44,142,Cat_17,China
9643,7,53,1305,Cat_7,USA
9644,9,177,435,Cat_9,USA
9645,9,169,3035,Cat_9,India
9646,11,27,2308,Cat_11,China
9647,21,125,2407,Cat_21,China
9648,13,38,2066,Cat_13,China
9649,30,193,3548,Cat_30,China
9650,7,162,951,Cat_7,China
9651,10,187,3928,Cat_10,India
9652,15,2,2619,Cat_15,India
9653,20,29,4169,Cat_20,India
9654,20,121,671,Cat_20,USA
9655,23,30,2634,Cat_23,India
9656,20,151,1380,Cat_20,India
9657,30,129,1942,Cat_30,China
9658,15,190,3001,Cat_15,China
9659,9,44,3295,Cat_9,China
9660,24,112,1877,Cat_24,China
9661,27,158,2644,Cat_27,China
9662,11,51,349,Cat_11,China
9663,22,83,962,Cat_22,China
9664,19,18,4239,Cat_19,USA
9665,28,82,4861,Cat_28,USA
9666,7,170,4987,Cat_7,USA
9667,7,38,1894,Cat_7,China
9668,8,191,376,Cat_8,China
9669,28,20,826,Cat_28,India
9670,16,125,3912,Cat_16,China
9671,25,5,1621,Cat_25,China
9672,23,130,512,Cat_23,USA
9673,15,80,4621,Cat_15,China
9674,26,3,804,Cat_26,India
9675,24,80,4563,Cat_24,China
9676,19,10,3637,Cat_19,USA
9677,15,154,2671,Cat_15,China
9678,24,11,2750,Cat_24,China
9679,23,28,2546,Cat_23,USA
9680,7,83,2836,Cat_7,China
9681,2,11,2222,Cat_2,China
9682,17,54,1196,Cat_17,USA
9683,9,49,4034,Cat_9,India
9684,21,53,881,Cat_21,USA
9685,27,186,1536,Cat_27,India
9686,15,161,2642,Cat_15,China
9687,12,167,4681,Cat_12,China
9688,4,145,4559,Cat_4,India
9689,23,64,2481,Cat_23,China
9690,24,21,610,Cat_24,India
9691,23,107,1769,Cat_23,China
9692,7,10,2709,Cat_7,USA
9693,26,20,1593,Cat_26,India
9694,8,9,4677,Cat_8,USA
9695,26,52,456,Cat_26,India
9696,8,149,3556,Cat_8,China
9697,30,9,2955,Cat_30,USA
9698,9,152,4672,Cat_9,India
9699,7,162,2877,Cat_7,China
9700,2,17,1573,Cat_2,India
9701,3,35,1566,Cat_3,China
9702,22,54,3597,Cat_22,USA
9703,27,96,3490,Cat_27,USA
9704,5,196,2579,Cat_5,India
9705,28,136,893,Cat_28,India
9706,19,32,4810,Cat_19,China
9707,20,72,4896,Cat_20,China
9708,28,196,885,Cat_28,India
9709,29,82,2041,Cat_29,USA
9710,18,189,3715,Cat_18,USA
9711,9,85,159,Cat_9,China
9712,12,6,2064,Cat_12,India
9713,15,77,284,Cat_15,India
9714,22,150,4948,Cat_22,USA
9715,29,127,1697,Cat_29,USA
9716,22,14,1942,Cat_22,China
9717,3,108,963,Cat_3,USA
9718,23,9,3596,Cat_23,USA
9719,6,186,4117,Cat_6,India
9720,20,3,478,Cat_20,India
9721,25,102,3575,Cat_25,USA
9722,12,185,2074,Cat_12,USA
9723,23,52,2190,Cat_23,India
9724,25,8,2160,Cat_25,USA
9725,9,4,1540,Cat_9,USA
9726,8,67,4580,Cat_8,China
9727,6,8,2766,Cat_6,USA
9728,5,176,4436,Cat_5,India
9729,10,189,4960,Cat_10,USA
9730,26,78,1018,Cat_26,India
9731,6,83,1855,Cat_6,China
9732,13,81,4475,Cat_13,USA
9733,22,104,616,Cat_22,India
9734,6,170,2180,Cat_6,USA
9735,7,177,2957,Cat_7,USA
9736,26,103,1581,Cat_26,USA
9737,29,12,4502,Cat_29,India
9738,23,32,2773,Cat_23,China
9739,18,72,2528,Cat_18,China
9740,30,141,442,Cat_30,China
9741,16,65,4036,Cat_16,USA
9742,12,149,2273,Cat_12,China
9743,21,149,1200,Cat_21,China
9744,7,172,1507,Cat_7,USA
9745,14,109,4103,Cat_14,USA
9746,1,105,2690,Cat_1,India
9747,24,41,4426,Cat_24,India
9748,2,177,2214,Cat_2,USA
9749,6,22,2542,Cat_6,India
9750,30,91,4684,Cat_30,India
9751,17,52,2106,Cat_17,India
9752,6,189,4928,Cat_6,USA
9753,14,2,4947,Cat_14,India
9754,10,124,3137,Cat_10,India
9755,30,43,2149,Cat_30,USA
9756,11,195,940,Cat_11,USA
9757,10,168,4114,Cat_10,China
9758,26,21,3043,Cat_26,India
9759,20,18,2440,Cat_20,USA
9760,16,127,350,Cat_16,USA
9761,14,59,3124,Cat_14,USA
9762,7,138,456,Cat_7,India
9763,28,129,1929,Cat_28,China
9764,4,157,2912,Cat_4,USA
9765,12,16,864,Cat_12,India
9766,19,189,521,Cat_19,USA
9767,28,115,1883,Cat_28,China
9768,5,195,4119,Cat_5,USA
9769,24,157,766,Cat_24,USA
9770,12,196,404,Cat_12,India
9771,11,8,1114,Cat_11,USA
9772,16,11,1019,Cat_16,China
9773,6,134,1789,Cat_6,India
9774,19,194,962,Cat_19,China
9775,19,199,2723,Cat_19,USA
9776,20,108,4832,Cat_20,USA
9777,10,50,4260,Cat_10,China
9778,7,132,1918,Cat_7,China
9779,17,47,4520,Cat_17,India
9780,22,172,538,Cat_22,USA
9781,26,20,798,Cat_26,India
9782,8,108,557,Cat_8,USA
9783,10,182,1380,Cat_10,India
9784,19,71,2306,Cat_19,USA
9785,22,59,2217,Cat_22,USA
9786,13,38,3858,Cat_13,China
9787,24,77,918,Cat_24,India
9788,25,165,1180,Cat_25,USA
9789,17,77,3008,Cat_17,India
9790,7,22,2349,Cat_7,India
9791,1,194,2748,Cat_1,China
9792,23,9,2428,Cat_23,USA
9793,27,140,2353,Cat_27,India
9794,8,91,2398,Cat_8,India
9795,29,199,1119,Cat_29,USA
9796,26,65,2300,Cat_26,USA
9797,28,176,299,Cat_28,India
9798,12,161,1083,Cat_12,China
9799,7,11,1678,Cat_7,China
9800,27,74,1399,Cat_27,USA
9801,9,1,4102,Cat_9,India
9802,15,42,4232,Cat_15,China
9803,26,20,633,Cat_26,India
9804,25,39,3383,Cat_25,China
9805,13,23,2791,Cat_13,USA
9806,9,112,2691,Cat_9,China
9807,4,22,3812,Cat_4,India
9808,25,137,1366,Cat_25,USA
9809,4,118,4236,Cat_4,USA
9810,1,93,271,Cat_1,USA
9811,3,197,4881,Cat_3,USA
9812,1,50,591,Cat_1,China
9813,20,51,1286,Cat_20,China
9814,26,189,1541,Cat_26,USA
9815,2,89,512,Cat_2,USA
9816,18,13,1889,Cat_18,USA
9817,14,171,910,Cat_14,China
9818,14,83,2526,Cat_14,China
9819,14,37,1500,Cat_14,China
9820,12,185,4618,Cat_12,USA
9821,9,117,642,Cat_9,USA
9822,10,17,3489,Cat_10,India
9823,28,16,4250,Cat_28,India
9824,24,62,3856,Cat_24,USA
9825,25,73,1363,Cat_25,China
9826,7,187,1577,Cat_7,India
9827,4,78,336,Cat_4,India
9828,26,21,2916,Cat_26,India
9829,15,155,1215,Cat_15,India
9830,5,119,2351,Cat_5,China
9831,12,20,1091,Cat_12,India
9832,21,46,3548,Cat_21,India
9833,27,72,964,Cat_27,China
9834,8,175,2384,Cat_8,India
9835,10,115,4756,Cat_10,China
9836,4,44,1390,Cat_4,China
9837,28,163,3292,Cat_28,China
9838,21,51,4863,Cat_21,China
9839,12,33,1665,Cat_12,India
9840,4,27,4569,Cat_4,China
9841,13,70,2960,Cat_13,India
9842,1,58,4506,Cat_1,India
9843,29,98,1230,Cat_29,USA
9844,4,62,1300,Cat_4,USA
9845,22,194,3904,Cat_22,China
9846,26,94,3018,Cat_26,India
9847,21,87,240,Cat_21,India
9848,3,148,3075,Cat_3,China
9849,2,118,1487,Cat_2,USA
9850,11,102,3679,Cat_11,USA
9851,29,42,4989,Cat_29,China
9852,9,34,3978,Cat_9,India
9853,5,83,4173,Cat_5,China
9854,24,70,4359,Cat_24,India
9855,7,4,417,Cat_7,USA
9856,11,61,424,Cat_11,China
9857,11,10,1649,Cat_11,USA
9858,15,118,4966,Cat_15,USA
9859,9,86,2944,Cat_9,USA
9860,13,164,1741,Cat_13,China
9861,1,23,978,Cat_1,USA
9862,13,156,2430,Cat_13,USA
9863,14,129,105,Cat_14,China
9864,7,89,4375,Cat_7,USA
9865,7,157,2337,Cat_7,USA
9866,10,107,3770,Cat_10,China
9867,5,45,2374,Cat_5,India
9868,11,182,1035,Cat_11,India
9869,8,62,3188,Cat_8,USA
9870,16,97,1768,Cat_16,USA
9871,1,190,2315,Cat_1,China
9872,30,13,4806,Cat_30,USA
9873,9,31,4356,Cat_9,China
9874,19,183,3631,Cat_19,USA
9875,3,19,262,Cat_3,India
9876,4,182,1739,Cat_4,India
9877,23,16,3274,Cat_23,India
9878,22,28,1438,Cat_22,USA
9879,7,92,3641,Cat_7,USA
9880,9,45,1855,Cat_9,India
9881,17,102,2711,Cat_17,USA
9882,3,76,3875,Cat_3,USA
9883,17,111,3334,Cat_17,India
9884,14,78,4855,Cat_14,India
9885,30,15,2552,Cat_30,China
9886,12,62,270,Cat_12,USA
9887,23,120,1075,Cat_23,USA
9888,23,101,1230,Cat_23,USA
9889,18,193,790,Cat_18,China
9890,29,3,3640,Cat_29,India
9891,20,123,640,Cat_20,USA
9892,8,174,3212,Cat_8,China
9893,12,125,2809,Cat_12,China
9894,22,1,883,Cat_22,India
9895,29,67,2433,Cat_29,China
9896,9,61,313,Cat_9,China
9897,22,49,674,Cat_22,India
9898,20,49,3714,Cat_20,India
9899,24,83,987,Cat_24,China
9900,1,37,3438,Cat_1,China
9901,1,50,2009,Cat_1,China
9902,15,39,3208,Cat_15,China
9903,13,77,4343,Cat_13,India
9904,25,67,3701,Cat_25,China
9905,10,165,2379,Cat_10,USA
9906,22,17,1737,Cat_22,India
9907,11,178,4872,Cat_11,USA
9908,21,57,4186,Cat_21,USA
9909,19,126,353,Cat_19,USA
9910,8,91,3118,Cat_8,India
9911,22,65,4160,Cat_22,USA
9912,8,164,1042,Cat_8,China
9913,1,37,956,Cat_1,China
9914,5,153,851,Cat_5,USA
9915,22,25,1921,Cat_22,India
9916,2,23,232,Cat_2,USA
9917,30,70,2617,Cat_30,India
9918,27,21,953,Cat_27,India
9919,5,5,2467,Cat_5,China
9920,23,10,3406,Cat_23,USA
9921,15,131,2521,Cat_15,China
9922,8,146,972,Cat_8,USA
9923,3,97,3955,Cat_3,USA
9924,28,153,2140,Cat_28,USA
9925,4,27,4862,Cat_4,China
9926,16,103,4958,Cat_16,USA
9927,26,21,928,Cat_26,India
9928,20,157,4155,Cat_20,USA
9929,17,69,1375,Cat_17,China
9930,3,39,2275,Cat_3,China
9931,28,58,4392,Cat_28,India
9932,17,155,4636,Cat_17,India
9933,12,1,916,Cat_12,India
9934,19,128,2047,Cat_19,China
9935,18,78,2549,Cat_18,India
9936,16,45,488,Cat_16,India
9937,11,142,2580,Cat_11,USA
9938,25,14,1510,Cat_25,China
9939,16,71,2895,Cat_16,USA
9940,11,192,4863,Cat_11,USA
9941,22,132,2342,Cat_22,China
9942,12,191,2953,Cat_12,China
9943,24,133,2691,Cat_24,India
9944,17,79,283,Cat_17,USA
9945,3,191,2530,Cat_3,China
9946,21,177,3928,Cat_21,USA
9947,3,178,3805,Cat_3,USA
9948,24,81,1986,Cat_24,USA
9949,19,122,4027,Cat_19,India
9950,6,80,1417,Cat_6,China
9951,5,138,4854,Cat_5,India
9952,8,110,448,Cat_8,India
9953,20,7,3439,Cat_20,China
9954,2,190,3025,Cat_2,China
9955,5,56,624,Cat_5,India
9956,17,132,3410,Cat_17,China
9957,11,112,2067,Cat_11,China
9958,28,196,909,Cat_28,India
9959,22,25,118,Cat_22,India
9960,30,54,2601,Cat_30,USA
9961,4,68,1241,Cat_4,China
9962,3,131,4419,Cat_3,China
9963,10,37,1150,Cat_10,China
9964,27,132,3742,Cat_27,China
9965,12,77,4418,Cat_12,India
9966,20,117,626,Cat_20,USA
9967,18,1,719,Cat_18,India
9968,3,114,1699,Cat_3,USA
9969,22,173,3859,Cat_22,USA
9970,22,38,4547,Cat_22,China
9971,4,98,4863,Cat_4,USA
9972,5,121,2755,Cat_5,USA
9973,15,162,3927,Cat_15,China
9974,3,82,4218,Cat_3,USA
9975,19,164,2926,Cat_19,China
9976,10,8,4446,Cat_10,USA
9977,12,161,4105,Cat_12,China
9978,3,14,2228,Cat_3,China
9979,6,31,3651,Cat_6,China
9980,14,98,3566,Cat_14,USA
9981,25,190,1911,Cat_25,China
9982,17,173,1076,Cat_17,USA
9983,16,26,2641,Cat_16,China
9984,20,173,4468,Cat_20,USA
9985,19,70,1157,Cat_19,India
9986,28,99,2041,Cat_28,USA
9987,13,155,3470,Cat_13,India
9988,16,128,1622,Cat_16,China
9989,19,34,434,Cat_19,India
9990,9,140,4903,Cat_9,India
9991,10,54,334,Cat_10,USA
9992,6,29,1002,Cat_6,India
9993,1,109,616,Cat_1,USA
9994,5,136,580,Cat_5,India
9995,9,126,1175,Cat_9,USA
9996,15,197,2558,Cat_15,USA
9997,20,156,2516,Cat_20,USA
9998,9,44,1668,Cat_9,China
9999,18,93,3895,Cat_18,USA
10000,1,18,4711,Cat_1,USA
